unidade;ano;mes;setor_centro_custo;saidas
CHPB;2019;1;CAC - CENTRO DE ACOLHIMENTO DE CRISE;30
CHPB;2019;1;UIC - UNIDADE INTERCORRENCIAS CLINICAS;1
CHPB;2019;1;UNIDADE INTERNAÇÃO - PSIQUIATRIA CASA LAR 2;1
CHPB;2019;1;UNIDADE INTERNAÇÃO - PSIQUIATRIA MÓDULO RESIDENCIAL 2;1
CHPB;2019;2;CAC - CENTRO DE ACOLHIMENTO DE CRISE;30
CHPB;2019;2;UIC - UNIDADE INTERCORRENCIAS CLINICAS;1
CHPB;2019;2;UNIDADE INTERNAÇÃO - PSIQUIATRIA CASA LAR 3;1
CHPB;2019;2;UNIDADE INTERNAÇÃO - PSIQUIATRIA MÓDULO RESIDENCIAL 2;3
CHPB;2019;2;UNIDADE INTERNAÇÃO - PSIQUIATRIA MÓDULO RESIDENCIAL 4;1
CHPB;2019;3;CAC - CENTRO DE ACOLHIMENTO DE CRISE;24
CHPB;2019;3;UIC - UNIDADE INTERCORRENCIAS CLINICAS;2
CHPB;2019;3;UNIDADE INTERNAÇÃO - PSIQUIATRIA CASA LAR 2;1
CHPB;2019;4;CAC - CENTRO DE ACOLHIMENTO DE CRISE;20
CHPB;2019;4;UIC - UNIDADE INTERCORRENCIAS CLINICAS;1
CHPB;2019;5;AMBULATORIO DE SAUDE MENTAL;1
CHPB;2019;5;CAC - CENTRO DE ACOLHIMENTO DE CRISE;32
CHPB;2019;5;UNIDADE INTERNAÇÃO - PSIQUIATRIA MÓDULO RESIDENCIAL 3;1
CHPB;2019;5;UNIDADE INTERNAÇÃO - PSIQUIATRIA MÓDULO RESIDENCIAL 5;3
CHPB;2019;6;CAC - CENTRO DE ACOLHIMENTO DE CRISE;23
CHPB;2019;6;UNIDADE INTERNAÇÃO - PSIQUIATRIA MÓDULO RESIDENCIAL 5;3
CHPB;2019;7;CAC - CENTRO DE ACOLHIMENTO DE CRISE;23
CHPB;2019;7;UNIDADE INTERNAÇÃO - PSIQUIATRIA CASA LAR 1;1
CHPB;2019;7;UNIDADE INTERNAÇÃO - PSIQUIATRIA MÓDULO RESIDENCIAL 4;1
CHPB;2019;8;CAC - CENTRO DE ACOLHIMENTO DE CRISE;27
CHPB;2019;8;UNIDADE INTERNAÇÃO - PSIQUIATRIA CASA LAR 1;1
CHPB;2019;9;CAC - CENTRO DE ACOLHIMENTO DE CRISE;28
CHPB;2019;9;UNIDADE INTERNAÇÃO - PSIQUIATRIA CASA LAR 1;1
CHPB;2019;9;UNIDADE INTERNAÇÃO - PSIQUIATRIA CASA LAR 2;1
CHPB;2019;9;UNIDADE INTERNAÇÃO - PSIQUIATRIA MÓDULO RESIDENCIAL 2;1
CHPB;2019;9;UNIDADE INTERNAÇÃO - PSIQUIATRIA MÓDULO RESIDENCIAL 5;1
CHPB;2019;10;CAC - CENTRO DE ACOLHIMENTO DE CRISE;34
CHPB;2019;10;UNIDADE INTERNAÇÃO - PSIQUIATRIA MÓDULO RESIDENCIAL 2;3
CHPB;2019;10;UNIDADE INTERNAÇÃO - PSIQUIATRIA MÓDULO RESIDENCIAL 3;1
CHPB;2019;10;UNIDADE INTERNAÇÃO - PSIQUIATRIA MÓDULO RESIDENCIAL 4;1
CHPB;2019;11;CAC - CENTRO DE ACOLHIMENTO DE CRISE;25
CHPB;2019;11;UIC - UNIDADE INTERCORRENCIAS CLINICAS;2
CHPB;2019;11;UNIDADE INTERNAÇÃO - PSIQUIATRIA MÓDULO RESIDENCIAL 2;1
CHPB;2019;12;CAC - CENTRO DE ACOLHIMENTO DE CRISE;30
CHPB;2019;12;UIC - UNIDADE INTERCORRENCIAS CLINICAS;5
CHPB;2019;12;UNIDADE INTERNAÇÃO - PSIQUIATRIA MÓDULO RESIDENCIAL 2;3
CHPB;2019;12;UNIDADE INTERNAÇÃO - PSIQUIATRIA MÓDULO RESIDENCIAL 5;1
CSPD;2019;1;UNIDADE INTERNAÇÃO - CLINICA MÉDICA;33
CSPD;2019;2;UNIDADE INTERNAÇÃO - CLINICA MÉDICA;44
CSPD;2019;3;UNIDADE INTERNAÇÃO - CLINICA MÉDICA;26
CSPD;2019;4;UNIDADE INTERNAÇÃO - CLINICA MÉDICA;38
CSPD;2019;5;UNIDADE INTERNAÇÃO - CLINICA MÉDICA;36
CSPD;2019;6;UNIDADE INTERNAÇÃO - CLINICA MÉDICA;49
CSPD;2019;7;UNIDADE INTERNAÇÃO - CLINICA MÉDICA;35
CSPD;2019;8;UNIDADE INTERNAÇÃO - CLINICA MÉDICA;37
CSPD;2019;9;UNIDADE INTERNAÇÃO - CLINICA MÉDICA;38
CSPD;2019;10;UNIDADE INTERNAÇÃO - CLINICA MÉDICA;34
CSPD;2019;11;UNIDADE INTERNAÇÃO - CLINICA MÉDICA;30
CSPD;2019;12;UNIDADE INTERNAÇÃO - CLINICA MÉDICA;28
CSSFA;2019;1;AMBULATORIO - ESPECIALIDADES Consultorios;1
CSSFA;2019;1;UNIDADE DE INTERNACAO CCI Cuidados Continuados Integ;4
CSSFA;2019;2;CENTRO DE TRATAMENTO DE LESÕES;1
CSSFA;2019;2;UNIDADE DE INTERNACAO CCI Cuidados Continuados Integ;11
CSSFA;2019;3;UNIDADE DE INTERNACAO CCI Cuidados Continuados Integ;10
CSSFA;2019;4;UNIDADE DE INTERNACAO CCI Cuidados Continuados Integ;13
CSSFA;2019;5;CENTRO DE TRATAMENTO DE LESÕES;1
CSSFA;2019;5;UNIDADE DE INTERNACAO CCI Cuidados Continuados Integ;8
CSSFA;2019;5;UNIDADE INTERNAÇÃO - CLINICA MÉDICA;4
CSSFA;2019;6;UNIDADE DE INTERNACAO CCI Cuidados Continuados Integ;13
CSSFA;2019;6;UNIDADE INTERNAÇÃO - CLINICA MÉDICA;2
CSSFA;2019;7;UNIDADE DE INTERNACAO CCI Cuidados Continuados Integ;23
CSSFA;2019;7;UNIDADE INTERNAÇÃO - CLINICA MÉDICA;3
CSSFA;2019;8;UNIDADE DE INTERNACAO CCI Cuidados Continuados Integ;11
CSSFA;2019;8;UNIDADE INTERNAÇÃO - CLINICA MÉDICA;3
CSSFA;2019;9;UNIDADE DE INTERNACAO CCI Cuidados Continuados Integ;12
CSSFA;2019;9;UNIDADE INTERNAÇÃO - CLINICA MÉDICA;2
CSSFA;2019;10;UNIDADE DE INTERNACAO CCI Cuidados Continuados Integ;16
CSSFA;2019;10;UNIDADE INTERNAÇÃO - CLINICA CIRURGICA;5
CSSFA;2019;11;UNIDADE DE INTERNACAO CCI Cuidados Continuados Integ;22
CSSFA;2019;11;UNIDADE INTERNAÇÃO - CLINICA CIRURGICA;11
CSSFA;2019;11;UNIDADE INTERNAÇÃO - CLINICA MÉDICA;2
CSSFA;2019;12;UNIDADE DE INTERNACAO CCI Cuidados Continuados Integ;16
CSSFA;2019;12;UNIDADE INTERNAÇÃO - CLINICA CIRURGICA;10
CSSFA;2019;12;UNIDADE INTERNAÇÃO - CLINICA MÉDICA;2
CSSFE;2019;1;UNIDADE INTERNAÇÃO - CLINICA MÉDICA;12
CSSFE;2019;2;UNIDADE INTERNAÇÃO - CLINICA MÉDICA;19
CSSFE;2019;3;UNIDADE INTERNAÇÃO - CLINICA MÉDICA;13
CSSFE;2019;4;UNIDADE INTERNAÇÃO - CLINICA MÉDICA;13
CSSFE;2019;5;UNIDADE INTERNAÇÃO - CLINICA MÉDICA;11
CSSFE;2019;6;UNIDADE INTERNAÇÃO - CLINICA MÉDICA;18
CSSFE;2019;7;UNIDADE INTERNAÇÃO - CLINICA MÉDICA;15
CSSFE;2019;8;UNIDADE INTERNAÇÃO - CLINICA MÉDICA;12
CSSFE;2019;9;UNIDADE INTERNAÇÃO - CLINICA MÉDICA;16
CSSFE;2019;10;UNIDADE INTERNAÇÃO - CLINICA MÉDICA;23
CSSFE;2019;11;UNIDADE INTERNAÇÃO - CLINICA MÉDICA;16
CSSFE;2019;12;UNIDADE INTERNAÇÃO - CLINICA MÉDICA;21
CSSI;2019;1;UNIDADE INTERNAÇÃO - CLÍNICA MÉDICA FEMININA;37
CSSI;2019;1;UNIDADE INTERNAÇÃO - CLINICA MÉDICA MASCULINA;32
CSSI;2019;1;UNIDADE URGENCIA/EMERGENCIA;44
CSSI;2019;2;UNIDADE INTERNAÇÃO - CLÍNICA MÉDICA FEMININA;28
CSSI;2019;2;UNIDADE INTERNAÇÃO - CLINICA MÉDICA MASCULINA;20
CSSI;2019;2;UNIDADE URGENCIA/EMERGENCIA;36
CSSI;2019;3;UNIDADE INTERNAÇÃO - CLÍNICA MÉDICA FEMININA;33
CSSI;2019;3;UNIDADE INTERNAÇÃO - CLINICA MÉDICA MASCULINA;29
CSSI;2019;3;UNIDADE URGENCIA/EMERGENCIA;30
CSSI;2019;4;UNIDADE INTERNAÇÃO - CLÍNICA MÉDICA FEMININA;24
CSSI;2019;4;UNIDADE INTERNAÇÃO - CLINICA MÉDICA MASCULINA;25
CSSI;2019;4;UNIDADE URGENCIA/EMERGENCIA;42
CSSI;2019;5;UNIDADE INTERNAÇÃO - CLÍNICA MÉDICA FEMININA;27
CSSI;2019;5;UNIDADE INTERNAÇÃO - CLINICA MÉDICA MASCULINA;34
CSSI;2019;5;UNIDADE URGENCIA/EMERGENCIA;53
CSSI;2019;6;UNIDADE INTERNAÇÃO - CLÍNICA MÉDICA FEMININA;33
CSSI;2019;6;UNIDADE INTERNAÇÃO - CLINICA MÉDICA MASCULINA;26
CSSI;2019;6;UNIDADE URGENCIA/EMERGENCIA;34
CSSI;2019;7;UNIDADE INTERNAÇÃO - CLÍNICA MÉDICA FEMININA;25
CSSI;2019;7;UNIDADE INTERNAÇÃO - CLINICA MÉDICA MASCULINA;23
CSSI;2019;7;UNIDADE URGENCIA/EMERGENCIA;32
CSSI;2019;8;UNIDADE INTERNAÇÃO - CLÍNICA MÉDICA FEMININA;21
CSSI;2019;8;UNIDADE INTERNAÇÃO - CLINICA MÉDICA MASCULINA;24
CSSI;2019;8;UNIDADE URGENCIA/EMERGENCIA;34
CSSI;2019;9;UNIDADE INTERNAÇÃO - CLÍNICA MÉDICA FEMININA;21
CSSI;2019;9;UNIDADE INTERNAÇÃO - CLINICA MÉDICA MASCULINA;24
CSSI;2019;9;UNIDADE URGENCIA/EMERGENCIA;26
CSSI;2019;10;UNIDADE INTERNAÇÃO - CLÍNICA MÉDICA FEMININA;25
CSSI;2019;10;UNIDADE INTERNAÇÃO - CLINICA MÉDICA MASCULINA;22
CSSI;2019;10;UNIDADE URGENCIA/EMERGENCIA;35
CSSI;2019;11;UNIDADE INTERNAÇÃO - CLÍNICA MÉDICA FEMININA;19
CSSI;2019;11;UNIDADE INTERNAÇÃO - CLINICA MÉDICA MASCULINA;10
CSSI;2019;11;UNIDADE URGENCIA/EMERGENCIA;27
CSSI;2019;12;UNIDADE INTERNAÇÃO - CLÍNICA MÉDICA FEMININA;23
CSSI;2019;12;UNIDADE INTERNAÇÃO - CLINICA MÉDICA MASCULINA;19
CSSI;2019;12;UNIDADE URGENCIA/EMERGENCIA;30
HAC;2019;1;UNIDADE INTERNAÇÃO - CIRURGIA GERAL;167
HAC;2019;1;UNIDADE INTERNAÇÃO - CLINICA MÉDICA;114
HAC;2019;1;UNIDADE URGENCIA/EMERGENCIA;34
HAC;2019;1;UTI;9
HAC;2019;2;QUIMIOTERAPIA;1
HAC;2019;2;UNIDADE INTERNAÇÃO - CIRURGIA GERAL;178
HAC;2019;2;UNIDADE INTERNAÇÃO - CLINICA MÉDICA;112
HAC;2019;2;UNIDADE URGENCIA/EMERGENCIA;49
HAC;2019;2;UTI;4
HAC;2019;3;UNIDADE INTERNAÇÃO - CIRURGIA GERAL;163
HAC;2019;3;UNIDADE INTERNAÇÃO - CLINICA MÉDICA;112
HAC;2019;3;UNIDADE URGENCIA/EMERGENCIA;50
HAC;2019;3;UTI;7
HAC;2019;4;AMBULATORIO - ESPECIALIDADES;2
HAC;2019;4;UNIDADE INTERNAÇÃO - CIRURGIA GERAL;190
HAC;2019;4;UNIDADE INTERNAÇÃO - CLINICA MÉDICA;104
HAC;2019;4;UNIDADE URGENCIA/EMERGENCIA;61
HAC;2019;4;UTI;5
HAC;2019;5;AMBULATORIO - ESPECIALIDADES;2
HAC;2019;5;QUIMIOTERAPIA;1
HAC;2019;5;UNIDADE INTERNAÇÃO - CIRURGIA GERAL;187
HAC;2019;5;UNIDADE INTERNAÇÃO - CLINICA MÉDICA;114
HAC;2019;5;UNIDADE URGENCIA/EMERGENCIA;61
HAC;2019;5;UTI;12
HAC;2019;6;AMBULATORIO - ESPECIALIDADES;6
HAC;2019;6;UNIDADE INTERNAÇÃO - CIRURGIA GERAL;188
HAC;2019;6;UNIDADE INTERNAÇÃO - CLINICA MÉDICA;111
HAC;2019;6;UNIDADE URGENCIA/EMERGENCIA;40
HAC;2019;6;UTI;5
HAC;2019;7;AMBULATORIO - ESPECIALIDADES;1
HAC;2019;7;QUIMIOTERAPIA;1
HAC;2019;7;UNIDADE INTERNAÇÃO - CIRURGIA GERAL;168
HAC;2019;7;UNIDADE INTERNAÇÃO - CLINICA MÉDICA;106
HAC;2019;7;UNIDADE URGENCIA/EMERGENCIA;36
HAC;2019;7;UTI;7
HAC;2019;8;AMBULATORIO - ESPECIALIDADES;1
HAC;2019;8;QUIMIOTERAPIA;1
HAC;2019;8;UNIDADE INTERNAÇÃO - CIRURGIA GERAL;172
HAC;2019;8;UNIDADE INTERNAÇÃO - CLINICA MÉDICA;108
HAC;2019;8;UNIDADE URGENCIA/EMERGENCIA;38
HAC;2019;8;UTI;7
HAC;2019;9;AMBULATORIO - ESPECIALIDADES;1
HAC;2019;9;UNIDADE INTERNAÇÃO - CIRURGIA GERAL;139
HAC;2019;9;UNIDADE INTERNAÇÃO - CLINICA MÉDICA;111
HAC;2019;9;UNIDADE URGENCIA/EMERGENCIA;29
HAC;2019;9;UTI;8
HAC;2019;10;AMBULATORIO - ESPECIALIDADES;2
HAC;2019;10;QUIMIOTERAPIA;2
HAC;2019;10;UNIDADE INTERNAÇÃO - CIRURGIA GERAL;159
HAC;2019;10;UNIDADE INTERNAÇÃO - CLINICA MÉDICA;120
HAC;2019;10;UNIDADE URGENCIA/EMERGENCIA;30
HAC;2019;10;UTI;7
HAC;2019;11;AMBULATORIO - ESPECIALIDADES;1
HAC;2019;11;UNIDADE INTERNAÇÃO - CIRURGIA GERAL;154
HAC;2019;11;UNIDADE INTERNAÇÃO - CLINICA MÉDICA;115
HAC;2019;11;UNIDADE URGENCIA/EMERGENCIA;36
HAC;2019;11;UTI;4
HAC;2019;12;AMBULATORIO - ESPECIALIDADES;1
HAC;2019;12;QUIMIOTERAPIA;1
HAC;2019;12;UNIDADE INTERNAÇÃO - CIRURGIA GERAL;144
HAC;2019;12;UNIDADE INTERNAÇÃO - CLINICA MÉDICA;133
HAC;2019;12;UNIDADE URGENCIA/EMERGENCIA;31
HAC;2019;12;UTI;5
HCM;2019;1;UNIDADE INTERNAÇÃO - CLINICA CIRURGICA;26
HCM;2019;1;UNIDADE INTERNAÇÃO - CUIDADOS PROLONGADOS;8
HCM;2019;2;UNIDADE INTERNAÇÃO - CLINICA CIRURGICA;38
HCM;2019;2;UNIDADE INTERNAÇÃO - CUIDADOS PROLONGADOS;3
HCM;2019;3;BLOCO CIRURGICO;1
HCM;2019;3;UNIDADE INTERNAÇÃO - CLINICA CIRURGICA;25
HCM;2019;3;UNIDADE INTERNAÇÃO - CUIDADOS PROLONGADOS;1
HCM;2019;4;UNIDADE INTERNAÇÃO - CLINICA CIRURGICA;25
HCM;2019;4;UNIDADE INTERNAÇÃO - CUIDADOS PROLONGADOS;5
HCM;2019;5;UNIDADE INTERNAÇÃO - CLINICA CIRURGICA;23
HCM;2019;5;UNIDADE INTERNAÇÃO - CUIDADOS PROLONGADOS;5
HCM;2019;6;BLOCO CIRURGICO;1
HCM;2019;6;UNIDADE INTERNAÇÃO - CLINICA CIRURGICA;44
HCM;2019;6;UNIDADE INTERNAÇÃO - CUIDADOS PROLONGADOS;4
HCM;2019;7;UNIDADE INTERNAÇÃO - CLINICA CIRURGICA;39
HCM;2019;7;UNIDADE INTERNAÇÃO - CUIDADOS PROLONGADOS;9
HCM;2019;8;AMBULATORIO - ESPECIALIDADES;1
HCM;2019;8;UNIDADE INTERNAÇÃO - CLINICA CIRURGICA;51
HCM;2019;8;UNIDADE INTERNAÇÃO - CUIDADOS PROLONGADOS;3
HCM;2019;9;UNIDADE INTERNAÇÃO - CLINICA CIRURGICA;51
HCM;2019;10;BLOCO CIRURGICO;2
HCM;2019;10;UNIDADE INTERNAÇÃO - CLINICA CIRURGICA;62
HCM;2019;10;UNIDADE INTERNAÇÃO - CUIDADOS PROLONGADOS;2
HCM;2019;11;AMBULATORIO - ESPECIALIDADES;1
HCM;2019;11;BLOCO CIRURGICO;1
HCM;2019;11;UNIDADE INTERNAÇÃO - CLINICA CIRURGICA;64
HCM;2019;11;UNIDADE INTERNAÇÃO - CUIDADOS PROLONGADOS;2
HCM;2019;12;UNIDADE INTERNAÇÃO - CLINICA CIRURGICA;56
HCM;2019;12;UNIDADE INTERNAÇÃO - CUIDADOS PROLONGADOS;3
HEM;2019;1;UNIDADE INTERNAÇÃO - DOENÇAS INFECTO-CONTAGIOSAS E PARASITÁRIAS DOENÇAS INFECTO CONTAGIOSAS;86
HEM;2019;1;UTI;10
HEM;2019;2;UNIDADE INTERNAÇÃO - DOENÇAS INFECTO-CONTAGIOSAS E PARASITÁRIAS DOENÇAS INFECTO CONTAGIOSAS;107
HEM;2019;2;UTI;11
HEM;2019;3;UNIDADE INTERNAÇÃO - DOENÇAS INFECTO-CONTAGIOSAS E PARASITÁRIAS DOENÇAS INFECTO CONTAGIOSAS;122
HEM;2019;3;UTI;15
HEM;2019;4;UNIDADE INTERNAÇÃO - DOENÇAS INFECTO-CONTAGIOSAS E PARASITÁRIAS DOENÇAS INFECTO CONTAGIOSAS;177
HEM;2019;4;UTI;11
HEM;2019;5;UNIDADE INTERNAÇÃO - DOENÇAS INFECTO-CONTAGIOSAS E PARASITÁRIAS DOENÇAS INFECTO CONTAGIOSAS;190
HEM;2019;5;UTI;11
HEM;2019;6;AMBULATORIO - DERMATOLOGIA E INFECTOLOGIA;1
HEM;2019;6;UNIDADE INTERNAÇÃO - DOENÇAS INFECTO-CONTAGIOSAS E PARASITÁRIAS DOENÇAS INFECTO CONTAGIOSAS;162
HEM;2019;6;UTI;13
HEM;2019;7;UNIDADE INTERNAÇÃO - DOENÇAS INFECTO-CONTAGIOSAS E PARASITÁRIAS DOENÇAS INFECTO CONTAGIOSAS;115
HEM;2019;7;UTI;9
HEM;2019;8;UNIDADE INTERNAÇÃO - DOENÇAS INFECTO-CONTAGIOSAS E PARASITÁRIAS DOENÇAS INFECTO CONTAGIOSAS;111
HEM;2019;8;UTI;9
HEM;2019;9;UNIDADE INTERNAÇÃO - DOENÇAS INFECTO-CONTAGIOSAS E PARASITÁRIAS DOENÇAS INFECTO CONTAGIOSAS;102
HEM;2019;9;UTI;13
HEM;2019;10;UNIDADE INTERNAÇÃO - DOENÇAS INFECTO-CONTAGIOSAS E PARASITÁRIAS DOENÇAS INFECTO CONTAGIOSAS;106
HEM;2019;10;UTI;9
HEM;2019;11;UNIDADE INTERNAÇÃO - DOENÇAS INFECTO-CONTAGIOSAS E PARASITÁRIAS DOENÇAS INFECTO CONTAGIOSAS;104
HEM;2019;11;UTI;12
HEM;2019;12;UNIDADE INTERNAÇÃO - DOENÇAS INFECTO-CONTAGIOSAS E PARASITÁRIAS DOENÇAS INFECTO CONTAGIOSAS;114
HEM;2019;12;UTI;15
HIJPII;2019;1;AMBULATORIO - ESPECIALIDADES;1
HIJPII;2019;1;ELETROENCEFALOGRAMA;2
HIJPII;2019;1;UNIDADE INTERNAÇÃO - CLINICA PEDIÁTRICA;205
HIJPII;2019;1;UNIDADE INTERNAÇÃO - CURTO PRAZO;60
HIJPII;2019;1;UNIDADE INTERNAÇÃO - DOENÇAS INFECTO-CONTAGIOSAS E PARASITÁRIAS;105
HIJPII;2019;1;UTI;4
HIJPII;2019;2;ULTRASSONOGRAFIA;1
HIJPII;2019;2;UNIDADE INTERNAÇÃO - CLINICA PEDIÁTRICA;195
HIJPII;2019;2;UNIDADE INTERNAÇÃO - CURTO PRAZO;69
HIJPII;2019;2;UNIDADE INTERNAÇÃO - DOENÇAS INFECTO-CONTAGIOSAS E PARASITÁRIAS;106
HIJPII;2019;2;UTI;6
HIJPII;2019;3;RADIOLOGIA;1
HIJPII;2019;3;UNIDADE INTERNAÇÃO - CLINICA PEDIÁTRICA;252
HIJPII;2019;3;UNIDADE INTERNAÇÃO - CURTO PRAZO;134
HIJPII;2019;3;UNIDADE INTERNAÇÃO - DOENÇAS INFECTO-CONTAGIOSAS E PARASITÁRIAS;136
HIJPII;2019;3;UTI;6
HIJPII;2019;4;AMBULATORIO - ESPECIALIDADES;1
HIJPII;2019;4;ELETROENCEFALOGRAMA;1
HIJPII;2019;4;ULTRASSONOGRAFIA;1
HIJPII;2019;4;UNIDADE INTERNAÇÃO - CLINICA PEDIÁTRICA;291
HIJPII;2019;4;UNIDADE INTERNAÇÃO - CURTO PRAZO;170
HIJPII;2019;4;UNIDADE INTERNAÇÃO - DOENÇAS INFECTO-CONTAGIOSAS E PARASITÁRIAS;141
HIJPII;2019;4;UTI;5
HIJPII;2019;5;RADIOLOGIA;1
HIJPII;2019;5;UNIDADE INTERNAÇÃO - CLINICA PEDIÁTRICA;327
HIJPII;2019;5;UNIDADE INTERNAÇÃO - CURTO PRAZO;141
HIJPII;2019;5;UNIDADE INTERNAÇÃO - DOENÇAS INFECTO-CONTAGIOSAS E PARASITÁRIAS;173
HIJPII;2019;5;UTI;3
HIJPII;2019;6;UNIDADE INTERNAÇÃO - CLINICA PEDIÁTRICA;259
HIJPII;2019;6;UNIDADE INTERNAÇÃO - CURTO PRAZO;125
HIJPII;2019;6;UNIDADE INTERNAÇÃO - DOENÇAS INFECTO-CONTAGIOSAS E PARASITÁRIAS;151
HIJPII;2019;6;UTI;5
HIJPII;2019;7;AMBULATORIO - ESPECIALIDADES;1
HIJPII;2019;7;UNIDADE INTERNAÇÃO - CLINICA PEDIÁTRICA;257
HIJPII;2019;7;UNIDADE INTERNAÇÃO - CURTO PRAZO;88
HIJPII;2019;7;UNIDADE INTERNAÇÃO - DOENÇAS INFECTO-CONTAGIOSAS E PARASITÁRIAS;139
HIJPII;2019;7;UTI;4
HIJPII;2019;8;AMBULATORIO - ESPECIALIDADES;2
HIJPII;2019;8;UNIDADE INTERNAÇÃO - CLINICA PEDIÁTRICA;224
HIJPII;2019;8;UNIDADE INTERNAÇÃO - CURTO PRAZO;51
HIJPII;2019;8;UNIDADE INTERNAÇÃO - DOENÇAS INFECTO-CONTAGIOSAS E PARASITÁRIAS;128
HIJPII;2019;8;UTI;9
HIJPII;2019;9;UNIDADE INTERNAÇÃO - CLINICA PEDIÁTRICA;233
HIJPII;2019;9;UNIDADE INTERNAÇÃO - CURTO PRAZO;51
HIJPII;2019;9;UNIDADE INTERNAÇÃO - DOENÇAS INFECTO-CONTAGIOSAS E PARASITÁRIAS;152
HIJPII;2019;9;UTI;5
HIJPII;2019;10;AMBULATORIO - ESPECIALIDADES;2
HIJPII;2019;10;UNIDADE INTERNAÇÃO - CLINICA PEDIÁTRICA;235
HIJPII;2019;10;UNIDADE INTERNAÇÃO - CURTO PRAZO;19
HIJPII;2019;10;UNIDADE INTERNAÇÃO - DOENÇAS INFECTO-CONTAGIOSAS E PARASITÁRIAS;125
HIJPII;2019;10;UTI;12
HIJPII;2019;11;UNIDADE INTERNAÇÃO - CLINICA PEDIÁTRICA;235
HIJPII;2019;11;UNIDADE INTERNAÇÃO - CURTO PRAZO;14
HIJPII;2019;11;UNIDADE INTERNAÇÃO - DOENÇAS INFECTO-CONTAGIOSAS E PARASITÁRIAS;106
HIJPII;2019;11;UTI;6
HIJPII;2019;12;UNIDADE INTERNAÇÃO - CLINICA PEDIÁTRICA;294
HIJPII;2019;12;UNIDADE INTERNAÇÃO - CURTO PRAZO;35
HIJPII;2019;12;UNIDADE INTERNAÇÃO - DOENÇAS INFECTO-CONTAGIOSAS E PARASITÁRIAS;149
HIJPII;2019;12;UTI;7
HJK;2019;1;ALOJAMENTO CONJUNTO;265
HJK;2019;1;UNIDADE DE URGENCIA - CLINICA MEDICA;124
HJK;2019;1;UNIDADE INTERNAÇÃO - CLINICA CIRURGICA;177
HJK;2019;1;UNIDADE INTERNAÇÃO - CLINICA MÉDICA;106
HJK;2019;1;UNIDADE INTERNAÇÃO - CLINICA PNEUMOLOGICA;87
HJK;2019;1;UNIDADE INTERNAÇÃO - CLINICA TISIOLÓGICA;18
HJK;2019;1;UTI - NEONATAL E PEDIATRICO UTIN E UCIN;5
HJK;2019;1;UTI CTI;21
HJK;2019;2;ALOJAMENTO CONJUNTO;284
HJK;2019;2;UNIDADE DE URGENCIA - CLINICA MEDICA;151
HJK;2019;2;UNIDADE INTERNAÇÃO - CLINICA CIRURGICA;205
HJK;2019;2;UNIDADE INTERNAÇÃO - CLINICA MÉDICA;102
HJK;2019;2;UNIDADE INTERNAÇÃO - CLINICA PNEUMOLOGICA;84
HJK;2019;2;UNIDADE INTERNAÇÃO - CLINICA TISIOLÓGICA;25
HJK;2019;2;UTI - NEONATAL E PEDIATRICO UTIN E UCIN;10
HJK;2019;2;UTI CTI;18
HJK;2019;3;ALOJAMENTO CONJUNTO;329
HJK;2019;3;UNIDADE DE URGENCIA - CLINICA MEDICA;165
HJK;2019;3;UNIDADE INTERNAÇÃO - CLINICA CIRURGICA;184
HJK;2019;3;UNIDADE INTERNAÇÃO - CLINICA MÉDICA;131
HJK;2019;3;UNIDADE INTERNAÇÃO - CLINICA PNEUMOLOGICA;98
HJK;2019;3;UNIDADE INTERNAÇÃO - CLINICA TISIOLÓGICA;24
HJK;2019;3;UTI - NEONATAL E PEDIATRICO UTIN E UCIN;14
HJK;2019;3;UTI CTI;16
HJK;2019;4;ALOJAMENTO CONJUNTO;295
HJK;2019;4;UNIDADE DE URGENCIA - CLINICA MEDICA;198
HJK;2019;4;UNIDADE INTERNAÇÃO - CLINICA CIRURGICA;203
HJK;2019;4;UNIDADE INTERNAÇÃO - CLINICA MÉDICA;137
HJK;2019;4;UNIDADE INTERNAÇÃO - CLINICA PNEUMOLOGICA;90
HJK;2019;4;UNIDADE INTERNAÇÃO - CLINICA TISIOLÓGICA;15
HJK;2019;4;UTI - NEONATAL E PEDIATRICO UTIN E UCIN;12
HJK;2019;4;UTI CTI;18
HJK;2019;5;ALOJAMENTO CONJUNTO;269
HJK;2019;5;UNIDADE DE URGENCIA - CLINICA MEDICA;249
HJK;2019;5;UNIDADE INTERNAÇÃO - CLINICA CIRURGICA;211
HJK;2019;5;UNIDADE INTERNAÇÃO - CLINICA MÉDICA;133
HJK;2019;5;UNIDADE INTERNAÇÃO - CLINICA PNEUMOLOGICA;112
HJK;2019;5;UNIDADE INTERNAÇÃO - CLINICA TISIOLÓGICA;15
HJK;2019;5;UTI - NEONATAL E PEDIATRICO UTIN E UCIN;13
HJK;2019;5;UTI CTI;14
HJK;2019;6;ALOJAMENTO CONJUNTO;272
HJK;2019;6;UNIDADE DE URGENCIA - CLINICA MEDICA;212
HJK;2019;6;UNIDADE INTERNAÇÃO - CLINICA CIRURGICA;213
HJK;2019;6;UNIDADE INTERNAÇÃO - CLINICA MÉDICA;85
HJK;2019;6;UNIDADE INTERNAÇÃO - CLINICA PNEUMOLOGICA;93
HJK;2019;6;UNIDADE INTERNAÇÃO - CLINICA TISIOLÓGICA;17
HJK;2019;6;UTI - NEONATAL E PEDIATRICO UTIN E UCIN;14
HJK;2019;6;UTI CTI;18
HJK;2019;7;ALOJAMENTO CONJUNTO;249
HJK;2019;7;UNIDADE DE URGENCIA - CLINICA MEDICA;133
HJK;2019;7;UNIDADE INTERNAÇÃO - CLINICA CIRURGICA;215
HJK;2019;7;UNIDADE INTERNAÇÃO - CLINICA MÉDICA;117
HJK;2019;7;UNIDADE INTERNAÇÃO - CLINICA PNEUMOLOGICA;94
HJK;2019;7;UNIDADE INTERNAÇÃO - CLINICA TISIOLÓGICA;20
HJK;2019;7;UTI - NEONATAL E PEDIATRICO UTIN E UCIN;8
HJK;2019;7;UTI CTI;24
HJK;2019;8;ALOJAMENTO CONJUNTO;286
HJK;2019;8;UNIDADE DE URGENCIA - CLINICA MEDICA;180
HJK;2019;8;UNIDADE INTERNAÇÃO - CLINICA CIRURGICA;204
HJK;2019;8;UNIDADE INTERNAÇÃO - CLINICA MÉDICA;115
HJK;2019;8;UNIDADE INTERNAÇÃO - CLINICA PNEUMOLOGICA;95
HJK;2019;8;UNIDADE INTERNAÇÃO - CLINICA TISIOLÓGICA;16
HJK;2019;8;UTI - NEONATAL E PEDIATRICO UTIN E UCIN;3
HJK;2019;8;UTI CTI;16
HJK;2019;9;ALOJAMENTO CONJUNTO;294
HJK;2019;9;UNIDADE DE URGENCIA - CLINICA MEDICA;148
HJK;2019;9;UNIDADE INTERNAÇÃO - CLINICA CIRURGICA;209
HJK;2019;9;UNIDADE INTERNAÇÃO - CLINICA MÉDICA;116
HJK;2019;9;UNIDADE INTERNAÇÃO - CLINICA PNEUMOLOGICA;101
HJK;2019;9;UNIDADE INTERNAÇÃO - CLINICA TISIOLÓGICA;18
HJK;2019;9;UTI - NEONATAL E PEDIATRICO UTIN E UCIN;8
HJK;2019;9;UTI CTI;16
HJK;2019;10;ALOJAMENTO CONJUNTO;266
HJK;2019;10;UNIDADE DE URGENCIA - CLINICA MEDICA;165
HJK;2019;10;UNIDADE INTERNAÇÃO - CLINICA CIRURGICA;193
HJK;2019;10;UNIDADE INTERNAÇÃO - CLINICA MÉDICA;131
HJK;2019;10;UNIDADE INTERNAÇÃO - CLINICA PNEUMOLOGICA;115
HJK;2019;10;UNIDADE INTERNAÇÃO - CLINICA TISIOLÓGICA;22
HJK;2019;10;UTI - NEONATAL E PEDIATRICO UTIN E UCIN;7
HJK;2019;10;UTI CTI;29
HJK;2019;11;ALOJAMENTO CONJUNTO;280
HJK;2019;11;UNIDADE DE URGENCIA - CLINICA MEDICA;124
HJK;2019;11;UNIDADE INTERNAÇÃO - CLINICA CIRURGICA;194
HJK;2019;11;UNIDADE INTERNAÇÃO - CLINICA MÉDICA;143
HJK;2019;11;UNIDADE INTERNAÇÃO - CLINICA PNEUMOLOGICA;94
HJK;2019;11;UNIDADE INTERNAÇÃO - CLINICA TISIOLÓGICA;25
HJK;2019;11;UTI - NEONATAL E PEDIATRICO UTIN E UCIN;8
HJK;2019;11;UTI CTI;24
HJK;2019;12;ALOJAMENTO CONJUNTO;296
HJK;2019;12;UNIDADE DE URGENCIA - CLINICA MEDICA;171
HJK;2019;12;UNIDADE INTERNAÇÃO - CLINICA CIRURGICA;173
HJK;2019;12;UNIDADE INTERNAÇÃO - CLINICA MÉDICA;118
HJK;2019;12;UNIDADE INTERNAÇÃO - CLINICA PNEUMOLOGICA;110
HJK;2019;12;UNIDADE INTERNAÇÃO - CLINICA TISIOLÓGICA;24
HJK;2019;12;UTI - NEONATAL E PEDIATRICO UTIN E UCIN;4
HJK;2019;12;UTI CTI;15
HJXXIII;2019;1;BLOCO CIRURGICO;16
HJXXIII;2019;1;PRONTO SOCORRO;531
HJXXIII;2019;1;PRONTO SOCORRO SALA 08 - EMERG. CLINICAS;32
HJXXIII;2019;1;UNIDADE INTERNAÇÃO - CIRURGIA GERAL 4º ANDAR;130
HJXXIII;2019;1;UNIDADE INTERNAÇÃO - CIRURGIA PLÁSTICA 7º ANDAR;106
HJXXIII;2019;1;UNIDADE INTERNAÇÃO - CLINICA CUIDADOS PROGRESSIVOS 3º ANDAR;6
HJXXIII;2019;1;UNIDADE INTERNAÇÃO - CLINICA MÉDICA 6º ANDAR;57
HJXXIII;2019;1;UNIDADE INTERNAÇÃO - CLINICA NEUROLOGICA 5º ANDAR;42
HJXXIII;2019;1;UNIDADE INTERNAÇÃO - CLINICA PEDIÁTRICA 2º ANDAR;13
HJXXIII;2019;1;UNIDADE INTERNAÇÃO - QUEIMADOS MÉDIOS - 8º ANDAR;28
HJXXIII;2019;1;UTI;26
HJXXIII;2019;1;UTI -  PEDIATRICO 2º ANDAR;15
HJXXIII;2019;2;BLOCO CIRURGICO;11
HJXXIII;2019;2;PRONTO SOCORRO;477
HJXXIII;2019;2;PRONTO SOCORRO SALA 08 - EMERG. CLINICAS;22
HJXXIII;2019;2;UNIDADE INTERNAÇÃO - CIRURGIA GERAL 4º ANDAR;101
HJXXIII;2019;2;UNIDADE INTERNAÇÃO - CIRURGIA PLÁSTICA 7º ANDAR;102
HJXXIII;2019;2;UNIDADE INTERNAÇÃO - CLINICA CUIDADOS PROGRESSIVOS 3º ANDAR;4
HJXXIII;2019;2;UNIDADE INTERNAÇÃO - CLINICA MÉDICA 6º ANDAR;68
HJXXIII;2019;2;UNIDADE INTERNAÇÃO - CLINICA NEUROLOGICA 5º ANDAR;30
HJXXIII;2019;2;UNIDADE INTERNAÇÃO - CLINICA PEDIÁTRICA 2º ANDAR;24
HJXXIII;2019;2;UNIDADE INTERNAÇÃO - QUEIMADOS GRAVES 9º ANDAR;2
HJXXIII;2019;2;UNIDADE INTERNAÇÃO - QUEIMADOS MÉDIOS - 8º ANDAR;33
HJXXIII;2019;2;UTI;17
HJXXIII;2019;2;UTI -  PEDIATRICO 2º ANDAR;5
HJXXIII;2019;3;BLOCO CIRURGICO;19
HJXXIII;2019;3;PRONTO SOCORRO;604
HJXXIII;2019;3;PRONTO SOCORRO SALA 08 - EMERG. CLINICAS;24
HJXXIII;2019;3;UNIDADE INTERNAÇÃO - CIRURGIA GERAL 4º ANDAR;94
HJXXIII;2019;3;UNIDADE INTERNAÇÃO - CIRURGIA PLÁSTICA 7º ANDAR;74
HJXXIII;2019;3;UNIDADE INTERNAÇÃO - CLINICA CUIDADOS PROGRESSIVOS 3º ANDAR;3
HJXXIII;2019;3;UNIDADE INTERNAÇÃO - CLINICA MÉDICA 6º ANDAR;54
HJXXIII;2019;3;UNIDADE INTERNAÇÃO - CLINICA NEUROLOGICA 5º ANDAR;44
HJXXIII;2019;3;UNIDADE INTERNAÇÃO - CLINICA PEDIÁTRICA 2º ANDAR;36
HJXXIII;2019;3;UNIDADE INTERNAÇÃO - QUEIMADOS GRAVES 9º ANDAR;3
HJXXIII;2019;3;UNIDADE INTERNAÇÃO - QUEIMADOS MÉDIOS - 8º ANDAR;32
HJXXIII;2019;3;UTI;23
HJXXIII;2019;3;UTI -  PEDIATRICO 2º ANDAR;14
HJXXIII;2019;4;BLOCO CIRURGICO;26
HJXXIII;2019;4;PRONTO SOCORRO;616
HJXXIII;2019;4;PRONTO SOCORRO SALA 08 - EMERG. CLINICAS;22
HJXXIII;2019;4;UNIDADE INTERNAÇÃO - CIRURGIA GERAL 4º ANDAR;83
HJXXIII;2019;4;UNIDADE INTERNAÇÃO - CIRURGIA PLÁSTICA 7º ANDAR;91
HJXXIII;2019;4;UNIDADE INTERNAÇÃO - CLINICA CUIDADOS PROGRESSIVOS 3º ANDAR;3
HJXXIII;2019;4;UNIDADE INTERNAÇÃO - CLINICA MÉDICA 6º ANDAR;57
HJXXIII;2019;4;UNIDADE INTERNAÇÃO - CLINICA NEUROLOGICA 5º ANDAR;54
HJXXIII;2019;4;UNIDADE INTERNAÇÃO - CLINICA PEDIÁTRICA 2º ANDAR;26
HJXXIII;2019;4;UNIDADE INTERNAÇÃO - QUEIMADOS GRAVES 9º ANDAR;1
HJXXIII;2019;4;UNIDADE INTERNAÇÃO - QUEIMADOS MÉDIOS - 8º ANDAR;35
HJXXIII;2019;4;UTI;12
HJXXIII;2019;4;UTI -  PEDIATRICO 2º ANDAR;27
HJXXIII;2019;5;BLOCO CIRURGICO;33
HJXXIII;2019;5;PRONTO SOCORRO;645
HJXXIII;2019;5;PRONTO SOCORRO SALA 08 - EMERG. CLINICAS;30
HJXXIII;2019;5;UNIDADE INTERNAÇÃO - CIRURGIA GERAL 4º ANDAR;91
HJXXIII;2019;5;UNIDADE INTERNAÇÃO - CIRURGIA PLÁSTICA 7º ANDAR;83
HJXXIII;2019;5;UNIDADE INTERNAÇÃO - CLINICA CUIDADOS PROGRESSIVOS 3º ANDAR;8
HJXXIII;2019;5;UNIDADE INTERNAÇÃO - CLINICA MÉDICA 6º ANDAR;58
HJXXIII;2019;5;UNIDADE INTERNAÇÃO - CLINICA NEUROLOGICA 5º ANDAR;31
HJXXIII;2019;5;UNIDADE INTERNAÇÃO - CLINICA PEDIÁTRICA 2º ANDAR;29
HJXXIII;2019;5;UNIDADE INTERNAÇÃO - QUEIMADOS GRAVES 9º ANDAR;3
HJXXIII;2019;5;UNIDADE INTERNAÇÃO - QUEIMADOS MÉDIOS - 8º ANDAR;29
HJXXIII;2019;5;UTI;37
HJXXIII;2019;5;UTI -  PEDIATRICO 2º ANDAR;19
HJXXIII;2019;6;BLOCO CIRURGICO;20
HJXXIII;2019;6;PRONTO SOCORRO;575
HJXXIII;2019;6;PRONTO SOCORRO SALA 08 - EMERG. CLINICAS;25
HJXXIII;2019;6;UNIDADE INTERNAÇÃO - CIRURGIA GERAL 4º ANDAR;116
HJXXIII;2019;6;UNIDADE INTERNAÇÃO - CIRURGIA PLÁSTICA 7º ANDAR;81
HJXXIII;2019;6;UNIDADE INTERNAÇÃO - CLINICA CUIDADOS PROGRESSIVOS 3º ANDAR;5
HJXXIII;2019;6;UNIDADE INTERNAÇÃO - CLINICA MÉDICA 6º ANDAR;66
HJXXIII;2019;6;UNIDADE INTERNAÇÃO - CLINICA NEUROLOGICA 5º ANDAR;41
HJXXIII;2019;6;UNIDADE INTERNAÇÃO - CLINICA PEDIÁTRICA 2º ANDAR;11
HJXXIII;2019;6;UNIDADE INTERNAÇÃO - QUEIMADOS GRAVES 9º ANDAR;3
HJXXIII;2019;6;UNIDADE INTERNAÇÃO - QUEIMADOS MÉDIOS - 8º ANDAR;25
HJXXIII;2019;6;UTI;17
HJXXIII;2019;6;UTI -  PEDIATRICO 2º ANDAR;36
HJXXIII;2019;7;BLOCO CIRURGICO;27
HJXXIII;2019;7;PRONTO SOCORRO;585
HJXXIII;2019;7;PRONTO SOCORRO SALA 08 - EMERG. CLINICAS;17
HJXXIII;2019;7;UNIDADE INTERNAÇÃO - CIRURGIA GERAL 4º ANDAR;121
HJXXIII;2019;7;UNIDADE INTERNAÇÃO - CIRURGIA PLÁSTICA 7º ANDAR;79
HJXXIII;2019;7;UNIDADE INTERNAÇÃO - CLINICA CUIDADOS PROGRESSIVOS 3º ANDAR;5
HJXXIII;2019;7;UNIDADE INTERNAÇÃO - CLINICA MÉDICA 6º ANDAR;68
HJXXIII;2019;7;UNIDADE INTERNAÇÃO - CLINICA NEUROLOGICA 5º ANDAR;54
HJXXIII;2019;7;UNIDADE INTERNAÇÃO - CLINICA PEDIÁTRICA 2º ANDAR;30
HJXXIII;2019;7;UNIDADE INTERNAÇÃO - QUEIMADOS GRAVES 9º ANDAR;3
HJXXIII;2019;7;UNIDADE INTERNAÇÃO - QUEIMADOS MÉDIOS - 8º ANDAR;30
HJXXIII;2019;7;UTI;28
HJXXIII;2019;7;UTI -  PEDIATRICO 2º ANDAR;15
HJXXIII;2019;8;BLOCO CIRURGICO;14
HJXXIII;2019;8;PRONTO SOCORRO;546
HJXXIII;2019;8;PRONTO SOCORRO SALA 08 - EMERG. CLINICAS;25
HJXXIII;2019;8;UNIDADE INTERNAÇÃO - CIRURGIA GERAL 4º ANDAR;94
HJXXIII;2019;8;UNIDADE INTERNAÇÃO - CIRURGIA PLÁSTICA 7º ANDAR;100
HJXXIII;2019;8;UNIDADE INTERNAÇÃO - CLINICA CUIDADOS PROGRESSIVOS 3º ANDAR;5
HJXXIII;2019;8;UNIDADE INTERNAÇÃO - CLINICA MÉDICA 6º ANDAR;76
HJXXIII;2019;8;UNIDADE INTERNAÇÃO - CLINICA NEUROLOGICA 5º ANDAR;42
HJXXIII;2019;8;UNIDADE INTERNAÇÃO - CLINICA PEDIÁTRICA 2º ANDAR;38
HJXXIII;2019;8;UNIDADE INTERNAÇÃO - QUEIMADOS GRAVES 9º ANDAR;3
HJXXIII;2019;8;UNIDADE INTERNAÇÃO - QUEIMADOS MÉDIOS - 8º ANDAR;35
HJXXIII;2019;8;UTI;27
HJXXIII;2019;8;UTI -  PEDIATRICO 2º ANDAR;3
HJXXIII;2019;9;BLOCO CIRURGICO;13
HJXXIII;2019;9;PRONTO SOCORRO;543
HJXXIII;2019;9;PRONTO SOCORRO SALA 08 - EMERG. CLINICAS;26
HJXXIII;2019;9;UNIDADE INTERNAÇÃO - CIRURGIA GERAL 4º ANDAR;105
HJXXIII;2019;9;UNIDADE INTERNAÇÃO - CIRURGIA PLÁSTICA 7º ANDAR;99
HJXXIII;2019;9;UNIDADE INTERNAÇÃO - CLINICA CUIDADOS PROGRESSIVOS 3º ANDAR;5
HJXXIII;2019;9;UNIDADE INTERNAÇÃO - CLINICA MÉDICA 6º ANDAR;65
HJXXIII;2019;9;UNIDADE INTERNAÇÃO - CLINICA NEUROLOGICA 5º ANDAR;36
HJXXIII;2019;9;UNIDADE INTERNAÇÃO - CLINICA PEDIÁTRICA 2º ANDAR;41
HJXXIII;2019;9;UNIDADE INTERNAÇÃO - QUEIMADOS GRAVES 9º ANDAR;1
HJXXIII;2019;9;UNIDADE INTERNAÇÃO - QUEIMADOS MÉDIOS - 8º ANDAR;44
HJXXIII;2019;9;UTI;16
HJXXIII;2019;9;UTI -  PEDIATRICO 2º ANDAR;8
HJXXIII;2019;10;BLOCO CIRURGICO;25
HJXXIII;2019;10;PRONTO SOCORRO;573
HJXXIII;2019;10;PRONTO SOCORRO SALA 08 - EMERG. CLINICAS;24
HJXXIII;2019;10;UNIDADE INTERNAÇÃO - CIRURGIA GERAL 4º ANDAR;114
HJXXIII;2019;10;UNIDADE INTERNAÇÃO - CIRURGIA PLÁSTICA 7º ANDAR;101
HJXXIII;2019;10;UNIDADE INTERNAÇÃO - CLINICA CUIDADOS PROGRESSIVOS 3º ANDAR;6
HJXXIII;2019;10;UNIDADE INTERNAÇÃO - CLINICA MÉDICA 6º ANDAR;45
HJXXIII;2019;10;UNIDADE INTERNAÇÃO - CLINICA NEUROLOGICA 5º ANDAR;38
HJXXIII;2019;10;UNIDADE INTERNAÇÃO - CLINICA PEDIÁTRICA 2º ANDAR;44
HJXXIII;2019;10;UNIDADE INTERNAÇÃO - QUEIMADOS GRAVES 9º ANDAR;2
HJXXIII;2019;10;UNIDADE INTERNAÇÃO - QUEIMADOS MÉDIOS - 8º ANDAR;34
HJXXIII;2019;10;UTI;29
HJXXIII;2019;10;UTI -  PEDIATRICO 2º ANDAR;5
HJXXIII;2019;11;BLOCO CIRURGICO;24
HJXXIII;2019;11;PRONTO SOCORRO;574
HJXXIII;2019;11;PRONTO SOCORRO SALA 08 - EMERG. CLINICAS;29
HJXXIII;2019;11;UNIDADE INTERNAÇÃO - CIRURGIA GERAL 4º ANDAR;112
HJXXIII;2019;11;UNIDADE INTERNAÇÃO - CIRURGIA PLÁSTICA 7º ANDAR;90
HJXXIII;2019;11;UNIDADE INTERNAÇÃO - CLINICA CUIDADOS PROGRESSIVOS 3º ANDAR;3
HJXXIII;2019;11;UNIDADE INTERNAÇÃO - CLINICA MÉDICA 6º ANDAR;31
HJXXIII;2019;11;UNIDADE INTERNAÇÃO - CLINICA NEUROLOGICA 5º ANDAR;33
HJXXIII;2019;11;UNIDADE INTERNAÇÃO - CLINICA PEDIÁTRICA 2º ANDAR;27
HJXXIII;2019;11;UNIDADE INTERNAÇÃO - QUEIMADOS GRAVES 9º ANDAR;2
HJXXIII;2019;11;UNIDADE INTERNAÇÃO - QUEIMADOS MÉDIOS - 8º ANDAR;31
HJXXIII;2019;11;UTI;11
HJXXIII;2019;11;UTI -  PEDIATRICO 2º ANDAR;15
HJXXIII;2019;12;BLOCO CIRURGICO;31
HJXXIII;2019;12;PRONTO SOCORRO;603
HJXXIII;2019;12;PRONTO SOCORRO SALA 08 - EMERG. CLINICAS;31
HJXXIII;2019;12;UNIDADE INTERNAÇÃO - CIRURGIA GERAL 4º ANDAR;102
HJXXIII;2019;12;UNIDADE INTERNAÇÃO - CIRURGIA PLÁSTICA 7º ANDAR;109
HJXXIII;2019;12;UNIDADE INTERNAÇÃO - CLINICA CUIDADOS PROGRESSIVOS 3º ANDAR;3
HJXXIII;2019;12;UNIDADE INTERNAÇÃO - CLINICA MÉDICA 6º ANDAR;45
HJXXIII;2019;12;UNIDADE INTERNAÇÃO - CLINICA NEUROLOGICA 5º ANDAR;45
HJXXIII;2019;12;UNIDADE INTERNAÇÃO - CLINICA PEDIÁTRICA 2º ANDAR;29
HJXXIII;2019;12;UNIDADE INTERNAÇÃO - QUEIMADOS GRAVES 9º ANDAR;4
HJXXIII;2019;12;UNIDADE INTERNAÇÃO - QUEIMADOS MÉDIOS - 8º ANDAR;36
HJXXIII;2019;12;UTI;21
HJXXIII;2019;12;UTI -  PEDIATRICO 2º ANDAR;11
HMAL;2019;1;UNIDADE DE INTERNAÇÃO - TRAUMATO/ORTOPEDIA A;56
HMAL;2019;1;UNIDADE DE INTERNAÇÃO - TRAUMATO/ORTOPEDIA B;71
HMAL;2019;1;UNIDADE INTERNAÇÃO - BUCO TRAUMATO ORTOPEDIA 2º ANDAR;45
HMAL;2019;2;UNIDADE DE INTERNAÇÃO - TRAUMATO/ORTOPEDIA A;61
HMAL;2019;2;UNIDADE DE INTERNAÇÃO - TRAUMATO/ORTOPEDIA B;65
HMAL;2019;2;UNIDADE INTERNAÇÃO - BUCO TRAUMATO ORTOPEDIA 2º ANDAR;49
HMAL;2019;3;UNIDADE DE INTERNAÇÃO - TRAUMATO/ORTOPEDIA A;60
HMAL;2019;3;UNIDADE DE INTERNAÇÃO - TRAUMATO/ORTOPEDIA B;59
HMAL;2019;3;UNIDADE INTERNAÇÃO - BUCO TRAUMATO ORTOPEDIA 2º ANDAR;48
HMAL;2019;4;UNIDADE DE INTERNAÇÃO - TRAUMATO/ORTOPEDIA A;62
HMAL;2019;4;UNIDADE DE INTERNAÇÃO - TRAUMATO/ORTOPEDIA B;58
HMAL;2019;4;UNIDADE INTERNAÇÃO - BUCO TRAUMATO ORTOPEDIA 2º ANDAR;57
HMAL;2019;5;UNIDADE DE INTERNAÇÃO - TRAUMATO/ORTOPEDIA A;71
HMAL;2019;5;UNIDADE DE INTERNAÇÃO - TRAUMATO/ORTOPEDIA B;72
HMAL;2019;5;UNIDADE INTERNAÇÃO - BUCO TRAUMATO ORTOPEDIA 2º ANDAR;68
HMAL;2019;6;UNIDADE DE INTERNAÇÃO - TRAUMATO/ORTOPEDIA A;54
HMAL;2019;6;UNIDADE DE INTERNAÇÃO - TRAUMATO/ORTOPEDIA B;70
HMAL;2019;6;UNIDADE INTERNAÇÃO - BUCO TRAUMATO ORTOPEDIA 2º ANDAR;58
HMAL;2019;7;BLOCO CIRURGICO;1
HMAL;2019;7;UNIDADE DE INTERNAÇÃO - TRAUMATO/ORTOPEDIA A;60
HMAL;2019;7;UNIDADE DE INTERNAÇÃO - TRAUMATO/ORTOPEDIA B;84
HMAL;2019;7;UNIDADE INTERNAÇÃO - BUCO TRAUMATO ORTOPEDIA 2º ANDAR;67
HMAL;2019;8;UNIDADE DE INTERNAÇÃO - TRAUMATO/ORTOPEDIA A;73
HMAL;2019;8;UNIDADE DE INTERNAÇÃO - TRAUMATO/ORTOPEDIA B;61
HMAL;2019;8;UNIDADE INTERNAÇÃO - BUCO TRAUMATO ORTOPEDIA 2º ANDAR;56
HMAL;2019;9;AMBULATORIO DE ORTOPEDIA;1
HMAL;2019;9;UNIDADE DE INTERNAÇÃO - TRAUMATO/ORTOPEDIA A;57
HMAL;2019;9;UNIDADE DE INTERNAÇÃO - TRAUMATO/ORTOPEDIA B;61
HMAL;2019;9;UNIDADE INTERNAÇÃO - BUCO TRAUMATO ORTOPEDIA 2º ANDAR;64
HMAL;2019;10;UNIDADE DE INTERNAÇÃO - TRAUMATO/ORTOPEDIA A;60
HMAL;2019;10;UNIDADE DE INTERNAÇÃO - TRAUMATO/ORTOPEDIA B;79
HMAL;2019;10;UNIDADE INTERNAÇÃO - BUCO TRAUMATO ORTOPEDIA 2º ANDAR;63
HMAL;2019;11;UNIDADE DE INTERNAÇÃO - TRAUMATO/ORTOPEDIA A;57
HMAL;2019;11;UNIDADE DE INTERNAÇÃO - TRAUMATO/ORTOPEDIA B;75
HMAL;2019;11;UNIDADE INTERNAÇÃO - BUCO TRAUMATO ORTOPEDIA 2º ANDAR;46
HMAL;2019;12;UNIDADE DE INTERNAÇÃO - TRAUMATO/ORTOPEDIA A;64
HMAL;2019;12;UNIDADE DE INTERNAÇÃO - TRAUMATO/ORTOPEDIA B;62
HMAL;2019;12;UNIDADE INTERNAÇÃO - BUCO TRAUMATO ORTOPEDIA 2º ANDAR;51
HRAD;2019;1;ALOJAMENTO CONJUNTO;162
HRAD;2019;1;BLOCO OBSTÉTRICO;3
HRAD;2019;1;OBSERVAÇÃO;121
HRAD;2019;1;UNIDADE INTERNAÇÃO - CIRURGIA GERAL;120
HRAD;2019;1;UNIDADE INTERNAÇÃO - CLINICA MÉDICA;59
HRAD;2019;1;UNIDADE INTERNAÇÃO - CLINICA ORTOPÉDICA;86
HRAD;2019;1;UNIDADE INTERNAÇÃO - CLINICA PEDIÁTRICA;45
HRAD;2019;1;UTI;18
HRAD;2019;1;UTI - NEONATAL;2
HRAD;2019;2;ALOJAMENTO CONJUNTO;158
HRAD;2019;2;BLOCO OBSTÉTRICO;1
HRAD;2019;2;OBSERVAÇÃO;109
HRAD;2019;2;UNIDADE INTERNAÇÃO - CIRURGIA GERAL;123
HRAD;2019;2;UNIDADE INTERNAÇÃO - CLINICA MÉDICA;75
HRAD;2019;2;UNIDADE INTERNAÇÃO - CLINICA ORTOPÉDICA;79
HRAD;2019;2;UNIDADE INTERNAÇÃO - CLINICA PEDIÁTRICA;46
HRAD;2019;2;UTI;15
HRAD;2019;2;UTI - NEONATAL;1
HRAD;2019;3;ALOJAMENTO CONJUNTO;152
HRAD;2019;3;BLOCO OBSTÉTRICO;7
HRAD;2019;3;OBSERVAÇÃO;99
HRAD;2019;3;UNIDADE INTERNAÇÃO - CIRURGIA GERAL;129
HRAD;2019;3;UNIDADE INTERNAÇÃO - CLINICA MÉDICA;75
HRAD;2019;3;UNIDADE INTERNAÇÃO - CLINICA ORTOPÉDICA;112
HRAD;2019;3;UNIDADE INTERNAÇÃO - CLINICA PEDIÁTRICA;50
HRAD;2019;3;UTI;14
HRAD;2019;3;UTI - NEONATAL;1
HRAD;2019;4;ALOJAMENTO CONJUNTO;141
HRAD;2019;4;BLOCO OBSTÉTRICO;3
HRAD;2019;4;OBSERVAÇÃO;122
HRAD;2019;4;UNIDADE INTERNAÇÃO - CIRURGIA GERAL;122
HRAD;2019;4;UNIDADE INTERNAÇÃO - CLINICA MÉDICA;66
HRAD;2019;4;UNIDADE INTERNAÇÃO - CLINICA ORTOPÉDICA;72
HRAD;2019;4;UNIDADE INTERNAÇÃO - CLINICA PEDIÁTRICA;41
HRAD;2019;4;UTI;15
HRAD;2019;4;UTI - NEONATAL;3
HRAD;2019;5;ALOJAMENTO CONJUNTO;140
HRAD;2019;5;OBSERVAÇÃO;123
HRAD;2019;5;UNIDADE INTERNAÇÃO - CIRURGIA GERAL;120
HRAD;2019;5;UNIDADE INTERNAÇÃO - CLINICA MÉDICA;72
HRAD;2019;5;UNIDADE INTERNAÇÃO - CLINICA ORTOPÉDICA;84
HRAD;2019;5;UNIDADE INTERNAÇÃO - CLINICA PEDIÁTRICA;47
HRAD;2019;5;UTI;22
HRAD;2019;5;UTI - NEONATAL;2
HRAD;2019;6;ALOJAMENTO CONJUNTO;160
HRAD;2019;6;BLOCO OBSTÉTRICO;4
HRAD;2019;6;OBSERVAÇÃO;93
HRAD;2019;6;UNIDADE INTERNAÇÃO - CIRURGIA GERAL;116
HRAD;2019;6;UNIDADE INTERNAÇÃO - CLINICA MÉDICA;61
HRAD;2019;6;UNIDADE INTERNAÇÃO - CLINICA ORTOPÉDICA;91
HRAD;2019;6;UNIDADE INTERNAÇÃO - CLINICA PEDIÁTRICA;47
HRAD;2019;6;UTI;9
HRAD;2019;6;UTI - NEONATAL;3
HRAD;2019;7;ALOJAMENTO CONJUNTO;155
HRAD;2019;7;AMBULATORIO - RETORNOS;2
HRAD;2019;7;BLOCO OBSTÉTRICO;1
HRAD;2019;7;OBSERVAÇÃO;102
HRAD;2019;7;UNIDADE INTERNAÇÃO - CIRURGIA GERAL;130
HRAD;2019;7;UNIDADE INTERNAÇÃO - CLINICA MÉDICA;71
HRAD;2019;7;UNIDADE INTERNAÇÃO - CLINICA ORTOPÉDICA;83
HRAD;2019;7;UNIDADE INTERNAÇÃO - CLINICA PEDIÁTRICA;45
HRAD;2019;7;UTI;11
HRAD;2019;7;UTI - NEONATAL;4
HRAD;2019;8;ALOJAMENTO CONJUNTO;129
HRAD;2019;8;BLOCO OBSTÉTRICO;2
HRAD;2019;8;OBSERVAÇÃO;101
HRAD;2019;8;UNIDADE INTERNAÇÃO - CIRURGIA GERAL;119
HRAD;2019;8;UNIDADE INTERNAÇÃO - CLINICA MÉDICA;67
HRAD;2019;8;UNIDADE INTERNAÇÃO - CLINICA ORTOPÉDICA;96
HRAD;2019;8;UNIDADE INTERNAÇÃO - CLINICA PEDIÁTRICA;46
HRAD;2019;8;UTI;10
HRAD;2019;8;UTI - NEONATAL;2
HRAD;2019;9;ALOJAMENTO CONJUNTO;126
HRAD;2019;9;AMBULATORIO - RETORNOS;1
HRAD;2019;9;OBSERVAÇÃO;62
HRAD;2019;9;UNIDADE INTERNAÇÃO - CIRURGIA GERAL;114
HRAD;2019;9;UNIDADE INTERNAÇÃO - CLINICA MÉDICA;63
HRAD;2019;9;UNIDADE INTERNAÇÃO - CLINICA ORTOPÉDICA;111
HRAD;2019;9;UNIDADE INTERNAÇÃO - CLINICA PEDIÁTRICA;37
HRAD;2019;9;UTI;18
HRAD;2019;10;ALOJAMENTO CONJUNTO;131
HRAD;2019;10;OBSERVAÇÃO;102
HRAD;2019;10;UNIDADE INTERNAÇÃO - CIRURGIA GERAL;86
HRAD;2019;10;UNIDADE INTERNAÇÃO - CLINICA MÉDICA;48
HRAD;2019;10;UNIDADE INTERNAÇÃO - CLINICA ORTOPÉDICA;106
HRAD;2019;10;UNIDADE INTERNAÇÃO - CLINICA PEDIÁTRICA;41
HRAD;2019;10;UTI;12
HRAD;2019;10;UTI - NEONATAL;1
HRAD;2019;11;ALOJAMENTO CONJUNTO;132
HRAD;2019;11;BLOCO OBSTÉTRICO;2
HRAD;2019;11;OBSERVAÇÃO;86
HRAD;2019;11;UNIDADE INTERNAÇÃO - CIRURGIA GERAL;97
HRAD;2019;11;UNIDADE INTERNAÇÃO - CLINICA MÉDICA;61
HRAD;2019;11;UNIDADE INTERNAÇÃO - CLINICA ORTOPÉDICA;90
HRAD;2019;11;UNIDADE INTERNAÇÃO - CLINICA PEDIÁTRICA;48
HRAD;2019;11;UTI;10
HRAD;2019;11;UTI - NEONATAL;5
HRAD;2019;12;ALOJAMENTO CONJUNTO;146
HRAD;2019;12;OBSERVAÇÃO;99
HRAD;2019;12;UNIDADE INTERNAÇÃO - CIRURGIA GERAL;73
HRAD;2019;12;UNIDADE INTERNAÇÃO - CLINICA MÉDICA;53
HRAD;2019;12;UNIDADE INTERNAÇÃO - CLINICA ORTOPÉDICA;109
HRAD;2019;12;UNIDADE INTERNAÇÃO - CLINICA PEDIÁTRICA;46
HRAD;2019;12;UTI;9
HRAD;2019;12;UTI - NEONATAL;2
HRBJA;2019;1;UNIDADE INTERNAÇÃO - CLINICA CIRURGICA;69
HRBJA;2019;1;UNIDADE INTERNAÇÃO - CLINICA MÉDICA;110
HRBJA;2019;1;UTI;6
HRBJA;2019;2;UNIDADE INTERNAÇÃO - CLINICA CIRURGICA;66
HRBJA;2019;2;UNIDADE INTERNAÇÃO - CLINICA MÉDICA;103
HRBJA;2019;2;UTI;2
HRBJA;2019;3;UNIDADE INTERNAÇÃO - CLINICA CIRURGICA;76
HRBJA;2019;3;UNIDADE INTERNAÇÃO - CLINICA MÉDICA;101
HRBJA;2019;3;UTI;6
HRBJA;2019;4;UNIDADE INTERNAÇÃO - CLINICA CIRURGICA;84
HRBJA;2019;4;UNIDADE INTERNAÇÃO - CLINICA MÉDICA;109
HRBJA;2019;4;UTI;5
HRBJA;2019;5;UNIDADE INTERNAÇÃO - CLINICA CIRURGICA;77
HRBJA;2019;5;UNIDADE INTERNAÇÃO - CLINICA MÉDICA;110
HRBJA;2019;5;UTI;7
HRBJA;2019;6;UNIDADE INTERNAÇÃO - CLINICA CIRURGICA;65
HRBJA;2019;6;UNIDADE INTERNAÇÃO - CLINICA MÉDICA;92
HRBJA;2019;6;UTI;4
HRBJA;2019;7;UNIDADE INTERNAÇÃO - CLINICA CIRURGICA;69
HRBJA;2019;7;UNIDADE INTERNAÇÃO - CLINICA MÉDICA;107
HRBJA;2019;7;UTI;8
HRBJA;2019;8;UNIDADE INTERNAÇÃO - CLINICA CIRURGICA;69
HRBJA;2019;8;UNIDADE INTERNAÇÃO - CLINICA MÉDICA;112
HRBJA;2019;8;UTI;7
HRBJA;2019;9;UNIDADE INTERNAÇÃO - CLINICA CIRURGICA;57
HRBJA;2019;9;UNIDADE INTERNAÇÃO - CLINICA MÉDICA;105
HRBJA;2019;9;UTI;5
HRBJA;2019;10;UNIDADE INTERNAÇÃO - CLINICA CIRURGICA;83
HRBJA;2019;10;UNIDADE INTERNAÇÃO - CLINICA MÉDICA;116
HRBJA;2019;10;UTI;8
HRBJA;2019;11;UNIDADE INTERNAÇÃO - CLINICA CIRURGICA;82
HRBJA;2019;11;UNIDADE INTERNAÇÃO - CLINICA MÉDICA;95
HRBJA;2019;11;UTI;6
HRBJA;2019;12;UNIDADE INTERNAÇÃO - CLINICA CIRURGICA;62
HRBJA;2019;12;UNIDADE INTERNAÇÃO - CLINICA MÉDICA;99
HRBJA;2019;12;UTI;5
HRJP;2019;1;BLOCO CIRURGICO;2
HRJP;2019;1;BLOCO OBSTÉTRICO;3
HRJP;2019;1;REABILITACAO;1
HRJP;2019;1;UNIDADE INTERNAÇÃO - ALTO RISCO OBSTETRICO (MATERNIDADE);140
HRJP;2019;1;UNIDADE INTERNAÇÃO - CLINICA MÉDICA ALA B;51
HRJP;2019;1;UNIDADE INTERNAÇÃO - CLINICA MÉDICA MASCULINA;54
HRJP;2019;1;UNIDADE INTERNAÇÃO - CLINICA PEDIÁTRICA;71
HRJP;2019;1;UNIDADE INTERNAÇÃO - CLINICA TISIOLÓGICA ALA C;28
HRJP;2019;1;UTI;9
HRJP;2019;1;UTI - NEONATAL;11
HRJP;2019;1;UTI PEDIATRICA;7
HRJP;2019;2;BLOCO OBSTÉTRICO;4
HRJP;2019;2;UNIDADE INTERNAÇÃO - ALTO RISCO OBSTETRICO (MATERNIDADE);140
HRJP;2019;2;UNIDADE INTERNAÇÃO - CLINICA MÉDICA ALA B;56
HRJP;2019;2;UNIDADE INTERNAÇÃO - CLINICA MÉDICA MASCULINA;62
HRJP;2019;2;UNIDADE INTERNAÇÃO - CLINICA PEDIÁTRICA;78
HRJP;2019;2;UNIDADE INTERNAÇÃO - CLINICA TISIOLÓGICA ALA C;22
HRJP;2019;2;UTI;6
HRJP;2019;2;UTI - NEONATAL;7
HRJP;2019;3;BLOCO OBSTÉTRICO;1
HRJP;2019;3;UNIDADE INTERNAÇÃO - ALTO RISCO OBSTETRICO (MATERNIDADE);144
HRJP;2019;3;UNIDADE INTERNAÇÃO - CLINICA MÉDICA ALA B;58
HRJP;2019;3;UNIDADE INTERNAÇÃO - CLINICA MÉDICA MASCULINA;47
HRJP;2019;3;UNIDADE INTERNAÇÃO - CLINICA PEDIÁTRICA;72
HRJP;2019;3;UNIDADE INTERNAÇÃO - CLINICA TISIOLÓGICA ALA C;31
HRJP;2019;3;UTI;5
HRJP;2019;3;UTI - NEONATAL;4
HRJP;2019;3;UTI PEDIATRICA;5
HRJP;2019;4;BLOCO OBSTÉTRICO;2
HRJP;2019;4;UNIDADE INTERNAÇÃO - ALTO RISCO OBSTETRICO (MATERNIDADE);147
HRJP;2019;4;UNIDADE INTERNAÇÃO - CLINICA MÉDICA ALA B;62
HRJP;2019;4;UNIDADE INTERNAÇÃO - CLINICA MÉDICA MASCULINA;55
HRJP;2019;4;UNIDADE INTERNAÇÃO - CLINICA PEDIÁTRICA;77
HRJP;2019;4;UNIDADE INTERNAÇÃO - CLINICA TISIOLÓGICA ALA C;30
HRJP;2019;4;UTI;8
HRJP;2019;4;UTI - NEONATAL;10
HRJP;2019;4;UTI PEDIATRICA;5
HRJP;2019;5;BLOCO CIRURGICO;1
HRJP;2019;5;UNIDADE INTERNAÇÃO - ALTO RISCO OBSTETRICO (MATERNIDADE);140
HRJP;2019;5;UNIDADE INTERNAÇÃO - CLINICA MÉDICA ALA B;79
HRJP;2019;5;UNIDADE INTERNAÇÃO - CLINICA MÉDICA MASCULINA;64
HRJP;2019;5;UNIDADE INTERNAÇÃO - CLINICA PEDIÁTRICA;97
HRJP;2019;5;UNIDADE INTERNAÇÃO - CLINICA TISIOLÓGICA ALA C;35
HRJP;2019;5;UTI;2
HRJP;2019;5;UTI - NEONATAL;2
HRJP;2019;5;UTI PEDIATRICA;3
HRJP;2019;6;BLOCO OBSTÉTRICO;4
HRJP;2019;6;UNIDADE INTERNAÇÃO - ALTO RISCO OBSTETRICO (MATERNIDADE);135
HRJP;2019;6;UNIDADE INTERNAÇÃO - CLINICA MÉDICA ALA B;66
HRJP;2019;6;UNIDADE INTERNAÇÃO - CLINICA MÉDICA MASCULINA;58
HRJP;2019;6;UNIDADE INTERNAÇÃO - CLINICA PEDIÁTRICA;70
HRJP;2019;6;UNIDADE INTERNAÇÃO - CLINICA TISIOLÓGICA ALA C;35
HRJP;2019;6;UTI;5
HRJP;2019;6;UTI - NEONATAL;13
HRJP;2019;6;UTI PEDIATRICA;6
HRJP;2019;7;UNIDADE INTERNAÇÃO - ALTO RISCO OBSTETRICO (MATERNIDADE);143
HRJP;2019;7;UNIDADE INTERNAÇÃO - CLINICA MÉDICA ALA B;85
HRJP;2019;7;UNIDADE INTERNAÇÃO - CLINICA MÉDICA MASCULINA;65
HRJP;2019;7;UNIDADE INTERNAÇÃO - CLINICA PEDIÁTRICA;69
HRJP;2019;7;UNIDADE INTERNAÇÃO - CLINICA TISIOLÓGICA ALA C;31
HRJP;2019;7;UTI;6
HRJP;2019;7;UTI - NEONATAL;4
HRJP;2019;7;UTI PEDIATRICA;4
HRJP;2019;8;BLOCO OBSTÉTRICO;2
HRJP;2019;8;UNIDADE INTERNAÇÃO - ALTO RISCO OBSTETRICO (MATERNIDADE);120
HRJP;2019;8;UNIDADE INTERNAÇÃO - CLINICA MÉDICA ALA B;76
HRJP;2019;8;UNIDADE INTERNAÇÃO - CLINICA MÉDICA MASCULINA;59
HRJP;2019;8;UNIDADE INTERNAÇÃO - CLINICA PEDIÁTRICA;66
HRJP;2019;8;UNIDADE INTERNAÇÃO - CLINICA TISIOLÓGICA ALA C;27
HRJP;2019;8;UTI;7
HRJP;2019;8;UTI - NEONATAL;4
HRJP;2019;8;UTI PEDIATRICA;2
HRJP;2019;9;BLOCO CIRURGICO;1
HRJP;2019;9;BLOCO OBSTÉTRICO;1
HRJP;2019;9;UNIDADE INTERNAÇÃO - ALTO RISCO OBSTETRICO (MATERNIDADE);142
HRJP;2019;9;UNIDADE INTERNAÇÃO - CLINICA MÉDICA ALA B;71
HRJP;2019;9;UNIDADE INTERNAÇÃO - CLINICA MÉDICA MASCULINA;52
HRJP;2019;9;UNIDADE INTERNAÇÃO - CLINICA PEDIÁTRICA;63
HRJP;2019;9;UNIDADE INTERNAÇÃO - CLINICA TISIOLÓGICA ALA C;39
HRJP;2019;9;UTI;10
HRJP;2019;9;UTI - NEONATAL;6
HRJP;2019;9;UTI PEDIATRICA;1
HRJP;2019;10;BLOCO OBSTÉTRICO;1
HRJP;2019;10;UNIDADE INTERNAÇÃO - ALTO RISCO OBSTETRICO (MATERNIDADE);127
HRJP;2019;10;UNIDADE INTERNAÇÃO - CLINICA MÉDICA ALA B;91
HRJP;2019;10;UNIDADE INTERNAÇÃO - CLINICA MÉDICA MASCULINA;56
HRJP;2019;10;UNIDADE INTERNAÇÃO - CLINICA PEDIÁTRICA;79
HRJP;2019;10;UNIDADE INTERNAÇÃO - CLINICA TISIOLÓGICA ALA C;35
HRJP;2019;10;UTI;4
HRJP;2019;10;UTI - NEONATAL;10
HRJP;2019;10;UTI PEDIATRICA;2
HRJP;2019;11;UNIDADE INTERNAÇÃO - ALTO RISCO OBSTETRICO (MATERNIDADE);112
HRJP;2019;11;UNIDADE INTERNAÇÃO - CLINICA MÉDICA ALA B;89
HRJP;2019;11;UNIDADE INTERNAÇÃO - CLINICA MÉDICA MASCULINA;70
HRJP;2019;11;UNIDADE INTERNAÇÃO - CLINICA PEDIÁTRICA;63
HRJP;2019;11;UNIDADE INTERNAÇÃO - CLINICA TISIOLÓGICA ALA C;33
HRJP;2019;11;UTI;5
HRJP;2019;11;UTI - NEONATAL;5
HRJP;2019;11;UTI PEDIATRICA;3
HRJP;2019;12;UNIDADE INTERNAÇÃO - ALTO RISCO OBSTETRICO (MATERNIDADE);136
HRJP;2019;12;UNIDADE INTERNAÇÃO - CLINICA MÉDICA ALA B;101
HRJP;2019;12;UNIDADE INTERNAÇÃO - CLINICA MÉDICA MASCULINA;57
HRJP;2019;12;UNIDADE INTERNAÇÃO - CLINICA PEDIÁTRICA;60
HRJP;2019;12;UNIDADE INTERNAÇÃO - CLINICA TISIOLÓGICA ALA C;38
HRJP;2019;12;UTI;7
HRJP;2019;12;UTI - NEONATAL;5
HRJP;2019;12;UTI PEDIATRICA;3
IRS;2019;1;UNIDADE DE URGÊNCIA - CLINICA PSIQUIÁTRICA SALA DE OBSERVAÇAO;10
IRS;2019;2;AMBULATORIO - PSIQUIATRIA;1
IRS;2019;2;UNIDADE DE URGÊNCIA - CLINICA PSIQUIÁTRICA SALA DE OBSERVAÇAO;16
IRS;2019;3;AMBULATORIO - PSIQUIATRIA;1
IRS;2019;3;UNIDADE DE URGÊNCIA - CLINICA PSIQUIÁTRICA SALA DE OBSERVAÇAO;20
IRS;2019;3;UNIDADE INTERNAÇÃO - PSIQUIATRIA ALA A;2
IRS;2019;3;UNIDADE INTERNAÇÃO - PSIQUIATRIA ALA B;2
IRS;2019;3;UNIDADE INTERNAÇÃO - PSIQUIATRIA ALA C;6
IRS;2019;3;UNIDADE INTERNAÇÃO - PSIQUIATRIA ALA D;2
IRS;2019;3;UNIDADE INTERNAÇÃO - PSIQUIATRIA ALA E;2
IRS;2019;4;UNIDADE DE URGÊNCIA - CLINICA PSIQUIÁTRICA SALA DE OBSERVAÇAO;16
IRS;2019;4;UNIDADE INTERNAÇÃO - PSIQUIATRIA ALA A;21
IRS;2019;4;UNIDADE INTERNAÇÃO - PSIQUIATRIA ALA B;18
IRS;2019;4;UNIDADE INTERNAÇÃO - PSIQUIATRIA ALA C;20
IRS;2019;4;UNIDADE INTERNAÇÃO - PSIQUIATRIA ALA D;16
IRS;2019;4;UNIDADE INTERNAÇÃO - PSIQUIATRIA ALA E;22
IRS;2019;5;UNIDADE DE URGÊNCIA - CLINICA PSIQUIÁTRICA SALA DE OBSERVAÇAO;17
IRS;2019;5;UNIDADE INTERNAÇÃO - PSIQUIATRIA ALA A;14
IRS;2019;5;UNIDADE INTERNAÇÃO - PSIQUIATRIA ALA B;9
IRS;2019;5;UNIDADE INTERNAÇÃO - PSIQUIATRIA ALA C;23
IRS;2019;5;UNIDADE INTERNAÇÃO - PSIQUIATRIA ALA D;10
IRS;2019;5;UNIDADE INTERNAÇÃO - PSIQUIATRIA ALA E;11
IRS;2019;6;UNIDADE DE URGÊNCIA - CLINICA PSIQUIÁTRICA SALA DE OBSERVAÇAO;21
IRS;2019;6;UNIDADE INTERNAÇÃO - PSIQUIATRIA ALA A;13
IRS;2019;6;UNIDADE INTERNAÇÃO - PSIQUIATRIA ALA B;18
IRS;2019;6;UNIDADE INTERNAÇÃO - PSIQUIATRIA ALA C;14
IRS;2019;6;UNIDADE INTERNAÇÃO - PSIQUIATRIA ALA D;9
IRS;2019;6;UNIDADE INTERNAÇÃO - PSIQUIATRIA ALA E;22
IRS;2019;7;UNIDADE DE URGÊNCIA - CLINICA PSIQUIÁTRICA SALA DE OBSERVAÇAO;14
IRS;2019;7;UNIDADE INTERNAÇÃO - PSIQUIATRIA ALA A;18
IRS;2019;7;UNIDADE INTERNAÇÃO - PSIQUIATRIA ALA B;14
IRS;2019;7;UNIDADE INTERNAÇÃO - PSIQUIATRIA ALA C;26
IRS;2019;7;UNIDADE INTERNAÇÃO - PSIQUIATRIA ALA D;15
IRS;2019;7;UNIDADE INTERNAÇÃO - PSIQUIATRIA ALA E;17
IRS;2019;8;UNIDADE DE URGÊNCIA - CLINICA PSIQUIÁTRICA SALA DE OBSERVAÇAO;15
IRS;2019;8;UNIDADE INTERNAÇÃO - PSIQUIATRIA ALA A;21
IRS;2019;8;UNIDADE INTERNAÇÃO - PSIQUIATRIA ALA B;14
IRS;2019;8;UNIDADE INTERNAÇÃO - PSIQUIATRIA ALA C;22
IRS;2019;8;UNIDADE INTERNAÇÃO - PSIQUIATRIA ALA D;11
IRS;2019;8;UNIDADE INTERNAÇÃO - PSIQUIATRIA ALA E;16
IRS;2019;9;UNIDADE DE URGÊNCIA - CLINICA PSIQUIÁTRICA SALA DE OBSERVAÇAO;15
IRS;2019;9;UNIDADE INTERNAÇÃO - PSIQUIATRIA ALA A;15
IRS;2019;9;UNIDADE INTERNAÇÃO - PSIQUIATRIA ALA B;15
IRS;2019;9;UNIDADE INTERNAÇÃO - PSIQUIATRIA ALA C;20
IRS;2019;9;UNIDADE INTERNAÇÃO - PSIQUIATRIA ALA D;13
IRS;2019;9;UNIDADE INTERNAÇÃO - PSIQUIATRIA ALA E;8
IRS;2019;10;UNIDADE DE URGÊNCIA - CLINICA PSIQUIÁTRICA SALA DE OBSERVAÇAO;15
IRS;2019;10;UNIDADE INTERNAÇÃO - PSIQUIATRIA ALA A;20
IRS;2019;10;UNIDADE INTERNAÇÃO - PSIQUIATRIA ALA B;14
IRS;2019;10;UNIDADE INTERNAÇÃO - PSIQUIATRIA ALA C;21
IRS;2019;10;UNIDADE INTERNAÇÃO - PSIQUIATRIA ALA D;12
IRS;2019;10;UNIDADE INTERNAÇÃO - PSIQUIATRIA ALA E;5
IRS;2019;11;UNIDADE DE URGÊNCIA - CLINICA PSIQUIÁTRICA SALA DE OBSERVAÇAO;17
IRS;2019;11;UNIDADE INTERNAÇÃO - PSIQUIATRIA ALA A;22
IRS;2019;11;UNIDADE INTERNAÇÃO - PSIQUIATRIA ALA B;13
IRS;2019;11;UNIDADE INTERNAÇÃO - PSIQUIATRIA ALA C;16
IRS;2019;11;UNIDADE INTERNAÇÃO - PSIQUIATRIA ALA D;11
IRS;2019;11;UNIDADE INTERNAÇÃO - PSIQUIATRIA ALA E;2
IRS;2019;12;UNIDADE DE URGÊNCIA - CLINICA PSIQUIÁTRICA SALA DE OBSERVAÇAO;22
IRS;2019;12;UNIDADE INTERNAÇÃO - PSIQUIATRIA ALA A;15
IRS;2019;12;UNIDADE INTERNAÇÃO - PSIQUIATRIA ALA B;7
IRS;2019;12;UNIDADE INTERNAÇÃO - PSIQUIATRIA ALA C;24
IRS;2019;12;UNIDADE INTERNAÇÃO - PSIQUIATRIA ALA D;11
IRS;2019;12;UNIDADE INTERNAÇÃO - PSIQUIATRIA ALA E;6
MOV;2019;1;ALOJAMENTO CONJUNTO;141
MOV;2019;1;AMBULATORIO - ESPECIALIDADES;4
MOV;2019;1;PRÉ-PARTO;71
MOV;2019;1;UNIDADE DE EMERGENCIA - ADMISSAO;7
MOV;2019;1;UNIDADE INTEMEDIARIA NEONATAL;32
MOV;2019;1;UNIDADE INTERNAÇÃO - ALTO RISCO OBSTETRICO;163
MOV;2019;1;UNIDADE INTERNAÇÃO - GINECOLOGIA CIRÚRGICA UCC;111
MOV;2019;1;UTI;21
MOV;2019;1;UTI - NEONATAL E PEDIATRICO;2
MOV;2019;2;ALOJAMENTO CONJUNTO;223
MOV;2019;2;PRÉ-PARTO;25
MOV;2019;2;UNIDADE DE EMERGENCIA - ADMISSAO;1
MOV;2019;2;UNIDADE INTEMEDIARIA NEONATAL;34
MOV;2019;2;UNIDADE INTERNAÇÃO - ALTO RISCO OBSTETRICO;57
MOV;2019;2;UNIDADE INTERNAÇÃO - GINECOLOGIA CIRÚRGICA UCC;128
MOV;2019;2;UTI;22
MOV;2019;2;UTI - NEONATAL E PEDIATRICO;3
MOV;2019;3;ALOJAMENTO CONJUNTO;238
MOV;2019;3;AMBULATORIO - ESPECIALIDADES;3
MOV;2019;3;PRÉ-PARTO;61
MOV;2019;3;UNIDADE DE EMERGENCIA - ADMISSAO;4
MOV;2019;3;UNIDADE INTEMEDIARIA NEONATAL;34
MOV;2019;3;UNIDADE INTERNAÇÃO - ALTO RISCO OBSTETRICO;56
MOV;2019;3;UNIDADE INTERNAÇÃO - GINECOLOGIA CIRÚRGICA UCC;130
MOV;2019;3;UTI;19
MOV;2019;3;UTI - NEONATAL E PEDIATRICO;5
MOV;2019;4;ALOJAMENTO CONJUNTO;259
MOV;2019;4;AMBULATORIO - ESPECIALIDADES;1
MOV;2019;4;PRÉ-PARTO;37
MOV;2019;4;UNIDADE DE EMERGENCIA - ADMISSAO;1
MOV;2019;4;UNIDADE INTEMEDIARIA NEONATAL;51
MOV;2019;4;UNIDADE INTERNAÇÃO - ALTO RISCO OBSTETRICO;98
MOV;2019;4;UNIDADE INTERNAÇÃO - GINECOLOGIA CIRÚRGICA UCC;106
MOV;2019;4;UTI;26
MOV;2019;4;UTI - NEONATAL E PEDIATRICO;1
MOV;2019;5;ALOJAMENTO CONJUNTO;256
MOV;2019;5;PRÉ-PARTO;35
MOV;2019;5;UNIDADE DE EMERGENCIA - ADMISSAO;2
MOV;2019;5;UNIDADE INTEMEDIARIA NEONATAL;40
MOV;2019;5;UNIDADE INTERNAÇÃO - ALTO RISCO OBSTETRICO;123
MOV;2019;5;UNIDADE INTERNAÇÃO - GINECOLOGIA CIRÚRGICA UCC;108
MOV;2019;5;UTI;14
MOV;2019;5;UTI - NEONATAL E PEDIATRICO;10
MOV;2019;6;ALOJAMENTO CONJUNTO;253
MOV;2019;6;PRÉ-PARTO;28
MOV;2019;6;UNIDADE DE EMERGENCIA - ADMISSAO;3
MOV;2019;6;UNIDADE INTEMEDIARIA NEONATAL;23
MOV;2019;6;UNIDADE INTERNAÇÃO - ALTO RISCO OBSTETRICO;68
MOV;2019;6;UNIDADE INTERNAÇÃO - GINECOLOGIA CIRÚRGICA UCC;141
MOV;2019;6;UTI;16
MOV;2019;6;UTI - NEONATAL E PEDIATRICO;4
MOV;2019;7;ALOJAMENTO CONJUNTO;240
MOV;2019;7;PRÉ-PARTO;36
MOV;2019;7;UNIDADE DE EMERGENCIA - ADMISSAO;2
MOV;2019;7;UNIDADE INTEMEDIARIA NEONATAL;24
MOV;2019;7;UNIDADE INTERNAÇÃO - ALTO RISCO OBSTETRICO;77
MOV;2019;7;UNIDADE INTERNAÇÃO - GINECOLOGIA CIRÚRGICA UCC;139
MOV;2019;7;UTI;26
MOV;2019;7;UTI - NEONATAL E PEDIATRICO;5
MOV;2019;8;ALOJAMENTO CONJUNTO;273
MOV;2019;8;AMBULATORIO - ESPECIALIDADES;1
MOV;2019;8;PRÉ-PARTO;43
MOV;2019;8;UNIDADE DE EMERGENCIA - ADMISSAO;3
MOV;2019;8;UNIDADE INTEMEDIARIA NEONATAL;25
MOV;2019;8;UNIDADE INTERNAÇÃO - ALTO RISCO OBSTETRICO;81
MOV;2019;8;UNIDADE INTERNAÇÃO - GINECOLOGIA CIRÚRGICA UCC;132
MOV;2019;8;UTI;28
MOV;2019;8;UTI - NEONATAL E PEDIATRICO;3
MOV;2019;9;ALOJAMENTO CONJUNTO;236
MOV;2019;9;AMBULATORIO - ESPECIALIDADES;1
MOV;2019;9;PRÉ-PARTO;47
MOV;2019;9;UNIDADE DE EMERGENCIA - ADMISSAO;4
MOV;2019;9;UNIDADE INTEMEDIARIA NEONATAL;23
MOV;2019;9;UNIDADE INTERNAÇÃO - ALTO RISCO OBSTETRICO;101
MOV;2019;9;UNIDADE INTERNAÇÃO - GINECOLOGIA CIRÚRGICA UCC;140
MOV;2019;9;UTI;17
MOV;2019;9;UTI - NEONATAL E PEDIATRICO;4
MOV;2019;10;ALOJAMENTO CONJUNTO;230
MOV;2019;10;AMBULATORIO - ESPECIALIDADES;1
MOV;2019;10;PRÉ-PARTO;46
MOV;2019;10;UNIDADE DE EMERGENCIA - ADMISSAO;3
MOV;2019;10;UNIDADE INTEMEDIARIA NEONATAL;26
MOV;2019;10;UNIDADE INTERNAÇÃO - ALTO RISCO OBSTETRICO;137
MOV;2019;10;UNIDADE INTERNAÇÃO - GINECOLOGIA CIRÚRGICA UCC;132
MOV;2019;10;UTI;19
MOV;2019;10;UTI - NEONATAL E PEDIATRICO;4
MOV;2019;11;ALOJAMENTO CONJUNTO;206
MOV;2019;11;PRÉ-PARTO;40
MOV;2019;11;UNIDADE DE EMERGENCIA - ADMISSAO;2
MOV;2019;11;UNIDADE INTEMEDIARIA NEONATAL;21
MOV;2019;11;UNIDADE INTERNAÇÃO - ALTO RISCO OBSTETRICO;99
MOV;2019;11;UNIDADE INTERNAÇÃO - GINECOLOGIA CIRÚRGICA UCC;150
MOV;2019;11;UTI;24
MOV;2019;11;UTI - NEONATAL E PEDIATRICO;2
MOV;2019;12;ALOJAMENTO CONJUNTO;238
MOV;2019;12;PRÉ-PARTO;45
MOV;2019;12;UNIDADE DE EMERGENCIA - ADMISSAO;1
MOV;2019;12;UNIDADE INTEMEDIARIA NEONATAL;31
MOV;2019;12;UNIDADE INTERNAÇÃO - ALTO RISCO OBSTETRICO;83
MOV;2019;12;UNIDADE INTERNAÇÃO - GINECOLOGIA CIRÚRGICA UCC;112
MOV;2019;12;UTI;26
MOV;2019;12;UTI - NEONATAL E PEDIATRICO;6
CHPB;2020;1;CAC - CENTRO DE ACOLHIMENTO DE CRISE;36
CHPB;2020;1;UIC - UNIDADE INTERCORRENCIAS CLINICAS;1
CHPB;2020;1;UNIDADE INTERNAÇÃO - PSIQUIATRIA CASA LAR 1;1
CHPB;2020;1;UNIDADE INTERNAÇÃO - PSIQUIATRIA MÓDULO RESIDENCIAL 2;3
CHPB;2020;1;UNIDADE INTERNAÇÃO - PSIQUIATRIA MÓDULO RESIDENCIAL 3;1
CHPB;2020;1;UNIDADE INTERNAÇÃO - PSIQUIATRIA MÓDULO RESIDENCIAL 4;1
CHPB;2020;2;AMBULATORIO DE SAUDE MENTAL;1
CHPB;2020;2;CAC - CENTRO DE ACOLHIMENTO DE CRISE;30
CHPB;2020;2;UIC - UNIDADE INTERCORRENCIAS CLINICAS;1
CHPB;2020;2;UNIDADE INTERNAÇÃO - PSIQUIATRIA CASA LAR 3;1
CHPB;2020;2;UNIDADE INTERNAÇÃO - PSIQUIATRIA MÓDULO RESIDENCIAL 4;1
CHPB;2020;2;UNIDADE INTERNAÇÃO - PSIQUIATRIA MÓDULO RESIDENCIAL 5;1
CHPB;2020;3;CAC - CENTRO DE ACOLHIMENTO DE CRISE;35
CHPB;2020;3;UIC - UNIDADE INTERCORRENCIAS CLINICAS;1
CHPB;2020;3;UNIDADE INTERNAÇÃO - PSIQUIATRIA MÓDULO RESIDENCIAL 2;1
CHPB;2020;3;UNIDADE INTERNAÇÃO - PSIQUIATRIA MÓDULO RESIDENCIAL 5;1
CHPB;2020;4;CAC - CENTRO DE ACOLHIMENTO DE CRISE;22
CHPB;2020;4;UNIDADE DE CUIDADOS CONTINUADOS INTEGRADOS;4
CHPB;2020;4;UNIDADE INTERNAÇÃO - PSIQUIATRIA CASA LAR 2;1
CHPB;2020;4;UNIDADE INTERNAÇÃO - PSIQUIATRIA MÓDULO RESIDENCIAL 4;1
CHPB;2020;5;CAC - CENTRO DE ACOLHIMENTO DE CRISE;17
CHPB;2020;5;UIC - UNIDADE INTERCORRENCIAS CLINICAS;2
CHPB;2020;5;UNIDADE DE CUIDADOS CONTINUADOS INTEGRADOS;8
CHPB;2020;5;UNIDADE INTERNAÇÃO - PSIQUIATRIA CASA LAR 3;1
CHPB;2020;5;UNIDADE INTERNAÇÃO - PSIQUIATRIA MÓDULO RESIDENCIAL 4;1
CHPB;2020;6;CAC - CENTRO DE ACOLHIMENTO DE CRISE;17
CHPB;2020;6;UIC - UNIDADE INTERCORRENCIAS CLINICAS;1
CHPB;2020;6;UNIDADE DE CUIDADOS CONTINUADOS INTEGRADOS;6
CHPB;2020;6;UNIDADE INTERNAÇÃO - PSIQUIATRIA MÓDULO RESIDENCIAL 2;2
CHPB;2020;6;UNIDADE INTERNAÇÃO - PSIQUIATRIA MÓDULO RESIDENCIAL 3;1
CHPB;2020;7;CAC - CENTRO DE ACOLHIMENTO DE CRISE;24
CHPB;2020;7;UIC - UNIDADE INTERCORRENCIAS CLINICAS;2
CHPB;2020;7;UNIDADE DE CUIDADOS CONTINUADOS INTEGRADOS;6
CHPB;2020;7;UNIDADE INTERNAÇÃO - PSIQUIATRIA CASA LAR 1;2
CHPB;2020;8;CAC - CENTRO DE ACOLHIMENTO DE CRISE;25
CHPB;2020;8;UIC - UNIDADE INTERCORRENCIAS CLINICAS;1
CHPB;2020;8;UNIDADE DE CUIDADOS CONTINUADOS INTEGRADOS;11
CHPB;2020;8;UNIDADE INTERNAÇÃO - PSIQUIATRIA MÓDULO RESIDENCIAL 2;2
CHPB;2020;9;CAC - CENTRO DE ACOLHIMENTO DE CRISE;22
CHPB;2020;9;UIC - UNIDADE INTERCORRENCIAS CLINICAS;1
CHPB;2020;9;UNIDADE DE CUIDADOS CONTINUADOS INTEGRADOS;7
CHPB;2020;9;UNIDADE INTERNAÇÃO - PSIQUIATRIA CASA LAR 3;1
CHPB;2020;9;UNIDADE INTERNAÇÃO - PSIQUIATRIA MÓDULO RESIDENCIAL 2;1
CHPB;2020;9;UNIDADE INTERNAÇÃO - PSIQUIATRIA MÓDULO RESIDENCIAL 4;1
CHPB;2020;9;UNIDADE INTERNAÇÃO - PSIQUIATRIA MÓDULO RESIDENCIAL 5;1
CHPB;2020;10;CAC - CENTRO DE ACOLHIMENTO DE CRISE;23
CHPB;2020;10;UIC - UNIDADE INTERCORRENCIAS CLINICAS;1
CHPB;2020;10;UNIDADE DE CUIDADOS CONTINUADOS INTEGRADOS;5
CHPB;2020;11;CAC - CENTRO DE ACOLHIMENTO DE CRISE;19
CHPB;2020;11;UIC - UNIDADE INTERCORRENCIAS CLINICAS;2
CHPB;2020;11;UNIDADE DE CUIDADOS CONTINUADOS INTEGRADOS;3
CHPB;2020;11;UNIDADE INTERNAÇÃO - PSIQUIATRIA MÓDULO RESIDENCIAL 3;1
CHPB;2020;11;UNIDADE INTERNAÇÃO - PSIQUIATRIA MÓDULO RESIDENCIAL 5;1
CHPB;2020;12;CAC - CENTRO DE ACOLHIMENTO DE CRISE;31
CHPB;2020;12;UIC - UNIDADE INTERCORRENCIAS CLINICAS;1
CHPB;2020;12;UNIDADE DE CUIDADOS CONTINUADOS INTEGRADOS;5
CHPB;2020;12;UNIDADE INTERNAÇÃO - PSIQUIATRIA MÓDULO RESIDENCIAL 2;1
CSPD;2020;1;UNIDADE INTERNAÇÃO - CLINICA MÉDICA;45
CSPD;2020;2;UNIDADE INTERNAÇÃO - CLINICA MÉDICA;47
CSPD;2020;3;UNIDADE INTERNAÇÃO - CLINICA MÉDICA;34
CSPD;2020;4;UNIDADE INTERNAÇÃO - CLINICA MÉDICA;19
CSPD;2020;5;UNIDADE INTERNAÇÃO - CLINICA MÉDICA;20
CSPD;2020;6;UNIDADE INTERNAÇÃO - CLINICA MÉDICA;23
CSPD;2020;7;UNIDADE INTERNAÇÃO - CLINICA MÉDICA;17
CSPD;2020;8;UNIDADE INTERNAÇÃO - CLINICA MÉDICA;24
CSPD;2020;9;UNIDADE INTERNAÇÃO - CLINICA MÉDICA;31
CSPD;2020;10;UNIDADE INTERNAÇÃO - CLINICA MÉDICA;30
CSPD;2020;11;UNIDADE INTERNAÇÃO - CLINICA MÉDICA;18
CSPD;2020;12;UNIDADE INTERNAÇÃO - CLINICA MÉDICA;32
CSSFA;2020;1;UNIDADE DE INTERNACAO CCI Cuidados Continuados Integ;6
CSSFA;2020;1;UNIDADE INTERNAÇÃO - CLINICA MÉDICA;1
CSSFA;2020;2;UNIDADE DE INTERNACAO CCI Cuidados Continuados Integ;13
CSSFA;2020;2;UNIDADE INTERNAÇÃO - CLINICA CIRURGICA;1
CSSFA;2020;2;UNIDADE INTERNAÇÃO - CLINICA MÉDICA;1
CSSFA;2020;3;UNIDADE DE INTERNACAO CCI Cuidados Continuados Integ;25
CSSFA;2020;3;UNIDADE INTERNAÇÃO - CLINICA CIRURGICA;1
CSSFA;2020;3;UNIDADE INTERNAÇÃO - CLINICA MÉDICA;5
CSSFA;2020;4;UNIDADE DE INTERNACAO CCI Cuidados Continuados Integ;9
CSSFA;2020;4;UNIDADE INTERNAÇÃO - CLINICA MÉDICA;1
CSSFA;2020;5;UNIDADE DE INTERNACAO CCI Cuidados Continuados Integ;13
CSSFA;2020;6;UNIDADE DE INTERNACAO CCI Cuidados Continuados Integ;11
CSSFA;2020;7;UNIDADE DE INTERNACAO CCI Cuidados Continuados Integ;10
CSSFA;2020;8;UNIDADE DE INTERNACAO CCI Cuidados Continuados Integ;18
CSSFA;2020;9;UNIDADE DE INTERNACAO CCI Cuidados Continuados Integ;13
CSSFA;2020;9;UNIDADE INTERNAÇÃO - CLINICA MÉDICA;2
CSSFA;2020;10;UNIDADE DE INTERNACAO CCI Cuidados Continuados Integ;19
CSSFA;2020;11;UNIDADE DE INTERNACAO CCI Cuidados Continuados Integ;14
CSSFA;2020;12;UNIDADE DE INTERNACAO CCI Cuidados Continuados Integ;22
CSSFA;2020;12;UNIDADE INTERNAÇÃO - CLINICA MÉDICA;2
CSSFE;2020;1;UNIDADE INTERNAÇÃO - CLINICA MÉDICA;8
CSSFE;2020;2;UNIDADE INTERNAÇÃO - CLINICA MÉDICA;17
CSSFE;2020;3;UNIDADE INTERNAÇÃO - CLINICA MÉDICA;12
CSSFE;2020;4;UNIDADE INTERNAÇÃO - CLINICA MÉDICA;13
CSSFE;2020;5;UNIDADE INTERNAÇÃO - CLINICA MÉDICA;10
CSSFE;2020;6;UNIDADE INTERNAÇÃO - CLINICA MÉDICA;9
CSSFE;2020;7;UNIDADE INTERNAÇÃO - CLINICA MÉDICA;15
CSSFE;2020;8;UNIDADE INTERNAÇÃO - CLINICA MÉDICA;10
CSSFE;2020;9;UNIDADE INTERNAÇÃO - CLINICA MÉDICA;6
CSSFE;2020;10;UNIDADE INTERNAÇÃO - CLINICA MÉDICA;10
CSSFE;2020;11;UNIDADE INTERNAÇÃO - CLINICA MÉDICA;16
CSSFE;2020;12;UNIDADE INTERNAÇÃO - CLINICA MÉDICA;28
CSSI;2020;1;UNIDADE INTERNAÇÃO - CLÍNICA MÉDICA FEMININA;24
CSSI;2020;1;UNIDADE INTERNAÇÃO - CLINICA MÉDICA MASCULINA;15
CSSI;2020;1;UNIDADE URGENCIA/EMERGENCIA;40
CSSI;2020;2;UNIDADE INTERNAÇÃO - CLÍNICA MÉDICA FEMININA;18
CSSI;2020;2;UNIDADE INTERNAÇÃO - CLINICA MÉDICA MASCULINA;25
CSSI;2020;2;UNIDADE URGENCIA/EMERGENCIA;44
CSSI;2020;3;UNIDADE INTERNAÇÃO - CLÍNICA MÉDICA FEMININA;20
CSSI;2020;3;UNIDADE INTERNAÇÃO - CLINICA MÉDICA MASCULINA;16
CSSI;2020;3;UNIDADE URGENCIA/EMERGENCIA;36
CSSI;2020;4;UNIDADE INTERNAÇÃO - CLÍNICA MÉDICA FEMININA;18
CSSI;2020;4;UNIDADE INTERNAÇÃO - CLINICA MÉDICA MASCULINA;4
CSSI;2020;4;UNIDADE URGENCIA/EMERGENCIA;36
CSSI;2020;5;UNIDADE INTERNAÇÃO - CLÍNICA MÉDICA FEMININA;13
CSSI;2020;5;UNIDADE INTERNAÇÃO - CLINICA MÉDICA MASCULINA;5
CSSI;2020;5;UNIDADE URGENCIA/EMERGENCIA;34
CSSI;2020;6;UNIDADE INTERNAÇÃO - CLÍNICA MÉDICA FEMININA;19
CSSI;2020;6;UNIDADE INTERNAÇÃO - CLINICA MÉDICA MASCULINA;11
CSSI;2020;6;UNIDADE URGENCIA/EMERGENCIA;30
CSSI;2020;7;UNIDADE INTERNAÇÃO - CLÍNICA MÉDICA FEMININA;18
CSSI;2020;7;UNIDADE INTERNAÇÃO - CLINICA MÉDICA MASCULINA;16
CSSI;2020;7;UNIDADE URGENCIA/EMERGENCIA;28
CSSI;2020;8;UNIDADE INTERNAÇÃO - CLÍNICA MÉDICA FEMININA;20
CSSI;2020;8;UNIDADE INTERNAÇÃO - CLINICA MÉDICA MASCULINA;14
CSSI;2020;8;UNIDADE URGENCIA/EMERGENCIA;29
CSSI;2020;9;UNIDADE INTERNAÇÃO - CLÍNICA MÉDICA FEMININA;5
CSSI;2020;9;UNIDADE INTERNAÇÃO - CLINICA MÉDICA MASCULINA;16
CSSI;2020;9;UNIDADE URGENCIA/EMERGENCIA;48
CSSI;2020;10;UNIDADE INTERNAÇÃO - CLÍNICA MÉDICA FEMININA;14
CSSI;2020;10;UNIDADE INTERNAÇÃO - CLINICA MÉDICA MASCULINA;11
CSSI;2020;10;UNIDADE URGENCIA/EMERGENCIA;53
CSSI;2020;11;PRONTO ATENDIMENTO;11
CSSI;2020;11;UNIDADE INTERNAÇÃO - CLINICA MÉDICA ALA A;2
CSSI;2020;11;UNIDADE INTERNAÇÃO - CLINICA MÉDICA ALA B;6
CSSI;2020;11;UNIDADE INTERNAÇÃO - CLÍNICA MÉDICA FEMININA;10
CSSI;2020;11;UNIDADE INTERNAÇÃO - CLINICA MÉDICA MASCULINA;5
CSSI;2020;11;UNIDADE URGENCIA/EMERGENCIA;45
CSSI;2020;12;PRONTO ATENDIMENTO;43
CSSI;2020;12;UNIDADE INTERNAÇÃO - CLINICA MÉDICA ALA A;24
CSSI;2020;12;UNIDADE INTERNAÇÃO - CLINICA MÉDICA ALA B;19
HAC;2020;1;UNIDADE INTERNAÇÃO - CIRURGIA GERAL;104
HAC;2020;1;UNIDADE INTERNAÇÃO - CLINICA MÉDICA;124
HAC;2020;1;UNIDADE URGENCIA/EMERGENCIA;44
HAC;2020;1;UTI;3
HAC;2020;2;AMBULATORIO - ESPECIALIDADES;1
HAC;2020;2;QUIMIOTERAPIA;2
HAC;2020;2;UNIDADE INTERNAÇÃO - CIRURGIA GERAL;143
HAC;2020;2;UNIDADE INTERNAÇÃO - CLINICA MÉDICA;95
HAC;2020;2;UNIDADE URGENCIA/EMERGENCIA;27
HAC;2020;2;UTI;8
HAC;2020;3;QUIMIOTERAPIA;2
HAC;2020;3;UNIDADE INTERNAÇÃO - CIRURGIA GERAL;139
HAC;2020;3;UNIDADE INTERNAÇÃO - CLINICA MÉDICA;128
HAC;2020;3;UNIDADE URGENCIA/EMERGENCIA;23
HAC;2020;3;UTI;10
HAC;2020;4;AMBULATORIO - ESPECIALIDADES;1
HAC;2020;4;QUIMIOTERAPIA;1
HAC;2020;4;UNIDADE INTERNAÇÃO - CIRURGIA GERAL;118
HAC;2020;4;UNIDADE INTERNAÇÃO - CLINICA MÉDICA;103
HAC;2020;4;UNIDADE URGENCIA/EMERGENCIA;8
HAC;2020;4;UTI;11
HAC;2020;5;QUIMIOTERAPIA;1
HAC;2020;5;UNIDADE INTERNAÇÃO - CIRURGIA GERAL;113
HAC;2020;5;UNIDADE INTERNAÇÃO - CLINICA MÉDICA;113
HAC;2020;5;UNIDADE URGENCIA/EMERGENCIA;14
HAC;2020;5;UTI;9
HAC;2020;6;AMBULATORIO - ESPECIALIDADES;2
HAC;2020;6;QUIMIOTERAPIA;1
HAC;2020;6;UNIDADE INTERNAÇÃO - CIRURGIA GERAL;105
HAC;2020;6;UNIDADE INTERNAÇÃO - CLINICA MÉDICA;124
HAC;2020;6;UNIDADE URGENCIA/EMERGENCIA;15
HAC;2020;6;UTI;7
HAC;2020;7;AMBULATORIO - ESPECIALIDADES;1
HAC;2020;7;UNIDADE INTERNAÇÃO - CIRURGIA GERAL;105
HAC;2020;7;UNIDADE INTERNAÇÃO - CLINICA MÉDICA;124
HAC;2020;7;UNIDADE URGENCIA/EMERGENCIA;21
HAC;2020;7;UTI;10
HAC;2020;8;AMBULATORIO - ESPECIALIDADES;1
HAC;2020;8;QUIMIOTERAPIA;1
HAC;2020;8;UNIDADE INTERNAÇÃO - CIRURGIA GERAL;115
HAC;2020;8;UNIDADE INTERNAÇÃO - CLINICA MÉDICA;117
HAC;2020;8;UNIDADE URGENCIA/EMERGENCIA;41
HAC;2020;8;UTI;3
HAC;2020;9;QUIMIOTERAPIA;1
HAC;2020;9;UNIDADE INTERNAÇÃO - CIRURGIA GERAL;109
HAC;2020;9;UNIDADE INTERNAÇÃO - CLINICA MÉDICA;107
HAC;2020;9;UNIDADE URGENCIA/EMERGENCIA;35
HAC;2020;9;UTI;4
HAC;2020;10;QUIMIOTERAPIA;1
HAC;2020;10;UNIDADE INTERNAÇÃO - CIRURGIA GERAL;120
HAC;2020;10;UNIDADE INTERNAÇÃO - CLINICA MÉDICA;116
HAC;2020;10;UNIDADE URGENCIA/EMERGENCIA;32
HAC;2020;10;UTI;8
HAC;2020;11;AMBULATORIO - ESPECIALIDADES;1
HAC;2020;11;UNIDADE INTERNAÇÃO - CIRURGIA GERAL;119
HAC;2020;11;UNIDADE INTERNAÇÃO - CLINICA MÉDICA;107
HAC;2020;11;UNIDADE URGENCIA/EMERGENCIA;39
HAC;2020;11;UTI;3
HAC;2020;12;AMBULATORIO - ESPECIALIDADES;1
HAC;2020;12;UNIDADE INTERNAÇÃO - CIRURGIA GERAL;129
HAC;2020;12;UNIDADE INTERNAÇÃO - CLINICA MÉDICA;117
HAC;2020;12;UNIDADE URGENCIA/EMERGENCIA;27
HAC;2020;12;UTI;3
HCM;2020;1;UNIDADE INTERNAÇÃO - CLINICA CIRURGICA;55
HCM;2020;1;UNIDADE INTERNAÇÃO - CUIDADOS PROLONGADOS;2
HCM;2020;2;UNIDADE INTERNAÇÃO - CLINICA CIRURGICA;17
HCM;2020;2;UNIDADE INTERNAÇÃO - CUIDADOS PROLONGADOS;2
HCM;2020;3;UNIDADE INTERNAÇÃO - CLINICA CIRURGICA;1
HCM;2020;3;UNIDADE INTERNAÇÃO - CUIDADOS PROLONGADOS;7
HCM;2020;4;UNIDADE INTERNAÇÃO - CUIDADOS PROLONGADOS;6
HCM;2020;5;UNIDADE INTERNAÇÃO - CUIDADOS PROLONGADOS;5
HCM;2020;6;UNIDADE INTERNAÇÃO - CUIDADOS PROLONGADOS;4
HCM;2020;7;UNIDADE INTERNAÇÃO - CUIDADOS PROLONGADOS;6
HCM;2020;8;UNIDADE INTERNAÇÃO - CUIDADOS PROLONGADOS;11
HCM;2020;9;UNIDADE INTERNAÇÃO - CUIDADOS PROLONGADOS;4
HCM;2020;10;UNIDADE INTERNAÇÃO - CUIDADOS PROLONGADOS;5
HCM;2020;11;UNIDADE INTERNAÇÃO - CUIDADOS PROLONGADOS;11
HCM;2020;12;UNIDADE INTERNAÇÃO - CUIDADOS PROLONGADOS;4
HEM;2020;1;UNIDADE INTERNAÇÃO - DOENÇAS INFECTO-CONTAGIOSAS E PARASITÁRIAS DOENÇAS INFECTO CONTAGIOSAS;94
HEM;2020;1;UTI;21
HEM;2020;2;UNIDADE INTERNAÇÃO - DOENÇAS INFECTO-CONTAGIOSAS E PARASITÁRIAS DOENÇAS INFECTO CONTAGIOSAS;95
HEM;2020;2;UTI;9
HEM;2020;3;UNIDADE INTERNAÇÃO - DOENÇAS INFECTO-CONTAGIOSAS E PARASITÁRIAS DOENÇAS INFECTO CONTAGIOSAS;116
HEM;2020;3;UTI;20
HEM;2020;4;UNIDADE INTERNAÇÃO - DOENÇAS INFECTO-CONTAGIOSAS E PARASITÁRIAS DOENÇAS INFECTO CONTAGIOSAS;142
HEM;2020;4;UTI;32
HEM;2020;5;UNIDADE INTERNAÇÃO - DOENÇAS INFECTO-CONTAGIOSAS E PARASITÁRIAS DOENÇAS INFECTO CONTAGIOSAS;159
HEM;2020;5;UTI;48
HEM;2020;6;UNIDADE INTERNAÇÃO - DOENÇAS INFECTO-CONTAGIOSAS E PARASITÁRIAS DOENÇAS INFECTO CONTAGIOSAS;141
HEM;2020;6;UTI;41
HEM;2020;7;UNIDADE INTERNAÇÃO - DOENÇAS INFECTO-CONTAGIOSAS E PARASITÁRIAS DOENÇAS INFECTO CONTAGIOSAS;202
HEM;2020;7;UTI;55
HEM;2020;8;UNIDADE INTERNAÇÃO - DOENÇAS INFECTO-CONTAGIOSAS E PARASITÁRIAS DOENÇAS INFECTO CONTAGIOSAS;136
HEM;2020;8;UTI;39
HEM;2020;9;UNIDADE INTERNAÇÃO - DOENÇAS INFECTO-CONTAGIOSAS E PARASITÁRIAS DOENÇAS INFECTO CONTAGIOSAS;107
HEM;2020;9;UTI;36
HEM;2020;10;UNIDADE INTERNAÇÃO - DOENÇAS INFECTO-CONTAGIOSAS E PARASITÁRIAS DOENÇAS INFECTO CONTAGIOSAS;129
HEM;2020;10;UTI;25
HEM;2020;11;UNIDADE INTERNAÇÃO - DOENÇAS INFECTO-CONTAGIOSAS E PARASITÁRIAS DOENÇAS INFECTO CONTAGIOSAS;130
HEM;2020;11;UTI;20
HEM;2020;12;UNIDADE INTERNAÇÃO - DOENÇAS INFECTO-CONTAGIOSAS E PARASITÁRIAS DOENÇAS INFECTO CONTAGIOSAS;172
HEM;2020;12;UTI;61
HIJPII;2020;1;UNIDADE INTERNAÇÃO - CLINICA PEDIÁTRICA;223
HIJPII;2020;1;UNIDADE INTERNAÇÃO - CURTO PRAZO;8
HIJPII;2020;1;UNIDADE INTERNAÇÃO - DOENÇAS INFECTO-CONTAGIOSAS E PARASITÁRIAS;90
HIJPII;2020;1;UTI;8
HIJPII;2020;2;AMBULATORIO - ESPECIALIDADES;1
HIJPII;2020;2;UNIDADE INTERNAÇÃO - CLINICA PEDIÁTRICA;213
HIJPII;2020;2;UNIDADE INTERNAÇÃO - CURTO PRAZO;18
HIJPII;2020;2;UNIDADE INTERNAÇÃO - DOENÇAS INFECTO-CONTAGIOSAS E PARASITÁRIAS;111
HIJPII;2020;2;UTI;10
HIJPII;2020;3;AMBULATORIO - ESPECIALIDADES;1
HIJPII;2020;3;UNIDADE INTERNAÇÃO - CLINICA PEDIÁTRICA;248
HIJPII;2020;3;UNIDADE INTERNAÇÃO - CURTO PRAZO;38
HIJPII;2020;3;UNIDADE INTERNAÇÃO - DOENÇAS INFECTO-CONTAGIOSAS E PARASITÁRIAS;175
HIJPII;2020;3;UTI;9
HIJPII;2020;4;UNIDADE INTERNAÇÃO - CLINICA PEDIÁTRICA;156
HIJPII;2020;4;UNIDADE INTERNAÇÃO - CURTO PRAZO;5
HIJPII;2020;4;UNIDADE INTERNAÇÃO - DOENÇAS INFECTO-CONTAGIOSAS E PARASITÁRIAS;79
HIJPII;2020;4;UTI;7
HIJPII;2020;5;UNIDADE INTERNAÇÃO - CLINICA PEDIÁTRICA;162
HIJPII;2020;5;UNIDADE INTERNAÇÃO - CURTO PRAZO;5
HIJPII;2020;5;UNIDADE INTERNAÇÃO - DOENÇAS INFECTO-CONTAGIOSAS E PARASITÁRIAS;80
HIJPII;2020;5;UTI;13
HIJPII;2020;6;UNIDADE INTERNAÇÃO - CLINICA PEDIÁTRICA;167
HIJPII;2020;6;UNIDADE INTERNAÇÃO - CURTO PRAZO;15
HIJPII;2020;6;UNIDADE INTERNAÇÃO - DOENÇAS INFECTO-CONTAGIOSAS E PARASITÁRIAS;150
HIJPII;2020;6;UTI;10
HIJPII;2020;7;UNIDADE INTERNAÇÃO - CLINICA PEDIÁTRICA;162
HIJPII;2020;7;UNIDADE INTERNAÇÃO - CURTO PRAZO;8
HIJPII;2020;7;UNIDADE INTERNAÇÃO - DOENÇAS INFECTO-CONTAGIOSAS E PARASITÁRIAS;193
HIJPII;2020;7;UTI;6
HIJPII;2020;8;UNIDADE INTERNAÇÃO - CLINICA PEDIÁTRICA;174
HIJPII;2020;8;UNIDADE INTERNAÇÃO - CURTO PRAZO;6
HIJPII;2020;8;UNIDADE INTERNAÇÃO - DOENÇAS INFECTO-CONTAGIOSAS E PARASITÁRIAS;135
HIJPII;2020;8;UTI;8
HIJPII;2020;9;UNIDADE INTERNAÇÃO - CLINICA PEDIÁTRICA;176
HIJPII;2020;9;UNIDADE INTERNAÇÃO - CURTO PRAZO;9
HIJPII;2020;9;UNIDADE INTERNAÇÃO - DOENÇAS INFECTO-CONTAGIOSAS E PARASITÁRIAS;108
HIJPII;2020;9;UTI;7
HIJPII;2020;10;UNIDADE INTERNAÇÃO - CLINICA PEDIÁTRICA;174
HIJPII;2020;10;UNIDADE INTERNAÇÃO - CURTO PRAZO;18
HIJPII;2020;10;UNIDADE INTERNAÇÃO - DOENÇAS INFECTO-CONTAGIOSAS E PARASITÁRIAS;112
HIJPII;2020;10;UTI;5
HIJPII;2020;11;UNIDADE INTERNAÇÃO - CLINICA PEDIÁTRICA;190
HIJPII;2020;11;UNIDADE INTERNAÇÃO - CURTO PRAZO;17
HIJPII;2020;11;UNIDADE INTERNAÇÃO - DOENÇAS INFECTO-CONTAGIOSAS E PARASITÁRIAS;137
HIJPII;2020;11;UTI;11
HIJPII;2020;12;AMBULATORIO - ESPECIALIDADES;1
HIJPII;2020;12;UNIDADE INTERNAÇÃO - CLINICA PEDIÁTRICA;185
HIJPII;2020;12;UNIDADE INTERNAÇÃO - CURTO PRAZO;11
HIJPII;2020;12;UNIDADE INTERNAÇÃO - DOENÇAS INFECTO-CONTAGIOSAS E PARASITÁRIAS;135
HIJPII;2020;12;UTI;9
HJK;2020;1;ALOJAMENTO CONJUNTO;277
HJK;2020;1;UNIDADE DE URGENCIA - CLINICA MEDICA;120
HJK;2020;1;UNIDADE INTERNAÇÃO - CLINICA CIRURGICA;163
HJK;2020;1;UNIDADE INTERNAÇÃO - CLINICA MÉDICA;128
HJK;2020;1;UNIDADE INTERNAÇÃO - CLINICA PNEUMOLOGICA;99
HJK;2020;1;UNIDADE INTERNAÇÃO - CLINICA TISIOLÓGICA;22
HJK;2020;1;UNIDADE URGENCIA/EMERGENCIA CLÍNICA MÉDICA - INTERNAÇÃO;7
HJK;2020;1;UTI - NEONATAL E PEDIATRICO UTIN E UCIN;7
HJK;2020;1;UTI CTI;23
HJK;2020;2;ALOJAMENTO CONJUNTO;263
HJK;2020;2;UNIDADE DE URGENCIA - CLINICA MEDICA;91
HJK;2020;2;UNIDADE INTERNAÇÃO - CLINICA CIRURGICA;187
HJK;2020;2;UNIDADE INTERNAÇÃO - CLINICA MÉDICA;101
HJK;2020;2;UNIDADE INTERNAÇÃO - CLINICA PNEUMOLOGICA;73
HJK;2020;2;UNIDADE INTERNAÇÃO - CLINICA TISIOLÓGICA;16
HJK;2020;2;UNIDADE URGENCIA/EMERGENCIA CLÍNICA MÉDICA - INTERNAÇÃO;59
HJK;2020;2;UTI - NEONATAL E PEDIATRICO UTIN E UCIN;8
HJK;2020;2;UTI CTI;19
HJK;2020;3;ALOJAMENTO CONJUNTO;293
HJK;2020;3;UNIDADE DE URGENCIA - CLINICA MEDICA;78
HJK;2020;3;UNIDADE INTERNAÇÃO - CLINICA CIRURGICA;170
HJK;2020;3;UNIDADE INTERNAÇÃO - CLINICA MÉDICA;138
HJK;2020;3;UNIDADE INTERNAÇÃO - CLINICA PNEUMOLOGICA;124
HJK;2020;3;UNIDADE INTERNAÇÃO - CLINICA TISIOLÓGICA;11
HJK;2020;3;UNIDADE URGENCIA/EMERGENCIA CLÍNICA MÉDICA - INTERNAÇÃO;50
HJK;2020;3;UTI - NEONATAL E PEDIATRICO UTIN E UCIN;8
HJK;2020;3;UTI CTI;25
HJK;2020;4;ALOJAMENTO CONJUNTO;206
HJK;2020;4;UNIDADE DE URGENCIA - CLINICA MEDICA;25
HJK;2020;4;UNIDADE INTERNAÇÃO - CLINICA CIRURGICA;104
HJK;2020;4;UNIDADE INTERNAÇÃO - CLINICA MÉDICA;114
HJK;2020;4;UNIDADE INTERNAÇÃO - CLINICA PNEUMOLOGICA;40
HJK;2020;4;UNIDADE INTERNAÇÃO - CLINICA TISIOLÓGICA;21
HJK;2020;4;UNIDADE URGENCIA/EMERGENCIA CLÍNICA MÉDICA - INTERNAÇÃO;33
HJK;2020;4;UTI - NEONATAL E PEDIATRICO UTIN E UCIN;9
HJK;2020;4;UTI CTI;21
HJK;2020;5;ALOJAMENTO CONJUNTO;234
HJK;2020;5;UNIDADE DE URGENCIA - CLINICA MEDICA;31
HJK;2020;5;UNIDADE INTERNAÇÃO - CLINICA CIRURGICA;115
HJK;2020;5;UNIDADE INTERNAÇÃO - CLINICA MÉDICA;135
HJK;2020;5;UNIDADE INTERNAÇÃO - CLINICA PNEUMOLOGICA;91
HJK;2020;5;UNIDADE INTERNAÇÃO - CLINICA TISIOLÓGICA;12
HJK;2020;5;UNIDADE URGENCIA/EMERGENCIA CLÍNICA MÉDICA - INTERNAÇÃO;45
HJK;2020;5;UTI - NEONATAL E PEDIATRICO UTIN E UCIN;9
HJK;2020;5;UTI CTI;17
HJK;2020;6;ALOJAMENTO CONJUNTO;214
HJK;2020;6;UNIDADE DE URGENCIA - CLINICA MEDICA;78
HJK;2020;6;UNIDADE INTERNAÇÃO - CLINICA CIRURGICA;82
HJK;2020;6;UNIDADE INTERNAÇÃO - CLINICA MÉDICA;87
HJK;2020;6;UNIDADE INTERNAÇÃO - CLINICA PNEUMOLOGICA;71
HJK;2020;6;UNIDADE INTERNAÇÃO - CLINICA TISIOLÓGICA;13
HJK;2020;6;UNIDADE URGENCIA/EMERGENCIA CLÍNICA MÉDICA - INTERNAÇÃO;36
HJK;2020;6;UTI - NEONATAL E PEDIATRICO UTIN E UCIN;6
HJK;2020;6;UTI CTI;14
HJK;2020;7;ALOJAMENTO CONJUNTO;219
HJK;2020;7;UNIDADE INTERNAÇÃO - CLINICA CIRURGICA;98
HJK;2020;7;UNIDADE INTERNAÇÃO - CLINICA MÉDICA;79
HJK;2020;7;UNIDADE INTERNAÇÃO - CLINICA PNEUMOLOGICA;126
HJK;2020;7;UNIDADE INTERNAÇÃO - CLINICA TISIOLÓGICA;19
HJK;2020;7;UTI - NEONATAL E PEDIATRICO UTIN E UCIN;13
HJK;2020;7;UTI COVID-19;36
HJK;2020;7;UTI CTI;5
HJK;2020;8;ALOJAMENTO CONJUNTO;205
HJK;2020;8;UNIDADE INTERNAÇÃO - CLINICA CIRURGICA;88
HJK;2020;8;UNIDADE INTERNAÇÃO - CLINICA MÉDICA;59
HJK;2020;8;UNIDADE INTERNAÇÃO - CLINICA PNEUMOLOGICA;83
HJK;2020;8;UNIDADE INTERNAÇÃO - CLINICA TISIOLÓGICA;13
HJK;2020;8;UTI - NEONATAL E PEDIATRICO UTIN E UCIN;10
HJK;2020;8;UTI COVID-19;41
HJK;2020;8;UTI CTI;4
HJK;2020;9;ALOJAMENTO CONJUNTO;217
HJK;2020;9;UNIDADE INTERNAÇÃO - CLINICA CIRURGICA;127
HJK;2020;9;UNIDADE INTERNAÇÃO - CLINICA MÉDICA;84
HJK;2020;9;UNIDADE INTERNAÇÃO - CLINICA PNEUMOLOGICA;84
HJK;2020;9;UNIDADE INTERNAÇÃO - CLINICA TISIOLÓGICA;12
HJK;2020;9;UTI - NEONATAL E PEDIATRICO UTIN E UCIN;11
HJK;2020;9;UTI COVID-19;26
HJK;2020;9;UTI CTI;8
HJK;2020;10;ALOJAMENTO CONJUNTO;233
HJK;2020;10;UNIDADE INTERNAÇÃO - CLINICA CIRURGICA;138
HJK;2020;10;UNIDADE INTERNAÇÃO - CLINICA MÉDICA;102
HJK;2020;10;UNIDADE INTERNAÇÃO - CLINICA PNEUMOLOGICA;81
HJK;2020;10;UNIDADE INTERNAÇÃO - CLINICA TISIOLÓGICA;10
HJK;2020;10;UTI - NEONATAL E PEDIATRICO UTIN E UCIN;4
HJK;2020;10;UTI COVID-19;26
HJK;2020;10;UTI CTI;12
HJK;2020;11;ALOJAMENTO CONJUNTO;239
HJK;2020;11;UNIDADE INTERNAÇÃO - CLINICA CIRURGICA;104
HJK;2020;11;UNIDADE INTERNAÇÃO - CLINICA MÉDICA;90
HJK;2020;11;UNIDADE INTERNAÇÃO - CLINICA PNEUMOLOGICA;74
HJK;2020;11;UNIDADE INTERNAÇÃO - CLINICA TISIOLÓGICA;13
HJK;2020;11;UTI - NEONATAL E PEDIATRICO UTIN E UCIN;11
HJK;2020;11;UTI COVID-19;18
HJK;2020;11;UTI CTI;7
HJK;2020;12;ALOJAMENTO CONJUNTO;243
HJK;2020;12;UNIDADE INTERNAÇÃO - CLINICA CIRURGICA;99
HJK;2020;12;UNIDADE INTERNAÇÃO - CLINICA MÉDICA;81
HJK;2020;12;UNIDADE INTERNAÇÃO - CLINICA PNEUMOLOGICA;106
HJK;2020;12;UNIDADE INTERNAÇÃO - CLINICA TISIOLÓGICA;17
HJK;2020;12;UTI - NEONATAL E PEDIATRICO UTIN E UCIN;8
HJK;2020;12;UTI COVID-19;35
HJK;2020;12;UTI CTI;9
HJXXIII;2020;1;BLOCO CIRURGICO;28
HJXXIII;2020;1;PRONTO SOCORRO;515
HJXXIII;2020;1;PRONTO SOCORRO SALA 08 - EMERG. CLINICAS;34
HJXXIII;2020;1;UNIDADE INTERNAÇÃO - CIRURGIA GERAL 4º ANDAR;95
HJXXIII;2020;1;UNIDADE INTERNAÇÃO - CIRURGIA PLÁSTICA 7º ANDAR;75
HJXXIII;2020;1;UNIDADE INTERNAÇÃO - CLINICA CUIDADOS PROGRESSIVOS 3º ANDAR;2
HJXXIII;2020;1;UNIDADE INTERNAÇÃO - CLINICA MÉDICA 6º ANDAR;54
HJXXIII;2020;1;UNIDADE INTERNAÇÃO - CLINICA NEUROLOGICA 5º ANDAR;53
HJXXIII;2020;1;UNIDADE INTERNAÇÃO - CLINICA PEDIÁTRICA 2º ANDAR;41
HJXXIII;2020;1;UNIDADE INTERNAÇÃO - QUEIMADOS GRAVES 9º ANDAR;4
HJXXIII;2020;1;UNIDADE INTERNAÇÃO - QUEIMADOS MÉDIOS - 8º ANDAR;34
HJXXIII;2020;1;UTI;19
HJXXIII;2020;1;UTI -  PEDIATRICO 2º ANDAR;8
HJXXIII;2020;2;BLOCO CIRURGICO;24
HJXXIII;2020;2;PRONTO SOCORRO;528
HJXXIII;2020;2;PRONTO SOCORRO SALA 08 - EMERG. CLINICAS;24
HJXXIII;2020;2;UNIDADE INTERNAÇÃO - CIRURGIA GERAL 4º ANDAR;100
HJXXIII;2020;2;UNIDADE INTERNAÇÃO - CIRURGIA PLÁSTICA 7º ANDAR;83
HJXXIII;2020;2;UNIDADE INTERNAÇÃO - CLINICA CUIDADOS PROGRESSIVOS 3º ANDAR;4
HJXXIII;2020;2;UNIDADE INTERNAÇÃO - CLINICA MÉDICA 6º ANDAR;47
HJXXIII;2020;2;UNIDADE INTERNAÇÃO - CLINICA NEUROLOGICA 5º ANDAR;50
HJXXIII;2020;2;UNIDADE INTERNAÇÃO - CLINICA PEDIÁTRICA 2º ANDAR;19
HJXXIII;2020;2;UNIDADE INTERNAÇÃO - QUEIMADOS GRAVES 9º ANDAR;3
HJXXIII;2020;2;UNIDADE INTERNAÇÃO - QUEIMADOS MÉDIOS - 8º ANDAR;35
HJXXIII;2020;2;UTI;12
HJXXIII;2020;2;UTI -  PEDIATRICO 2º ANDAR;12
HJXXIII;2020;3;BLOCO CIRURGICO;21
HJXXIII;2020;3;PRONTO SOCORRO;487
HJXXIII;2020;3;PRONTO SOCORRO SALA 08 - EMERG. CLINICAS;28
HJXXIII;2020;3;UNIDADE INTERNAÇÃO - CIRURGIA GERAL 4º ANDAR;105
HJXXIII;2020;3;UNIDADE INTERNAÇÃO - CIRURGIA PLÁSTICA 7º ANDAR;121
HJXXIII;2020;3;UNIDADE INTERNAÇÃO - CLINICA CUIDADOS PROGRESSIVOS 3º ANDAR;9
HJXXIII;2020;3;UNIDADE INTERNAÇÃO - CLINICA MÉDICA 6º ANDAR;42
HJXXIII;2020;3;UNIDADE INTERNAÇÃO - CLINICA NEUROLOGICA 5º ANDAR;42
HJXXIII;2020;3;UNIDADE INTERNAÇÃO - CLINICA PEDIÁTRICA 2º ANDAR;14
HJXXIII;2020;3;UNIDADE INTERNAÇÃO - QUEIMADOS GRAVES 9º ANDAR;3
HJXXIII;2020;3;UNIDADE INTERNAÇÃO - QUEIMADOS MÉDIOS - 8º ANDAR;35
HJXXIII;2020;3;UTI;23
HJXXIII;2020;3;UTI -  PEDIATRICO 2º ANDAR;22
HJXXIII;2020;4;BLOCO CIRURGICO;12
HJXXIII;2020;4;PRONTO SOCORRO;281
HJXXIII;2020;4;PRONTO SOCORRO SALA 08 - EMERG. CLINICAS;20
HJXXIII;2020;4;UNIDADE INTERNAÇÃO - CIRURGIA GERAL 4º ANDAR;92
HJXXIII;2020;4;UNIDADE INTERNAÇÃO - CIRURGIA PLÁSTICA 7º ANDAR;112
HJXXIII;2020;4;UNIDADE INTERNAÇÃO - CLINICA CUIDADOS PROGRESSIVOS 3º ANDAR;9
HJXXIII;2020;4;UNIDADE INTERNAÇÃO - CLINICA MÉDICA 6º ANDAR;57
HJXXIII;2020;4;UNIDADE INTERNAÇÃO - CLINICA NEUROLOGICA 5º ANDAR;54
HJXXIII;2020;4;UNIDADE INTERNAÇÃO - CLINICA PEDIÁTRICA 2º ANDAR;1
HJXXIII;2020;4;UNIDADE INTERNAÇÃO - QUEIMADOS GRAVES 9º ANDAR;3
HJXXIII;2020;4;UNIDADE INTERNAÇÃO - QUEIMADOS MÉDIOS - 8º ANDAR;26
HJXXIII;2020;4;UTI;23
HJXXIII;2020;4;UTI -  PEDIATRICO 2º ANDAR;36
HJXXIII;2020;5;BLOCO CIRURGICO;17
HJXXIII;2020;5;PRONTO SOCORRO;276
HJXXIII;2020;5;PRONTO SOCORRO SALA 08 - EMERG. CLINICAS;15
HJXXIII;2020;5;UNIDADE INTERNAÇÃO - CIRURGIA GERAL 4º ANDAR;146
HJXXIII;2020;5;UNIDADE INTERNAÇÃO - CIRURGIA PLÁSTICA 7º ANDAR;148
HJXXIII;2020;5;UNIDADE INTERNAÇÃO - CLINICA CUIDADOS PROGRESSIVOS 3º ANDAR;8
HJXXIII;2020;5;UNIDADE INTERNAÇÃO - CLINICA MÉDICA 6º ANDAR;60
HJXXIII;2020;5;UNIDADE INTERNAÇÃO - CLINICA NEUROLOGICA 5º ANDAR;60
HJXXIII;2020;5;UNIDADE INTERNAÇÃO - QUEIMADOS GRAVES 9º ANDAR;1
HJXXIII;2020;5;UNIDADE INTERNAÇÃO - QUEIMADOS MÉDIOS - 8º ANDAR;40
HJXXIII;2020;5;UTI;23
HJXXIII;2020;5;UTI -  PEDIATRICO 2º ANDAR;19
HJXXIII;2020;6;BLOCO CIRURGICO;35
HJXXIII;2020;6;PRONTO SOCORRO;455
HJXXIII;2020;6;PRONTO SOCORRO SALA 08 - EMERG. CLINICAS;34
HJXXIII;2020;6;UNIDADE INTERNAÇÃO - CIRURGIA GERAL 4º ANDAR;141
HJXXIII;2020;6;UNIDADE INTERNAÇÃO - CIRURGIA PLÁSTICA 7º ANDAR;136
HJXXIII;2020;6;UNIDADE INTERNAÇÃO - CLINICA CUIDADOS PROGRESSIVOS 3º ANDAR;4
HJXXIII;2020;6;UNIDADE INTERNAÇÃO - CLINICA MÉDICA 6º ANDAR;49
HJXXIII;2020;6;UNIDADE INTERNAÇÃO - CLINICA NEUROLOGICA 5º ANDAR;47
HJXXIII;2020;6;UNIDADE INTERNAÇÃO - QUEIMADOS GRAVES 9º ANDAR;4
HJXXIII;2020;6;UNIDADE INTERNAÇÃO - QUEIMADOS MÉDIOS - 8º ANDAR;44
HJXXIII;2020;6;UTI;26
HJXXIII;2020;6;UTI -  PEDIATRICO 2º ANDAR;16
HJXXIII;2020;7;BLOCO CIRURGICO;33
HJXXIII;2020;7;PRONTO SOCORRO;464
HJXXIII;2020;7;PRONTO SOCORRO SALA 08 - EMERG. CLINICAS;30
HJXXIII;2020;7;UNIDADE INTERNAÇÃO - CIRURGIA GERAL 4º ANDAR;165
HJXXIII;2020;7;UNIDADE INTERNAÇÃO - CIRURGIA PLÁSTICA 7º ANDAR;96
HJXXIII;2020;7;UNIDADE INTERNAÇÃO - CLINICA CUIDADOS PROGRESSIVOS 3º ANDAR;15
HJXXIII;2020;7;UNIDADE INTERNAÇÃO - CLINICA MÉDICA 6º ANDAR;38
HJXXIII;2020;7;UNIDADE INTERNAÇÃO - CLINICA NEUROLOGICA 5º ANDAR;53
HJXXIII;2020;7;UNIDADE INTERNAÇÃO - QUEIMADOS MÉDIOS - 8º ANDAR;23
HJXXIII;2020;7;UTI;28
HJXXIII;2020;7;UTI -  PEDIATRICO 2º ANDAR;25
HJXXIII;2020;8;BLOCO CIRURGICO;36
HJXXIII;2020;8;PRONTO SOCORRO;547
HJXXIII;2020;8;PRONTO SOCORRO SALA 08 - EMERG. CLINICAS;2
HJXXIII;2020;8;UNIDADE INTERNAÇÃO - CIRURGIA GERAL 4º ANDAR;147
HJXXIII;2020;8;UNIDADE INTERNAÇÃO - CIRURGIA PLÁSTICA 7º ANDAR;99
HJXXIII;2020;8;UNIDADE INTERNAÇÃO - CLINICA CUIDADOS PROGRESSIVOS 3º ANDAR;10
HJXXIII;2020;8;UNIDADE INTERNAÇÃO - CLINICA MÉDICA 6º ANDAR;25
HJXXIII;2020;8;UNIDADE INTERNAÇÃO - CLINICA NEUROLOGICA 5º ANDAR;38
HJXXIII;2020;8;UNIDADE INTERNAÇÃO - CLINICA PEDIÁTRICA 2º ANDAR;1
HJXXIII;2020;8;UNIDADE INTERNAÇÃO - QUEIMADOS GRAVES 9º ANDAR;3
HJXXIII;2020;8;UNIDADE INTERNAÇÃO - QUEIMADOS MÉDIOS - 8º ANDAR;40
HJXXIII;2020;8;UTI;11
HJXXIII;2020;8;UTI -  PEDIATRICO 2º ANDAR;28
HJXXIII;2020;9;BLOCO CIRURGICO;41
HJXXIII;2020;9;PRONTO SOCORRO;535
HJXXIII;2020;9;UNIDADE INTERNAÇÃO - CIRURGIA GERAL 4º ANDAR;131
HJXXIII;2020;9;UNIDADE INTERNAÇÃO - CIRURGIA PLÁSTICA 7º ANDAR;110
HJXXIII;2020;9;UNIDADE INTERNAÇÃO - CLINICA CUIDADOS PROGRESSIVOS 3º ANDAR;14
HJXXIII;2020;9;UNIDADE INTERNAÇÃO - CLINICA MÉDICA 6º ANDAR;38
HJXXIII;2020;9;UNIDADE INTERNAÇÃO - CLINICA NEUROLOGICA 5º ANDAR;56
HJXXIII;2020;9;UNIDADE INTERNAÇÃO - CLINICA PEDIÁTRICA 2º ANDAR;4
HJXXIII;2020;9;UNIDADE INTERNAÇÃO - QUEIMADOS GRAVES 9º ANDAR;2
HJXXIII;2020;9;UNIDADE INTERNAÇÃO - QUEIMADOS MÉDIOS - 8º ANDAR;32
HJXXIII;2020;9;UTI;19
HJXXIII;2020;9;UTI -  PEDIATRICO 2º ANDAR;21
HJXXIII;2020;10;BLOCO CIRURGICO;38
HJXXIII;2020;10;PRONTO SOCORRO;608
HJXXIII;2020;10;UNIDADE INTERNAÇÃO - CIRURGIA GERAL 4º ANDAR;123
HJXXIII;2020;10;UNIDADE INTERNAÇÃO - CIRURGIA PLÁSTICA 7º ANDAR;122
HJXXIII;2020;10;UNIDADE INTERNAÇÃO - CLINICA CUIDADOS PROGRESSIVOS 3º ANDAR;9
HJXXIII;2020;10;UNIDADE INTERNAÇÃO - CLINICA MÉDICA 6º ANDAR;29
HJXXIII;2020;10;UNIDADE INTERNAÇÃO - CLINICA NEUROLOGICA 5º ANDAR;54
HJXXIII;2020;10;UNIDADE INTERNAÇÃO - QUEIMADOS GRAVES 9º ANDAR;3
HJXXIII;2020;10;UNIDADE INTERNAÇÃO - QUEIMADOS MÉDIOS - 8º ANDAR;30
HJXXIII;2020;10;UTI;31
HJXXIII;2020;10;UTI -  PEDIATRICO 2º ANDAR;22
HJXXIII;2020;11;BLOCO CIRURGICO;34
HJXXIII;2020;11;PRONTO SOCORRO;553
HJXXIII;2020;11;UNIDADE INTERNAÇÃO - CIRURGIA GERAL 4º ANDAR;121
HJXXIII;2020;11;UNIDADE INTERNAÇÃO - CIRURGIA PLÁSTICA 7º ANDAR;108
HJXXIII;2020;11;UNIDADE INTERNAÇÃO - CLINICA CUIDADOS PROGRESSIVOS 3º ANDAR;8
HJXXIII;2020;11;UNIDADE INTERNAÇÃO - CLINICA MÉDICA 6º ANDAR;26
HJXXIII;2020;11;UNIDADE INTERNAÇÃO - CLINICA NEUROLOGICA 5º ANDAR;66
HJXXIII;2020;11;UNIDADE INTERNAÇÃO - QUEIMADOS GRAVES 9º ANDAR;2
HJXXIII;2020;11;UNIDADE INTERNAÇÃO - QUEIMADOS MÉDIOS - 8º ANDAR;24
HJXXIII;2020;11;UTI;24
HJXXIII;2020;11;UTI -  PEDIATRICO 2º ANDAR;25
HJXXIII;2020;12;BLOCO CIRURGICO;27
HJXXIII;2020;12;PRONTO SOCORRO;568
HJXXIII;2020;12;PRONTO SOCORRO SALA 08 - EMERG. CLINICAS;3
HJXXIII;2020;12;UNIDADE INTERNAÇÃO - CIRURGIA GERAL 4º ANDAR;140
HJXXIII;2020;12;UNIDADE INTERNAÇÃO - CIRURGIA PLÁSTICA 7º ANDAR;130
HJXXIII;2020;12;UNIDADE INTERNAÇÃO - CLINICA CUIDADOS PROGRESSIVOS 3º ANDAR;5
HJXXIII;2020;12;UNIDADE INTERNAÇÃO - CLINICA MÉDICA 6º ANDAR;38
HJXXIII;2020;12;UNIDADE INTERNAÇÃO - CLINICA NEUROLOGICA 5º ANDAR;81
HJXXIII;2020;12;UNIDADE INTERNAÇÃO - QUEIMADOS GRAVES 9º ANDAR;5
HJXXIII;2020;12;UNIDADE INTERNAÇÃO - QUEIMADOS MÉDIOS - 8º ANDAR;34
HJXXIII;2020;12;UTI;28
HJXXIII;2020;12;UTI -  PEDIATRICO 2º ANDAR;20
HMAL;2020;1;UNIDADE DE INTERNAÇÃO - TRAUMATO/ORTOPEDIA A;51
HMAL;2020;1;UNIDADE DE INTERNAÇÃO - TRAUMATO/ORTOPEDIA B;75
HMAL;2020;1;UNIDADE INTERNAÇÃO - BUCO TRAUMATO ORTOPEDIA 2º ANDAR;59
HMAL;2020;2;UNIDADE DE INTERNAÇÃO - TRAUMATO/ORTOPEDIA A;49
HMAL;2020;2;UNIDADE DE INTERNAÇÃO - TRAUMATO/ORTOPEDIA B;78
HMAL;2020;2;UNIDADE INTERNAÇÃO - BUCO TRAUMATO ORTOPEDIA 2º ANDAR;47
HMAL;2020;3;UNIDADE DE INTERNAÇÃO - TRAUMATO/ORTOPEDIA A;60
HMAL;2020;3;UNIDADE DE INTERNAÇÃO - TRAUMATO/ORTOPEDIA B;69
HMAL;2020;3;UNIDADE INTERNAÇÃO - BUCO TRAUMATO ORTOPEDIA 2º ANDAR;54
HMAL;2020;4;UNIDADE DE INTERNAÇÃO - TRAUMATO/ORTOPEDIA A;65
HMAL;2020;4;UNIDADE DE INTERNAÇÃO - TRAUMATO/ORTOPEDIA B;76
HMAL;2020;5;UNIDADE DE INTERNAÇÃO - TRAUMATO/ORTOPEDIA A;65
HMAL;2020;5;UNIDADE DE INTERNAÇÃO - TRAUMATO/ORTOPEDIA B;92
HMAL;2020;6;UNIDADE DE INTERNAÇÃO - TRAUMATO/ORTOPEDIA A;77
HMAL;2020;6;UNIDADE DE INTERNAÇÃO - TRAUMATO/ORTOPEDIA B;88
HMAL;2020;6;UNIDADE INTERNAÇÃO - BUCO TRAUMATO ORTOPEDIA 2º ANDAR;11
HMAL;2020;7;UNIDADE DE INTERNAÇÃO - TRAUMATO/ORTOPEDIA A;70
HMAL;2020;7;UNIDADE DE INTERNAÇÃO - TRAUMATO/ORTOPEDIA B;80
HMAL;2020;7;UNIDADE INTERNAÇÃO - BUCO TRAUMATO ORTOPEDIA 2º ANDAR;60
HMAL;2020;8;UNIDADE DE INTERNAÇÃO - TRAUMATO/ORTOPEDIA A;82
HMAL;2020;8;UNIDADE DE INTERNAÇÃO - TRAUMATO/ORTOPEDIA B;83
HMAL;2020;8;UNIDADE INTERNAÇÃO - BUCO TRAUMATO ORTOPEDIA 2º ANDAR;62
HMAL;2020;9;UNIDADE DE INTERNAÇÃO - TRAUMATO/ORTOPEDIA A;90
HMAL;2020;9;UNIDADE DE INTERNAÇÃO - TRAUMATO/ORTOPEDIA B;89
HMAL;2020;9;UNIDADE INTERNAÇÃO - BUCO TRAUMATO ORTOPEDIA 2º ANDAR;64
HMAL;2020;10;UNIDADE DE INTERNAÇÃO - TRAUMATO/ORTOPEDIA A;90
HMAL;2020;10;UNIDADE DE INTERNAÇÃO - TRAUMATO/ORTOPEDIA B;106
HMAL;2020;10;UNIDADE INTERNAÇÃO - BUCO TRAUMATO ORTOPEDIA 2º ANDAR;69
HMAL;2020;11;AMBULATORIO DE ORTOPEDIA;1
HMAL;2020;11;UNIDADE DE INTERNAÇÃO - TRAUMATO/ORTOPEDIA A;72
HMAL;2020;11;UNIDADE DE INTERNAÇÃO - TRAUMATO/ORTOPEDIA B;87
HMAL;2020;11;UNIDADE INTERNAÇÃO - BUCO TRAUMATO ORTOPEDIA 2º ANDAR;54
HMAL;2020;12;UNIDADE DE INTERNAÇÃO - TRAUMATO/ORTOPEDIA A;82
HMAL;2020;12;UNIDADE DE INTERNAÇÃO - TRAUMATO/ORTOPEDIA B;111
HMAL;2020;12;UNIDADE INTERNAÇÃO - BUCO TRAUMATO ORTOPEDIA 2º ANDAR;62
HRAD;2020;1;ALOJAMENTO CONJUNTO;152
HRAD;2020;1;OBSERVAÇÃO;115
HRAD;2020;1;UNIDADE INTERNAÇÃO - CIRURGIA GERAL;50
HRAD;2020;1;UNIDADE INTERNAÇÃO - CLINICA MÉDICA;59
HRAD;2020;1;UNIDADE INTERNAÇÃO - CLINICA ORTOPÉDICA;102
HRAD;2020;1;UNIDADE INTERNAÇÃO - CLINICA PEDIÁTRICA;48
HRAD;2020;1;UTI;18
HRAD;2020;1;UTI - NEONATAL;1
HRAD;2020;2;ALOJAMENTO CONJUNTO;161
HRAD;2020;2;BLOCO OBSTÉTRICO;1
HRAD;2020;2;OBSERVAÇÃO;127
HRAD;2020;2;UNIDADE INTERNAÇÃO - CIRURGIA GERAL;56
HRAD;2020;2;UNIDADE INTERNAÇÃO - CLINICA MÉDICA;74
HRAD;2020;2;UNIDADE INTERNAÇÃO - CLINICA ORTOPÉDICA;95
HRAD;2020;2;UNIDADE INTERNAÇÃO - CLINICA PEDIÁTRICA;32
HRAD;2020;2;UTI;14
HRAD;2020;2;UTI - NEONATAL;1
HRAD;2020;3;ALOJAMENTO CONJUNTO;164
HRAD;2020;3;BLOCO OBSTÉTRICO;1
HRAD;2020;3;OBSERVAÇÃO;90
HRAD;2020;3;UNIDADE INTERNAÇÃO - CIRURGIA GERAL;92
HRAD;2020;3;UNIDADE INTERNAÇÃO - CLINICA MÉDICA;58
HRAD;2020;3;UNIDADE INTERNAÇÃO - CLINICA ORTOPÉDICA;120
HRAD;2020;3;UNIDADE INTERNAÇÃO - CLINICA PEDIÁTRICA;42
HRAD;2020;3;UTI;17
HRAD;2020;3;UTI - NEONATAL;4
HRAD;2020;4;ALOJAMENTO CONJUNTO;165
HRAD;2020;4;OBSERVAÇÃO;99
HRAD;2020;4;UNIDADE INTERNAÇÃO - CIRURGIA GERAL;80
HRAD;2020;4;UNIDADE INTERNAÇÃO - CLINICA MÉDICA;7
HRAD;2020;4;UNIDADE INTERNAÇÃO - CLINICA ORTOPÉDICA;121
HRAD;2020;4;UNIDADE INTERNAÇÃO - CLINICA PEDIÁTRICA;46
HRAD;2020;4;UTI;11
HRAD;2020;4;UTI - NEONATAL;1
HRAD;2020;5;ALOJAMENTO CONJUNTO;166
HRAD;2020;5;BLOCO OBSTÉTRICO;2
HRAD;2020;5;OBSERVAÇÃO;115
HRAD;2020;5;UNIDADE INTERNAÇÃO - CIRURGIA GERAL;47
HRAD;2020;5;UNIDADE INTERNAÇÃO - CLINICA MÉDICA;64
HRAD;2020;5;UNIDADE INTERNAÇÃO - CLINICA ORTOPÉDICA;117
HRAD;2020;5;UNIDADE INTERNAÇÃO - CLINICA PEDIÁTRICA;40
HRAD;2020;5;UTI;22
HRAD;2020;5;UTI - NEONATAL;2
HRAD;2020;6;ALOJAMENTO CONJUNTO;151
HRAD;2020;6;OBSERVAÇÃO;96
HRAD;2020;6;UNIDADE INTERNAÇÃO - CIRURGIA GERAL;38
HRAD;2020;6;UNIDADE INTERNAÇÃO - CLINICA MÉDICA;60
HRAD;2020;6;UNIDADE INTERNAÇÃO - CLINICA ORTOPÉDICA;124
HRAD;2020;6;UNIDADE INTERNAÇÃO - CLINICA PEDIÁTRICA;33
HRAD;2020;6;UTI;33
HRAD;2020;6;UTI - NEONATAL;2
HRAD;2020;7;ALOJAMENTO CONJUNTO;171
HRAD;2020;7;BLOCO OBSTÉTRICO;1
HRAD;2020;7;OBSERVAÇÃO;97
HRAD;2020;7;UNIDADE INTERNAÇÃO - CIRURGIA GERAL;25
HRAD;2020;7;UNIDADE INTERNAÇÃO - CLINICA MÉDICA;63
HRAD;2020;7;UNIDADE INTERNAÇÃO - CLINICA ORTOPÉDICA;110
HRAD;2020;7;UNIDADE INTERNAÇÃO - CLINICA PEDIÁTRICA;31
HRAD;2020;7;UTI;27
HRAD;2020;7;UTI - NEONATAL;1
HRAD;2020;8;ALOJAMENTO CONJUNTO;143
HRAD;2020;8;OBSERVAÇÃO;114
HRAD;2020;8;UNIDADE INTERNAÇÃO - CIRURGIA GERAL;35
HRAD;2020;8;UNIDADE INTERNAÇÃO - CLINICA MÉDICA;62
HRAD;2020;8;UNIDADE INTERNAÇÃO - CLINICA ORTOPÉDICA;117
HRAD;2020;8;UNIDADE INTERNAÇÃO - CLINICA PEDIÁTRICA;41
HRAD;2020;8;UTI;26
HRAD;2020;8;UTI - NEONATAL;5
HRAD;2020;9;ALOJAMENTO CONJUNTO;144
HRAD;2020;9;BLOCO OBSTÉTRICO;5
HRAD;2020;9;OBSERVAÇÃO;111
HRAD;2020;9;UNIDADE INTERNAÇÃO - CIRURGIA GERAL;25
HRAD;2020;9;UNIDADE INTERNAÇÃO - CLINICA MÉDICA;67
HRAD;2020;9;UNIDADE INTERNAÇÃO - CLINICA ORTOPÉDICA;121
HRAD;2020;9;UNIDADE INTERNAÇÃO - CLINICA PEDIÁTRICA;39
HRAD;2020;9;UTI;50
HRAD;2020;9;UTI - NEONATAL;3
HRAD;2020;10;ALOJAMENTO CONJUNTO;148
HRAD;2020;10;BLOCO OBSTÉTRICO;4
HRAD;2020;10;OBSERVAÇÃO;116
HRAD;2020;10;UNIDADE INTERNAÇÃO - CIRURGIA GERAL;32
HRAD;2020;10;UNIDADE INTERNAÇÃO - CLINICA MÉDICA;70
HRAD;2020;10;UNIDADE INTERNAÇÃO - CLINICA ORTOPÉDICA;99
HRAD;2020;10;UNIDADE INTERNAÇÃO - CLINICA PEDIÁTRICA;41
HRAD;2020;10;UTI;34
HRAD;2020;10;UTI - NEONATAL;4
HRAD;2020;11;ALOJAMENTO CONJUNTO;138
HRAD;2020;11;AMBULATORIO - RETORNOS;1
HRAD;2020;11;BLOCO OBSTÉTRICO;2
HRAD;2020;11;OBSERVAÇÃO;125
HRAD;2020;11;UNIDADE INTERNAÇÃO - CIRURGIA GERAL;25
HRAD;2020;11;UNIDADE INTERNAÇÃO - CLINICA MÉDICA;64
HRAD;2020;11;UNIDADE INTERNAÇÃO - CLINICA ORTOPÉDICA;83
HRAD;2020;11;UNIDADE INTERNAÇÃO - CLINICA PEDIÁTRICA;51
HRAD;2020;11;UTI;24
HRAD;2020;11;UTI - NEONATAL;1
HRAD;2020;12;ALOJAMENTO CONJUNTO;137
HRAD;2020;12;BLOCO OBSTÉTRICO;1
HRAD;2020;12;OBSERVAÇÃO;125
HRAD;2020;12;UNIDADE INTERNAÇÃO - CIRURGIA GERAL;28
HRAD;2020;12;UNIDADE INTERNAÇÃO - CLINICA MÉDICA;48
HRAD;2020;12;UNIDADE INTERNAÇÃO - CLINICA ORTOPÉDICA;106
HRAD;2020;12;UNIDADE INTERNAÇÃO - CLINICA PEDIÁTRICA;46
HRAD;2020;12;UTI;11
HRAD;2020;12;UTI - NEONATAL;3
HRBJA;2020;1;UNIDADE INTERNAÇÃO - CLINICA CIRURGICA;85
HRBJA;2020;1;UNIDADE INTERNAÇÃO - CLINICA MÉDICA;101
HRBJA;2020;1;UTI;8
HRBJA;2020;2;UNIDADE INTERNAÇÃO - CLINICA CIRURGICA;51
HRBJA;2020;2;UNIDADE INTERNAÇÃO - CLINICA MÉDICA;101
HRBJA;2020;2;UTI;7
HRBJA;2020;3;UNIDADE INTERNAÇÃO - CLINICA CIRURGICA;65
HRBJA;2020;3;UNIDADE INTERNAÇÃO - CLINICA MÉDICA;104
HRBJA;2020;3;UTI;15
HRBJA;2020;4;UNIDADE INTERNAÇÃO - CLINICA CIRURGICA;63
HRBJA;2020;4;UNIDADE INTERNAÇÃO - CLINICA MÉDICA;91
HRBJA;2020;4;UTI;11
HRBJA;2020;5;UNIDADE INTERNAÇÃO - CLINICA CIRURGICA;68
HRBJA;2020;5;UNIDADE INTERNAÇÃO - CLINICA MÉDICA;108
HRBJA;2020;5;UTI;17
HRBJA;2020;6;PRONTO ATENDIMENTO;6
HRBJA;2020;6;UNIDADE INTERNAÇÃO - CLINICA CIRURGICA;75
HRBJA;2020;6;UNIDADE INTERNAÇÃO - CLINICA MÉDICA;113
HRBJA;2020;6;UTI;12
HRBJA;2020;7;UNIDADE INTERNAÇÃO - CLINICA CIRURGICA;92
HRBJA;2020;7;UNIDADE INTERNAÇÃO - CLINICA MÉDICA;124
HRBJA;2020;7;UNIDADE INTERNAÇÃO - CLINICA MÉDICA COVID-19;20
HRBJA;2020;7;UTI;10
HRBJA;2020;7;UTI COVID-19;4
HRBJA;2020;8;UNIDADE INTERNAÇÃO - CLINICA CIRURGICA;91
HRBJA;2020;8;UNIDADE INTERNAÇÃO - CLINICA MÉDICA;118
HRBJA;2020;8;UNIDADE INTERNAÇÃO - CLINICA MÉDICA COVID-19;10
HRBJA;2020;8;UTI;10
HRBJA;2020;8;UTI COVID-19;5
HRBJA;2020;9;UNIDADE INTERNAÇÃO - CLINICA CIRURGICA;90
HRBJA;2020;9;UNIDADE INTERNAÇÃO - CLINICA MÉDICA;107
HRBJA;2020;9;UNIDADE INTERNAÇÃO - CLINICA MÉDICA COVID-19;15
HRBJA;2020;9;UTI;2
HRBJA;2020;9;UTI COVID-19;4
HRBJA;2020;10;UNIDADE INTERNAÇÃO - CLINICA CIRURGICA;81
HRBJA;2020;10;UNIDADE INTERNAÇÃO - CLINICA MÉDICA;113
HRBJA;2020;10;UNIDADE INTERNAÇÃO - CLINICA MÉDICA COVID-19;1
HRBJA;2020;10;UTI;8
HRBJA;2020;10;UTI COVID-19;1
HRBJA;2020;11;UNIDADE INTERNAÇÃO - CLINICA CIRURGICA;62
HRBJA;2020;11;UNIDADE INTERNAÇÃO - CLINICA MÉDICA;117
HRBJA;2020;11;UTI;9
HRBJA;2020;12;UNIDADE INTERNAÇÃO - CLINICA CIRURGICA;65
HRBJA;2020;12;UNIDADE INTERNAÇÃO - CLINICA MÉDICA;109
HRBJA;2020;12;UTI;15
HRJP;2020;1;BLOCO OBSTÉTRICO;1
HRJP;2020;1;UNIDADE INTERNAÇÃO - ALTO RISCO OBSTETRICO (MATERNIDADE);129
HRJP;2020;1;UNIDADE INTERNAÇÃO - CLINICA MÉDICA ALA B;71
HRJP;2020;1;UNIDADE INTERNAÇÃO - CLINICA MÉDICA MASCULINA;55
HRJP;2020;1;UNIDADE INTERNAÇÃO - CLINICA PEDIÁTRICA;74
HRJP;2020;1;UNIDADE INTERNAÇÃO - CLINICA TISIOLÓGICA ALA C;34
HRJP;2020;1;UTI;10
HRJP;2020;1;UTI - NEONATAL;3
HRJP;2020;1;UTI PEDIATRICA;3
HRJP;2020;2;UNIDADE INTERNAÇÃO - ALTO RISCO OBSTETRICO (MATERNIDADE);134
HRJP;2020;2;UNIDADE INTERNAÇÃO - CLINICA MÉDICA ALA B;82
HRJP;2020;2;UNIDADE INTERNAÇÃO - CLINICA MÉDICA MASCULINA;61
HRJP;2020;2;UNIDADE INTERNAÇÃO - CLINICA PEDIÁTRICA;66
HRJP;2020;2;UNIDADE INTERNAÇÃO - CLINICA TISIOLÓGICA ALA C;21
HRJP;2020;2;UTI;8
HRJP;2020;2;UTI - NEONATAL;5
HRJP;2020;2;UTI PEDIATRICA;3
HRJP;2020;3;UNIDADE INTERNAÇÃO - ALTO RISCO OBSTETRICO (MATERNIDADE);136
HRJP;2020;3;UNIDADE INTERNAÇÃO - CLINICA MÉDICA ALA B;93
HRJP;2020;3;UNIDADE INTERNAÇÃO - CLINICA MÉDICA MASCULINA;69
HRJP;2020;3;UNIDADE INTERNAÇÃO - CLINICA PEDIÁTRICA;65
HRJP;2020;3;UNIDADE INTERNAÇÃO - CLINICA TISIOLÓGICA ALA C;44
HRJP;2020;3;UTI;11
HRJP;2020;3;UTI - NEONATAL;8
HRJP;2020;3;UTI PEDIATRICA;2
HRJP;2020;4;UNIDADE INTERNAÇÃO - ALTO RISCO OBSTETRICO (MATERNIDADE);100
HRJP;2020;4;UNIDADE INTERNAÇÃO - CLINICA MÉDICA ALA B;20
HRJP;2020;4;UNIDADE INTERNAÇÃO - CLINICA MÉDICA MASCULINA;1
HRJP;2020;4;UNIDADE INTERNAÇÃO - CLINICA PEDIÁTRICA;29
HRJP;2020;4;UNIDADE INTERNAÇÃO - CLINICA TISIOLÓGICA ALA C;17
HRJP;2020;4;UTI;7
HRJP;2020;4;UTI - NEONATAL;17
HRJP;2020;4;UTI PEDIATRICA;3
HRJP;2020;5;BLOCO OBSTÉTRICO;1
HRJP;2020;5;UNIDADE INTERNAÇÃO - ALTO RISCO OBSTETRICO (MATERNIDADE);127
HRJP;2020;5;UNIDADE INTERNAÇÃO - CLINICA MÉDICA ALA B;37
HRJP;2020;5;UNIDADE INTERNAÇÃO - CLINICA PEDIÁTRICA;41
HRJP;2020;5;UNIDADE INTERNAÇÃO - CLINICA TISIOLÓGICA ALA C;28
HRJP;2020;5;UTI;16
HRJP;2020;5;UTI - NEONATAL;16
HRJP;2020;5;UTI PEDIATRICA;2
HRJP;2020;6;BLOCO OBSTÉTRICO;1
HRJP;2020;6;UNIDADE INTERNAÇÃO - ALTO RISCO OBSTETRICO (MATERNIDADE);134
HRJP;2020;6;UNIDADE INTERNAÇÃO - CLINICA MÉDICA ALA B;30
HRJP;2020;6;UNIDADE INTERNAÇÃO - CLINICA PEDIÁTRICA;38
HRJP;2020;6;UNIDADE INTERNAÇÃO - CLINICA TISIOLÓGICA ALA C;34
HRJP;2020;6;UTI;11
HRJP;2020;6;UTI - NEONATAL;15
HRJP;2020;6;UTI PEDIATRICA;1
HRJP;2020;7;BLOCO OBSTÉTRICO;1
HRJP;2020;7;UNIDADE INTERNAÇÃO - ALTO RISCO OBSTETRICO (MATERNIDADE);126
HRJP;2020;7;UNIDADE INTERNAÇÃO - CLINICA MÉDICA ALA B;44
HRJP;2020;7;UNIDADE INTERNAÇÃO - CLINICA PEDIÁTRICA;67
HRJP;2020;7;UNIDADE INTERNAÇÃO - CLINICA TISIOLÓGICA ALA C;39
HRJP;2020;7;UTI;22
HRJP;2020;7;UTI - NEONATAL;10
HRJP;2020;7;UTI PEDIATRICA;2
HRJP;2020;8;UNIDADE INTERNAÇÃO - ALTO RISCO OBSTETRICO (MATERNIDADE);135
HRJP;2020;8;UNIDADE INTERNAÇÃO - CLINICA MÉDICA ALA B;45
HRJP;2020;8;UNIDADE INTERNAÇÃO - CLINICA PEDIÁTRICA;52
HRJP;2020;8;UNIDADE INTERNAÇÃO - CLINICA TISIOLÓGICA ALA C;33
HRJP;2020;8;UTI;17
HRJP;2020;8;UTI - NEONATAL;17
HRJP;2020;8;UTI PEDIATRICA;3
HRJP;2020;9;UNIDADE INTERNAÇÃO - ALTO RISCO OBSTETRICO (MATERNIDADE);125
HRJP;2020;9;UNIDADE INTERNAÇÃO - CLINICA MÉDICA ALA B;41
HRJP;2020;9;UNIDADE INTERNAÇÃO - CLINICA PEDIÁTRICA;51
HRJP;2020;9;UNIDADE INTERNAÇÃO - CLINICA TISIOLÓGICA ALA C;36
HRJP;2020;9;UTI;11
HRJP;2020;9;UTI - NEONATAL;13
HRJP;2020;9;UTI PEDIATRICA;4
HRJP;2020;10;BLOCO OBSTÉTRICO;1
HRJP;2020;10;UNIDADE INTERNAÇÃO - ALTO RISCO OBSTETRICO (MATERNIDADE);110
HRJP;2020;10;UNIDADE INTERNAÇÃO - CLINICA MÉDICA ALA B;37
HRJP;2020;10;UNIDADE INTERNAÇÃO - CLINICA PEDIÁTRICA;62
HRJP;2020;10;UNIDADE INTERNAÇÃO - CLINICA TISIOLÓGICA ALA C;43
HRJP;2020;10;UTI;18
HRJP;2020;10;UTI - NEONATAL;7
HRJP;2020;10;UTI PEDIATRICA;2
HRJP;2020;11;BLOCO CIRURGICO;1
HRJP;2020;11;BLOCO OBSTÉTRICO;1
HRJP;2020;11;UNIDADE INTERNAÇÃO - ALTO RISCO OBSTETRICO (MATERNIDADE);135
HRJP;2020;11;UNIDADE INTERNAÇÃO - CLINICA MÉDICA ALA B;67
HRJP;2020;11;UNIDADE INTERNAÇÃO - CLINICA PEDIÁTRICA;44
HRJP;2020;11;UNIDADE INTERNAÇÃO - CLINICA TISIOLÓGICA ALA C;30
HRJP;2020;11;UTI;19
HRJP;2020;11;UTI - NEONATAL;17
HRJP;2020;11;UTI PEDIATRICA;1
HRJP;2020;12;BLOCO CIRURGICO;3
HRJP;2020;12;UNIDADE INTERNAÇÃO - ALTO RISCO OBSTETRICO (MATERNIDADE);117
HRJP;2020;12;UNIDADE INTERNAÇÃO - CLINICA MÉDICA ALA B;99
HRJP;2020;12;UNIDADE INTERNAÇÃO - CLINICA PEDIÁTRICA;47
HRJP;2020;12;UNIDADE INTERNAÇÃO - CLINICA TISIOLÓGICA ALA C;25
HRJP;2020;12;UTI;18
HRJP;2020;12;UTI - NEONATAL;14
HRJP;2020;12;UTI PEDIATRICA;1
IRS;2020;1;ELETROCONVULSOTERAPIA;1
IRS;2020;1;UNIDADE DE URGÊNCIA - CLINICA PSIQUIÁTRICA SALA DE OBSERVAÇAO;20
IRS;2020;1;UNIDADE INTERNAÇÃO - PSIQUIATRIA ALA A;13
IRS;2020;1;UNIDADE INTERNAÇÃO - PSIQUIATRIA ALA B;19
IRS;2020;1;UNIDADE INTERNAÇÃO - PSIQUIATRIA ALA C;21
IRS;2020;1;UNIDADE INTERNAÇÃO - PSIQUIATRIA ALA D;10
IRS;2020;1;UNIDADE INTERNAÇÃO - PSIQUIATRIA ALA E;6
IRS;2020;2;UNIDADE DE URGÊNCIA - CLINICA PSIQUIÁTRICA SALA DE OBSERVAÇAO;22
IRS;2020;2;UNIDADE INTERNAÇÃO - PSIQUIATRIA ALA A;12
IRS;2020;2;UNIDADE INTERNAÇÃO - PSIQUIATRIA ALA B;9
IRS;2020;2;UNIDADE INTERNAÇÃO - PSIQUIATRIA ALA C;20
IRS;2020;2;UNIDADE INTERNAÇÃO - PSIQUIATRIA ALA D;16
IRS;2020;2;UNIDADE INTERNAÇÃO - PSIQUIATRIA ALA E;8
IRS;2020;3;UNIDADE DE URGÊNCIA - CLINICA PSIQUIÁTRICA SALA DE OBSERVAÇAO;23
IRS;2020;3;UNIDADE INTERNAÇÃO - PSIQUIATRIA ALA A;19
IRS;2020;3;UNIDADE INTERNAÇÃO - PSIQUIATRIA ALA B;15
IRS;2020;3;UNIDADE INTERNAÇÃO - PSIQUIATRIA ALA C;13
IRS;2020;3;UNIDADE INTERNAÇÃO - PSIQUIATRIA ALA D;11
IRS;2020;3;UNIDADE INTERNAÇÃO - PSIQUIATRIA ALA E;17
IRS;2020;4;UNIDADE DE URGÊNCIA - CLINICA PSIQUIÁTRICA SALA DE OBSERVAÇAO;19
IRS;2020;4;UNIDADE INTERNAÇÃO - PSIQUIATRIA ALA A;13
IRS;2020;4;UNIDADE INTERNAÇÃO - PSIQUIATRIA ALA B;11
IRS;2020;4;UNIDADE INTERNAÇÃO - PSIQUIATRIA ALA C;24
IRS;2020;4;UNIDADE INTERNAÇÃO - PSIQUIATRIA ALA D;8
IRS;2020;4;UNIDADE INTERNAÇÃO - PSIQUIATRIA ALA E;7
IRS;2020;5;UNIDADE DE URGÊNCIA - CLINICA PSIQUIÁTRICA SALA DE OBSERVAÇAO;10
IRS;2020;5;UNIDADE INTERNAÇÃO - PSIQUIATRIA ALA A;19
IRS;2020;5;UNIDADE INTERNAÇÃO - PSIQUIATRIA ALA B;10
IRS;2020;5;UNIDADE INTERNAÇÃO - PSIQUIATRIA ALA C;24
IRS;2020;5;UNIDADE INTERNAÇÃO - PSIQUIATRIA ALA D;10
IRS;2020;5;UNIDADE INTERNAÇÃO - PSIQUIATRIA ALA E;4
IRS;2020;6;UNIDADE DE URGÊNCIA - CLINICA PSIQUIÁTRICA SALA DE OBSERVAÇAO;15
IRS;2020;6;UNIDADE INTERNAÇÃO - PSIQUIATRIA ALA A;22
IRS;2020;6;UNIDADE INTERNAÇÃO - PSIQUIATRIA ALA B;16
IRS;2020;6;UNIDADE INTERNAÇÃO - PSIQUIATRIA ALA C;25
IRS;2020;6;UNIDADE INTERNAÇÃO - PSIQUIATRIA ALA D;7
IRS;2020;6;UNIDADE INTERNAÇÃO - PSIQUIATRIA ALA E;5
IRS;2020;6;UNIDADE INTERNAÇÃO - PSIQUIATRIA ALA F;2
IRS;2020;6;UNIDADE INTERNAÇÃO - PSIQUIATRIA UNIDADE DE TRATAMENTO CLÍNICO;2
IRS;2020;7;UNIDADE DE URGÊNCIA - CLINICA PSIQUIÁTRICA SALA DE OBSERVAÇAO;15
IRS;2020;7;UNIDADE INTERNAÇÃO - PSIQUIATRIA ALA A;14
IRS;2020;7;UNIDADE INTERNAÇÃO - PSIQUIATRIA ALA B;18
IRS;2020;7;UNIDADE INTERNAÇÃO - PSIQUIATRIA ALA C;23
IRS;2020;7;UNIDADE INTERNAÇÃO - PSIQUIATRIA ALA D;1
IRS;2020;7;UNIDADE INTERNAÇÃO - PSIQUIATRIA ALA E;26
IRS;2020;7;UNIDADE INTERNAÇÃO - PSIQUIATRIA ALA F;9
IRS;2020;7;UNIDADE INTERNAÇÃO - PSIQUIATRIA UNIDADE DE TRATAMENTO CLÍNICO;5
IRS;2020;8;UNIDADE DE URGÊNCIA - CLINICA PSIQUIÁTRICA SALA DE OBSERVAÇAO;17
IRS;2020;8;UNIDADE INTERNAÇÃO - PSIQUIATRIA ALA A;17
IRS;2020;8;UNIDADE INTERNAÇÃO - PSIQUIATRIA ALA B;10
IRS;2020;8;UNIDADE INTERNAÇÃO - PSIQUIATRIA ALA C;33
IRS;2020;8;UNIDADE INTERNAÇÃO - PSIQUIATRIA ALA D;1
IRS;2020;8;UNIDADE INTERNAÇÃO - PSIQUIATRIA ALA E;23
IRS;2020;8;UNIDADE INTERNAÇÃO - PSIQUIATRIA UNIDADE DE TRATAMENTO CLÍNICO;3
IRS;2020;9;UNIDADE DE URGÊNCIA - CLINICA PSIQUIÁTRICA SALA DE OBSERVAÇAO;15
IRS;2020;9;UNIDADE INTERNAÇÃO - PSIQUIATRIA ALA A;22
IRS;2020;9;UNIDADE INTERNAÇÃO - PSIQUIATRIA ALA B;21
IRS;2020;9;UNIDADE INTERNAÇÃO - PSIQUIATRIA ALA C;34
IRS;2020;9;UNIDADE INTERNAÇÃO - PSIQUIATRIA ALA D;1
IRS;2020;9;UNIDADE INTERNAÇÃO - PSIQUIATRIA ALA E;17
IRS;2020;9;UNIDADE INTERNAÇÃO - PSIQUIATRIA UNIDADE DE TRATAMENTO CLÍNICO;4
IRS;2020;10;UNIDADE DE URGÊNCIA - CLINICA PSIQUIÁTRICA SALA DE OBSERVAÇAO;15
IRS;2020;10;UNIDADE INTERNAÇÃO - PSIQUIATRIA ALA A;25
IRS;2020;10;UNIDADE INTERNAÇÃO - PSIQUIATRIA ALA B;15
IRS;2020;10;UNIDADE INTERNAÇÃO - PSIQUIATRIA ALA C;38
IRS;2020;10;UNIDADE INTERNAÇÃO - PSIQUIATRIA ALA D;2
IRS;2020;10;UNIDADE INTERNAÇÃO - PSIQUIATRIA ALA E;21
IRS;2020;10;UNIDADE INTERNAÇÃO - PSIQUIATRIA UNIDADE DE TRATAMENTO CLÍNICO;9
IRS;2020;11;UNIDADE DE URGÊNCIA - CLINICA PSIQUIÁTRICA SALA DE OBSERVAÇAO;18
IRS;2020;11;UNIDADE INTERNAÇÃO - PSIQUIATRIA ALA A;19
IRS;2020;11;UNIDADE INTERNAÇÃO - PSIQUIATRIA ALA B;19
IRS;2020;11;UNIDADE INTERNAÇÃO - PSIQUIATRIA ALA C;35
IRS;2020;11;UNIDADE INTERNAÇÃO - PSIQUIATRIA ALA E;29
IRS;2020;11;UNIDADE INTERNAÇÃO - PSIQUIATRIA UNIDADE DE TRATAMENTO CLÍNICO;3
IRS;2020;12;UNIDADE DE URGÊNCIA - CLINICA PSIQUIÁTRICA SALA DE OBSERVAÇAO;11
IRS;2020;12;UNIDADE INTERNAÇÃO - PSIQUIATRIA ALA A;25
IRS;2020;12;UNIDADE INTERNAÇÃO - PSIQUIATRIA ALA B;12
IRS;2020;12;UNIDADE INTERNAÇÃO - PSIQUIATRIA ALA C;35
IRS;2020;12;UNIDADE INTERNAÇÃO - PSIQUIATRIA ALA D;3
IRS;2020;12;UNIDADE INTERNAÇÃO - PSIQUIATRIA ALA E;28
IRS;2020;12;UNIDADE INTERNAÇÃO - PSIQUIATRIA UNIDADE DE TRATAMENTO CLÍNICO;10
MOV;2020;1;ALOJAMENTO CONJUNTO;252
MOV;2020;1;PRÉ-PARTO;18
MOV;2020;1;UNIDADE DE EMERGENCIA - ADMISSAO;2
MOV;2020;1;UNIDADE INTEMEDIARIA NEONATAL;23
MOV;2020;1;UNIDADE INTERNAÇÃO - ALTO RISCO OBSTETRICO;88
MOV;2020;1;UNIDADE INTERNAÇÃO - GINECOLOGIA CIRÚRGICA UCC;116
MOV;2020;1;UTI;23
MOV;2020;1;UTI - NEONATAL E PEDIATRICO;3
MOV;2020;2;ALOJAMENTO CONJUNTO;253
MOV;2020;2;PRÉ-PARTO;37
MOV;2020;2;UNIDADE DE EMERGENCIA - ADMISSAO;3
MOV;2020;2;UNIDADE INTEMEDIARIA NEONATAL;10
MOV;2020;2;UNIDADE INTERNAÇÃO - ALTO RISCO OBSTETRICO;86
MOV;2020;2;UNIDADE INTERNAÇÃO - GINECOLOGIA CIRÚRGICA UCC;138
MOV;2020;2;UTI;23
MOV;2020;2;UTI - NEONATAL E PEDIATRICO;1
MOV;2020;3;ALOJAMENTO CONJUNTO;287
MOV;2020;3;AMBULATORIO - ESPECIALIDADES;1
MOV;2020;3;PRÉ-PARTO;19
MOV;2020;3;UNIDADE DE EMERGENCIA - ADMISSAO;3
MOV;2020;3;UNIDADE INTEMEDIARIA NEONATAL;19
MOV;2020;3;UNIDADE INTERNAÇÃO - ALTO RISCO OBSTETRICO;80
MOV;2020;3;UNIDADE INTERNAÇÃO - GINECOLOGIA CIRÚRGICA UCC;117
MOV;2020;3;UTI;28
MOV;2020;3;UTI - NEONATAL E PEDIATRICO;3
MOV;2020;4;ALOJAMENTO CONJUNTO;270
MOV;2020;4;PRÉ-PARTO;29
MOV;2020;4;UNIDADE DE EMERGENCIA - ADMISSAO;2
MOV;2020;4;UNIDADE INTEMEDIARIA NEONATAL;26
MOV;2020;4;UNIDADE INTERNAÇÃO - ALTO RISCO OBSTETRICO;77
MOV;2020;4;UNIDADE INTERNAÇÃO - GINECOLOGIA CIRÚRGICA UCC;92
MOV;2020;4;UTI;14
MOV;2020;4;UTI - NEONATAL E PEDIATRICO;3
MOV;2020;5;ALOJAMENTO CONJUNTO;251
MOV;2020;5;PRÉ-PARTO;35
MOV;2020;5;UNIDADE DE EMERGENCIA - ADMISSAO;3
MOV;2020;5;UNIDADE INTEMEDIARIA NEONATAL;25
MOV;2020;5;UNIDADE INTERNAÇÃO - ALTO RISCO OBSTETRICO;103
MOV;2020;5;UNIDADE INTERNAÇÃO - GINECOLOGIA CIRÚRGICA UCC;96
MOV;2020;5;UTI;22
MOV;2020;5;UTI - NEONATAL E PEDIATRICO;4
MOV;2020;6;ALOJAMENTO CONJUNTO;258
MOV;2020;6;PRÉ-PARTO;31
MOV;2020;6;UNIDADE DE EMERGENCIA - ADMISSAO;3
MOV;2020;6;UNIDADE INTEMEDIARIA NEONATAL;25
MOV;2020;6;UNIDADE INTERNAÇÃO - ALTO RISCO OBSTETRICO;97
MOV;2020;6;UNIDADE INTERNAÇÃO - GINECOLOGIA CIRÚRGICA UCC;93
MOV;2020;6;UTI;26
MOV;2020;6;UTI - NEONATAL E PEDIATRICO;3
MOV;2020;7;ALOJAMENTO CONJUNTO;268
MOV;2020;7;AMBULATORIO - ESPECIALIDADES;1
MOV;2020;7;PRÉ-PARTO;36
MOV;2020;7;UNIDADE DE EMERGENCIA - ADMISSAO;3
MOV;2020;7;UNIDADE INTEMEDIARIA NEONATAL;24
MOV;2020;7;UNIDADE INTERNAÇÃO - ALTO RISCO OBSTETRICO;105
MOV;2020;7;UNIDADE INTERNAÇÃO - GINECOLOGIA CIRÚRGICA UCC;93
MOV;2020;7;UTI;17
MOV;2020;7;UTI - NEONATAL E PEDIATRICO;3
MOV;2020;8;ALOJAMENTO CONJUNTO;248
MOV;2020;8;PRÉ-PARTO;16
MOV;2020;8;UNIDADE DE EMERGENCIA - ADMISSAO;6
MOV;2020;8;UNIDADE INTEMEDIARIA NEONATAL;20
MOV;2020;8;UNIDADE INTERNAÇÃO - ALTO RISCO OBSTETRICO;110
MOV;2020;8;UNIDADE INTERNAÇÃO - GINECOLOGIA CIRÚRGICA UCC;96
MOV;2020;8;UTI;12
MOV;2020;8;UTI - NEONATAL E PEDIATRICO;2
MOV;2020;9;ALOJAMENTO CONJUNTO;236
MOV;2020;9;AMBULATORIO - ESPECIALIDADES;1
MOV;2020;9;PRÉ-PARTO;18
MOV;2020;9;UNIDADE DE EMERGENCIA - ADMISSAO;4
MOV;2020;9;UNIDADE INTEMEDIARIA NEONATAL;26
MOV;2020;9;UNIDADE INTERNAÇÃO - ALTO RISCO OBSTETRICO;86
MOV;2020;9;UNIDADE INTERNAÇÃO - GINECOLOGIA CIRÚRGICA UCC;106
MOV;2020;9;UTI;5
MOV;2020;9;UTI - NEONATAL E PEDIATRICO;4
MOV;2020;10;ALOJAMENTO CONJUNTO;273
MOV;2020;10;PRÉ-PARTO;25
MOV;2020;10;UNIDADE DE EMERGENCIA - ADMISSAO;1
MOV;2020;10;UNIDADE INTEMEDIARIA NEONATAL;16
MOV;2020;10;UNIDADE INTERNAÇÃO - ALTO RISCO OBSTETRICO;67
MOV;2020;10;UNIDADE INTERNAÇÃO - GINECOLOGIA CIRÚRGICA UCC;105
MOV;2020;10;UTI;11
MOV;2020;10;UTI - NEONATAL E PEDIATRICO;2
MOV;2020;11;ALOJAMENTO CONJUNTO;237
MOV;2020;11;PRÉ-PARTO;24
MOV;2020;11;UNIDADE DE EMERGENCIA - ADMISSAO;4
MOV;2020;11;UNIDADE INTEMEDIARIA NEONATAL;28
MOV;2020;11;UNIDADE INTERNAÇÃO - ALTO RISCO OBSTETRICO;90
MOV;2020;11;UNIDADE INTERNAÇÃO - GINECOLOGIA CIRÚRGICA UCC;126
MOV;2020;11;UTI;6
MOV;2020;11;UTI - NEONATAL E PEDIATRICO;2
MOV;2020;12;ALOJAMENTO CONJUNTO;235
MOV;2020;12;PRÉ-PARTO;30
MOV;2020;12;UNIDADE INTEMEDIARIA NEONATAL;27
MOV;2020;12;UNIDADE INTERNAÇÃO - ALTO RISCO OBSTETRICO;96
MOV;2020;12;UNIDADE INTERNAÇÃO - GINECOLOGIA CIRÚRGICA UCC;105
MOV;2020;12;UTI;6
MOV;2020;12;UTI - NEONATAL E PEDIATRICO;8
CHPB;2021;1;CAC - CENTRO DE ACOLHIMENTO DE CRISE;30
CHPB;2021;1;UIC - UNIDADE INTERCORRENCIAS CLINICAS;13
CHPB;2021;1;UNIDADE DE CUIDADOS CONTINUADOS INTEGRADOS;9
CHPB;2021;2;CAC - CENTRO DE ACOLHIMENTO DE CRISE;28
CHPB;2021;2;UNIDADE DE CUIDADOS CONTINUADOS INTEGRADOS;1
CHPB;2021;3;CAC - CENTRO DE ACOLHIMENTO DE CRISE;9
CHPB;2021;3;LAR INCLUSIVO B;1
CHPB;2021;3;UIC - UNIDADE INTERCORRENCIAS CLINICAS;1
CHPB;2021;3;UNIDADE DE CUIDADOS CONTINUADOS INTEGRADOS;2
CHPB;2021;3;UNIDADE INTERNAÇÃO - PSIQUIATRIA;19
CHPB;2021;4;LAR INCLUSIVO B;2
CHPB;2021;4;UNIDADE DE CUIDADOS CONTINUADOS INTEGRADOS;2
CHPB;2021;4;UNIDADE DE TRATAMENTO CLINICO;2
CHPB;2021;4;UNIDADE INTERNAÇÃO - PSIQUIATRIA;24
CHPB;2021;5;LAR INCLUSIVO D;1
CHPB;2021;5;UNIDADE DE CUIDADOS CONTINUADOS INTEGRADOS;2
CHPB;2021;5;UNIDADE DE TRATAMENTO CLINICO;1
CHPB;2021;5;UNIDADE INTERNAÇÃO - PSIQUIATRIA;23
CHPB;2021;6;LAR INCLUSIVO C;1
CHPB;2021;6;UNIDADE DE CUIDADOS CONTINUADOS INTEGRADOS;2
CHPB;2021;6;UNIDADE DE TRATAMENTO CLINICO;1
CHPB;2021;6;UNIDADE INTERNAÇÃO - PSIQUIATRIA;30
CHPB;2021;7;LAR INCLUSIVO B;1
CHPB;2021;7;UNIDADE DE CUIDADOS CONTINUADOS INTEGRADOS;7
CHPB;2021;7;UNIDADE DE TRATAMENTO CLINICO;3
CHPB;2021;7;UNIDADE INTERNAÇÃO - PSIQUIATRIA;23
CHPB;2021;8;UNIDADE DE CUIDADOS CONTINUADOS INTEGRADOS;4
CHPB;2021;8;UNIDADE DE TRATAMENTO CLINICO;8
CHPB;2021;8;UNIDADE INTERNAÇÃO - PSIQUIATRIA;19
CHPB;2021;9;AMBULATORIO DE SAUDE MENTAL;1
CHPB;2021;9;UNIDADE DE CUIDADOS CONTINUADOS INTEGRADOS;4
CHPB;2021;9;UNIDADE DE TRATAMENTO CLINICO;1
CHPB;2021;9;UNIDADE INTERNAÇÃO - PSIQUIATRIA;28
CHPB;2021;10;LAR INCLUSIVO D;1
CHPB;2021;10;UNIDADE DE CUIDADOS CONTINUADOS INTEGRADOS;8
CHPB;2021;10;UNIDADE DE TRATAMENTO CLINICO;2
CHPB;2021;10;UNIDADE INTERNAÇÃO - PSIQUIATRIA;34
CHPB;2021;11;LAR INCLUSIVO;6
CHPB;2021;11;LAR INCLUSIVO B;1
CHPB;2021;11;LAR INCLUSIVO C;2
CHPB;2021;11;UNIDADE DE CUIDADOS CONTINUADOS INTEGRADOS;10
CHPB;2021;11;UNIDADE DE TRATAMENTO CLINICO;1
CHPB;2021;11;UNIDADE INTERNAÇÃO - PSIQUIATRIA;29
CHPB;2021;12;LAR INCLUSIVO;1
CHPB;2021;12;LAR INCLUSIVO D;1
CHPB;2021;12;UNIDADE DE CUIDADOS CONTINUADOS INTEGRADOS;8
CHPB;2021;12;UNIDADE DE TRATAMENTO CLINICO;1
CHPB;2021;12;UNIDADE INTERNAÇÃO - PSIQUIATRIA;27
CSPD;2021;1;UNIDADE INTERNAÇÃO - CLINICA MÉDICA;30
CSPD;2021;2;UNIDADE INTERNAÇÃO - CLINICA MÉDICA;28
CSPD;2021;3;UNIDADE INTERNAÇÃO - CLINICA MÉDICA;25
CSPD;2021;4;UNIDADE INTERNAÇÃO - CLINICA MÉDICA;35
CSPD;2021;5;UNIDADE INTERNAÇÃO - CLINICA MÉDICA;25
CSPD;2021;6;UNIDADE INTERNAÇÃO - CLINICA MÉDICA;35
CSPD;2021;7;UNIDADE INTERNAÇÃO - CLINICA MÉDICA;30
CSPD;2021;8;UNIDADE INTERNAÇÃO - CLINICA MÉDICA;32
CSPD;2021;9;UNIDADE INTERNAÇÃO - CLINICA MÉDICA;35
CSPD;2021;10;UNIDADE INTERNAÇÃO - CLINICA MÉDICA;27
CSPD;2021;11;UNIDADE INTERNAÇÃO - CLINICA MÉDICA;40
CSPD;2021;12;UNIDADE INTERNAÇÃO - CLINICA MÉDICA;36
CSSFA;2021;1;AMBULATORIO - ESPECIALIDADES Consultorios;1
CSSFA;2021;1;UNIDADE DE INTERNACAO CCI Cuidados Continuados Integ;17
CSSFA;2021;1;UNIDADE INTERNAÇÃO - CLINICA MÉDICA;2
CSSFA;2021;2;UNIDADE DE INTERNACAO CCI Cuidados Continuados Integ;23
CSSFA;2021;2;UNIDADE INTERNAÇÃO - CLINICA MÉDICA;6
CSSFA;2021;3;UNIDADE DE INTERNACAO CCI Cuidados Continuados Integ;22
CSSFA;2021;3;UNIDADE INTERNAÇÃO - CLINICA MÉDICA;2
CSSFA;2021;4;UNIDADE DE INTERNACAO CCI Cuidados Continuados Integ;20
CSSFA;2021;5;UNIDADE DE INTERNACAO CCI Cuidados Continuados Integ;29
CSSFA;2021;5;UNIDADE INTERNAÇÃO - CLINICA MÉDICA;3
CSSFA;2021;6;AMBULATORIO - ESPECIALIDADES Consultorios;1
CSSFA;2021;6;UNIDADE DE INTERNACAO CCI Cuidados Continuados Integ;27
CSSFA;2021;6;UNIDADE INTERNAÇÃO - CLINICA MÉDICA;1
CSSFA;2021;7;UNIDADE DE INTERNACAO CCI Cuidados Continuados Integ;22
CSSFA;2021;7;UNIDADE INTERNAÇÃO - CLINICA MÉDICA;3
CSSFA;2021;8;UNIDADE DE INTERNACAO CCI Cuidados Continuados Integ;26
CSSFA;2021;8;UNIDADE INTERNAÇÃO - CLINICA MÉDICA;2
CSSFA;2021;9;UNIDADE DE INTERNACAO CCI Cuidados Continuados Integ;21
CSSFA;2021;10;UNIDADE DE INTERNACAO CCI Cuidados Continuados Integ;25
CSSFA;2021;11;UNIDADE DE INTERNACAO CCI Cuidados Continuados Integ;25
CSSFA;2021;12;UNIDADE DE INTERNACAO CCI Cuidados Continuados Integ;17
CSSFE;2021;1;UNIDADE INTERNAÇÃO - CLINICA MÉDICA;16
CSSFE;2021;2;UNIDADE INTERNAÇÃO - CLINICA MÉDICA;33
CSSFE;2021;3;UNIDADE INTERNAÇÃO - CLINICA MÉDICA;38
CSSFE;2021;4;UNIDADE INTERNAÇÃO - CLINICA MÉDICA;34
CSSFE;2021;5;UNIDADE INTERNAÇÃO - CLINICA MÉDICA;40
CSSFE;2021;6;UNIDADE INTERNAÇÃO - CLINICA MÉDICA;45
CSSFE;2021;7;UNIDADE INTERNAÇÃO - CLINICA MÉDICA;24
CSSFE;2021;8;UNIDADE INTERNAÇÃO - CLINICA MÉDICA;37
CSSFE;2021;9;UNIDADE INTERNAÇÃO - CLINICA MÉDICA;49
CSSFE;2021;10;UNIDADE INTERNAÇÃO - CLINICA MÉDICA;49
CSSFE;2021;11;UNIDADE INTERNAÇÃO - CLINICA MÉDICA;40
CSSFE;2021;12;UNIDADE INTERNAÇÃO - CLINICA MÉDICA;25
CSSI;2021;1;PRONTO ATENDIMENTO;35
CSSI;2021;1;UNIDADE INTERNAÇÃO - CLINICA MÉDICA ALA A;18
CSSI;2021;1;UNIDADE INTERNAÇÃO - CLINICA MÉDICA ALA B;16
CSSI;2021;2;PRONTO ATENDIMENTO;53
CSSI;2021;2;UNIDADE INTERNAÇÃO - CLINICA MÉDICA ALA A;2
CSSI;2021;2;UNIDADE INTERNAÇÃO - CLINICA MÉDICA ALA B;27
CSSI;2021;3;PRONTO ATENDIMENTO;23
CSSI;2021;3;UNIDADE INTERNAÇÃO - CLINICA MÉDICA ALA A;19
CSSI;2021;3;UNIDADE INTERNAÇÃO - CLINICA MÉDICA ALA B;30
CSSI;2021;3;UNIDADE URGENCIA/EMERGENCIA;41
CSSI;2021;4;UNIDADE INTERNAÇÃO - CLINICA MÉDICA ALA A;18
CSSI;2021;4;UNIDADE INTERNAÇÃO - CLINICA MÉDICA ALA B;22
CSSI;2021;4;UNIDADE URGENCIA/EMERGENCIA;46
CSSI;2021;5;UNIDADE INTERNAÇÃO - CLINICA MÉDICA ALA A;4
CSSI;2021;5;UNIDADE INTERNAÇÃO - CLINICA MÉDICA ALA B;17
CSSI;2021;5;UNIDADE URGENCIA/EMERGENCIA;44
CSSI;2021;6;UNIDADE DE CUIDADOS CONTINUADOS INTEGRADOS;4
CSSI;2021;6;UNIDADE INTERNAÇÃO - CLINICA MÉDICA ALA A;2
CSSI;2021;6;UNIDADE INTERNAÇÃO - CLINICA MÉDICA ALA B;22
CSSI;2021;6;UNIDADE URGENCIA/EMERGENCIA;47
CSSI;2021;7;UNIDADE DE CUIDADOS CONTINUADOS INTEGRADOS;10
CSSI;2021;7;UNIDADE INTERNAÇÃO - CLINICA MÉDICA ALA A;1
CSSI;2021;7;UNIDADE INTERNAÇÃO - CLINICA MÉDICA ALA B;27
CSSI;2021;7;UNIDADE URGENCIA/EMERGENCIA;51
CSSI;2021;8;AMBULATORIO - ESPECIALIDADES;1
CSSI;2021;8;UNIDADE DE CUIDADOS CONTINUADOS INTEGRADOS;5
CSSI;2021;8;UNIDADE INTERNAÇÃO - CLINICA MÉDICA ALA A;2
CSSI;2021;8;UNIDADE INTERNAÇÃO - CLINICA MÉDICA ALA B;18
CSSI;2021;8;UNIDADE URGENCIA/EMERGENCIA;47
CSSI;2021;9;UNIDADE DE CUIDADOS CONTINUADOS INTEGRADOS;6
CSSI;2021;9;UNIDADE INTERNAÇÃO - CLINICA MÉDICA ALA A;4
CSSI;2021;9;UNIDADE INTERNAÇÃO - CLINICA MÉDICA ALA B;20
CSSI;2021;9;UNIDADE URGENCIA/EMERGENCIA;44
CSSI;2021;10;UNIDADE DE CUIDADOS CONTINUADOS INTEGRADOS;9
CSSI;2021;10;UNIDADE INTERNAÇÃO - CLINICA MÉDICA ALA A;1
CSSI;2021;10;UNIDADE INTERNAÇÃO - CLINICA MÉDICA ALA B;29
CSSI;2021;10;UNIDADE URGENCIA/EMERGENCIA;37
CSSI;2021;11;UNIDADE DE CUIDADOS CONTINUADOS INTEGRADOS;3
CSSI;2021;11;UNIDADE INTERNAÇÃO - CLINICA MÉDICA ALA A;5
CSSI;2021;11;UNIDADE INTERNAÇÃO - CLINICA MÉDICA ALA B;29
CSSI;2021;11;UNIDADE URGENCIA/EMERGENCIA;34
CSSI;2021;12;UNIDADE DE CUIDADOS CONTINUADOS INTEGRADOS;11
CSSI;2021;12;UNIDADE INTERNAÇÃO - CLINICA MÉDICA ALA A;6
CSSI;2021;12;UNIDADE INTERNAÇÃO - CLINICA MÉDICA ALA B;27
CSSI;2021;12;UNIDADE URGENCIA/EMERGENCIA;45
HAC;2021;1;AMBULATORIO - ESPECIALIDADES;1
HAC;2021;1;UNIDADE INTERNAÇÃO - CIRURGIA GERAL;101
HAC;2021;1;UNIDADE INTERNAÇÃO - CLINICA MÉDICA;97
HAC;2021;1;UNIDADE URGENCIA/EMERGENCIA;37
HAC;2021;1;UTI;7
HAC;2021;2;AMBULATORIO - ESPECIALIDADES;1
HAC;2021;2;UNIDADE INTERNAÇÃO - CIRURGIA GERAL;97
HAC;2021;2;UNIDADE INTERNAÇÃO - CLINICA MÉDICA;90
HAC;2021;2;UNIDADE URGENCIA/EMERGENCIA;29
HAC;2021;2;UTI;7
HAC;2021;3;AMBULATORIO - ESPECIALIDADES;1
HAC;2021;3;QUIMIOTERAPIA;1
HAC;2021;3;UNIDADE INTERNAÇÃO - CIRURGIA GERAL;141
HAC;2021;3;UNIDADE INTERNAÇÃO - CLINICA MÉDICA;104
HAC;2021;3;UNIDADE URGENCIA/EMERGENCIA;27
HAC;2021;3;UTI;5
HAC;2021;4;UNIDADE INTERNAÇÃO - CIRURGIA GERAL;124
HAC;2021;4;UNIDADE INTERNAÇÃO - CLINICA MÉDICA;91
HAC;2021;4;UNIDADE URGENCIA/EMERGENCIA;29
HAC;2021;4;UTI;10
HAC;2021;5;UNIDADE DE DECISAO CLINICA;5
HAC;2021;5;UNIDADE INTERNAÇÃO - CIRURGIA GERAL;144
HAC;2021;5;UNIDADE INTERNAÇÃO - CLINICA MÉDICA;88
HAC;2021;5;UNIDADE URGENCIA/EMERGENCIA;18
HAC;2021;5;UTI;3
HAC;2021;5;UTI - ADULTO;1
HAC;2021;6;AMBULATORIO - ESPECIALIDADES;1
HAC;2021;6;QUIMIOTERAPIA;1
HAC;2021;6;UNIDADE DE DECISAO CLINICA;29
HAC;2021;6;UNIDADE INTERNAÇÃO - CIRURGIA GERAL;133
HAC;2021;6;UNIDADE INTERNAÇÃO - CLINICA MÉDICA;91
HAC;2021;6;UTI - ADULTO;12
HAC;2021;7;AMBULATORIO - ESPECIALIDADES;3
HAC;2021;7;QUIMIOTERAPIA;1
HAC;2021;7;UNIDADE DE DECISAO CLINICA;15
HAC;2021;7;UNIDADE INTERNAÇÃO - CIRURGIA GERAL;143
HAC;2021;7;UNIDADE INTERNAÇÃO - CLINICA MÉDICA;88
HAC;2021;7;UTI - ADULTO;7
HAC;2021;8;AMBULATORIO - ESPECIALIDADES;1
HAC;2021;8;UNIDADE DE DECISAO CLINICA;18
HAC;2021;8;UNIDADE INTERNAÇÃO - CIRURGIA GERAL;129
HAC;2021;8;UNIDADE INTERNAÇÃO - CLINICA MÉDICA;106
HAC;2021;8;UTI - ADULTO;9
HAC;2021;9;UNIDADE DE DECISAO CLINICA;13
HAC;2021;9;UNIDADE INTERNAÇÃO - CIRURGIA GERAL;124
HAC;2021;9;UNIDADE INTERNAÇÃO - CLINICA MÉDICA;123
HAC;2021;9;UTI - ADULTO;6
HAC;2021;10;QUIMIOTERAPIA;1
HAC;2021;10;UNIDADE INTERNAÇÃO - CIRURGIA GERAL;108
HAC;2021;10;UNIDADE INTERNAÇÃO - CLINICA MÉDICA;150
HAC;2021;10;UTI - ADULTO;10
HAC;2021;11;AMBULATORIO - ESPECIALIDADES;2
HAC;2021;11;QUIMIOTERAPIA;3
HAC;2021;11;UNIDADE INTERNAÇÃO - CIRURGIA GERAL;109
HAC;2021;11;UNIDADE INTERNAÇÃO - CLINICA MÉDICA;104
HAC;2021;11;UTI - ADULTO;12
HAC;2021;12;AMBULATORIO - ESPECIALIDADES;1
HAC;2021;12;QUIMIOTERAPIA;1
HAC;2021;12;UNIDADE INTERNAÇÃO - CIRURGIA GERAL;107
HAC;2021;12;UNIDADE INTERNAÇÃO - CLINICA MÉDICA;119
HAC;2021;12;UTI - ADULTO;13
HCM;2021;1;UNIDADE INTERNAÇÃO - CUIDADOS PROLONGADOS;3
HCM;2021;2;UNIDADE INTERNAÇÃO - CUIDADOS PROLONGADOS;5
HCM;2021;3;UNIDADE INTERNAÇÃO - CUIDADOS PROLONGADOS;7
HCM;2021;4;UNIDADE INTERNAÇÃO - CUIDADOS PROLONGADOS;12
HCM;2021;5;UNIDADE INTERNAÇÃO - CUIDADOS PROLONGADOS;10
HCM;2021;6;UNIDADE DE CUIDADOS CONTINUADOS INTEGRADOS;2
HCM;2021;6;UNIDADE INTERNAÇÃO - CUIDADOS PROLONGADOS;1
HCM;2021;7;UNIDADE DE CUIDADOS CONTINUADOS INTEGRADOS;7
HCM;2021;8;UNIDADE DE CUIDADOS CONTINUADOS INTEGRADOS;7
HCM;2021;9;UNIDADE DE CUIDADOS CONTINUADOS INTEGRADOS;3
HCM;2021;10;UNIDADE DE CUIDADOS CONTINUADOS INTEGRADOS;4
HCM;2021;11;UNIDADE DE CUIDADOS CONTINUADOS INTEGRADOS;5
HCM;2021;12;UNIDADE DE CUIDADOS CONTINUADOS INTEGRADOS;7
HEM;2021;1;UNIDADE INTERNAÇÃO - DOENÇAS INFECTO-CONTAGIOSAS E PARASITÁRIAS DOENÇAS INFECTO CONTAGIOSAS;163
HEM;2021;1;UTI;43
HEM;2021;2;UNIDADE INTERNAÇÃO - DOENÇAS INFECTO-CONTAGIOSAS E PARASITÁRIAS DOENÇAS INFECTO CONTAGIOSAS;127
HEM;2021;2;UTI;22
HEM;2021;3;UNIDADE INTERNAÇÃO - DOENÇAS INFECTO-CONTAGIOSAS E PARASITÁRIAS DOENÇAS INFECTO CONTAGIOSAS;240
HEM;2021;3;UTI;65
HEM;2021;4;UNIDADE INTERNAÇÃO - DOENÇAS INFECTO-CONTAGIOSAS E PARASITÁRIAS DOENÇAS INFECTO CONTAGIOSAS;203
HEM;2021;4;UTI;63
HEM;2021;5;UNIDADE INTERNAÇÃO - DOENÇAS INFECTO-CONTAGIOSAS E PARASITÁRIAS DOENÇAS INFECTO CONTAGIOSAS;206
HEM;2021;5;UTI;35
HEM;2021;6;UNIDADE INTERNAÇÃO - DOENÇAS INFECTO-CONTAGIOSAS E PARASITÁRIAS DOENÇAS INFECTO CONTAGIOSAS;163
HEM;2021;6;UTI;28
HEM;2021;7;UNIDADE INTERNAÇÃO - DOENÇAS INFECTO-CONTAGIOSAS E PARASITÁRIAS DOENÇAS INFECTO CONTAGIOSAS;163
HEM;2021;7;UTI;32
HEM;2021;8;UNIDADE INTERNAÇÃO - DOENÇAS INFECTO-CONTAGIOSAS E PARASITÁRIAS DOENÇAS INFECTO CONTAGIOSAS;149
HEM;2021;8;UTI;1
HEM;2021;8;UTI - ADULTO;18
HEM;2021;9;UNIDADE INTERNAÇÃO - DOENÇAS INFECTO-CONTAGIOSAS E PARASITÁRIAS DOENÇAS INFECTO CONTAGIOSAS;125
HEM;2021;9;UTI - ADULTO;9
HEM;2021;10;UNIDADE INTERNAÇÃO - DOENÇAS INFECTO-CONTAGIOSAS E PARASITÁRIAS DOENÇAS INFECTO CONTAGIOSAS;132
HEM;2021;10;UTI - ADULTO;16
HEM;2021;11;UNIDADE INTERNAÇÃO - DOENÇAS INFECTO-CONTAGIOSAS E PARASITÁRIAS DOENÇAS INFECTO CONTAGIOSAS;151
HEM;2021;11;UTI - ADULTO;19
HEM;2021;12;UNIDADE INTERNAÇÃO - DOENÇAS INFECTO-CONTAGIOSAS E PARASITÁRIAS DOENÇAS INFECTO CONTAGIOSAS;144
HEM;2021;12;UTI - ADULTO;21
HIJPII;2021;1;UNIDADE INTERNAÇÃO - CLINICA PEDIÁTRICA;178
HIJPII;2021;1;UNIDADE INTERNAÇÃO - CURTO PRAZO;15
HIJPII;2021;1;UNIDADE INTERNAÇÃO - DOENÇAS INFECTO-CONTAGIOSAS E PARASITÁRIAS;128
HIJPII;2021;1;UTI;7
HIJPII;2021;2;UNIDADE INTERNAÇÃO - CLINICA PEDIÁTRICA;163
HIJPII;2021;2;UNIDADE INTERNAÇÃO - CURTO PRAZO;21
HIJPII;2021;2;UNIDADE INTERNAÇÃO - DOENÇAS INFECTO-CONTAGIOSAS E PARASITÁRIAS;143
HIJPII;2021;2;UTI;9
HIJPII;2021;3;AMBULATORIO - ESPECIALIDADES;1
HIJPII;2021;3;UNIDADE INTERNAÇÃO - CLINICA PEDIÁTRICA;207
HIJPII;2021;3;UNIDADE INTERNAÇÃO - CURTO PRAZO;31
HIJPII;2021;3;UNIDADE INTERNAÇÃO - DOENÇAS INFECTO-CONTAGIOSAS E PARASITÁRIAS;182
HIJPII;2021;3;UTI;2
HIJPII;2021;4;AMBULATORIO - ESPECIALIDADES;1
HIJPII;2021;4;UNIDADE INTERNAÇÃO - CLINICA PEDIÁTRICA;230
HIJPII;2021;4;UNIDADE INTERNAÇÃO - CURTO PRAZO;28
HIJPII;2021;4;UNIDADE INTERNAÇÃO - DOENÇAS INFECTO-CONTAGIOSAS E PARASITÁRIAS;165
HIJPII;2021;4;UTI;3
HIJPII;2021;5;UNIDADE INTERNAÇÃO - CLINICA PEDIÁTRICA;202
HIJPII;2021;5;UNIDADE INTERNAÇÃO - CURTO PRAZO;27
HIJPII;2021;5;UNIDADE INTERNAÇÃO - DOENÇAS INFECTO-CONTAGIOSAS E PARASITÁRIAS;144
HIJPII;2021;5;UTI;5
HIJPII;2021;6;AMBULATORIO - ESPECIALIDADES;1
HIJPII;2021;6;ENDOSCOPIA;1
HIJPII;2021;6;UNIDADE INTERNAÇÃO - CLINICA PEDIÁTRICA;167
HIJPII;2021;6;UNIDADE INTERNAÇÃO - CURTO PRAZO;21
HIJPII;2021;6;UNIDADE INTERNAÇÃO - DOENÇAS INFECTO-CONTAGIOSAS E PARASITÁRIAS;134
HIJPII;2021;6;UTI;5
HIJPII;2021;7;UNIDADE INTERNAÇÃO - CLINICA PEDIÁTRICA;185
HIJPII;2021;7;UNIDADE INTERNAÇÃO - CURTO PRAZO;34
HIJPII;2021;7;UNIDADE INTERNAÇÃO - DOENÇAS INFECTO-CONTAGIOSAS E PARASITÁRIAS;137
HIJPII;2021;7;UTI;4
HIJPII;2021;8;UNIDADE INTERNAÇÃO - CLINICA PEDIÁTRICA;166
HIJPII;2021;8;UNIDADE INTERNAÇÃO - CURTO PRAZO;16
HIJPII;2021;8;UNIDADE INTERNAÇÃO - DOENÇAS INFECTO-CONTAGIOSAS E PARASITÁRIAS;130
HIJPII;2021;8;UTI;9
HIJPII;2021;9;AMBULATORIO - ESPECIALIDADES;1
HIJPII;2021;9;UNIDADE INTERNAÇÃO - CLINICA PEDIÁTRICA;181
HIJPII;2021;9;UNIDADE INTERNAÇÃO - CURTO PRAZO;39
HIJPII;2021;9;UNIDADE INTERNAÇÃO - DOENÇAS INFECTO-CONTAGIOSAS E PARASITÁRIAS;132
HIJPII;2021;9;UTI;8
HIJPII;2021;10;UNIDADE INTERNAÇÃO - CLINICA PEDIÁTRICA;195
HIJPII;2021;10;UNIDADE INTERNAÇÃO - CURTO PRAZO;36
HIJPII;2021;10;UNIDADE INTERNAÇÃO - DOENÇAS INFECTO-CONTAGIOSAS E PARASITÁRIAS;145
HIJPII;2021;10;UTI;8
HIJPII;2021;11;UNIDADE INTERNAÇÃO - CLINICA PEDIÁTRICA;195
HIJPII;2021;11;UNIDADE INTERNAÇÃO - CURTO PRAZO;31
HIJPII;2021;11;UNIDADE INTERNAÇÃO - DOENÇAS INFECTO-CONTAGIOSAS E PARASITÁRIAS;150
HIJPII;2021;11;UTI;8
HIJPII;2021;12;UNIDADE INTERNAÇÃO - CLINICA PEDIÁTRICA;242
HIJPII;2021;12;UNIDADE INTERNAÇÃO - CURTO PRAZO;55
HIJPII;2021;12;UNIDADE INTERNAÇÃO - DOENÇAS INFECTO-CONTAGIOSAS E PARASITÁRIAS;193
HIJPII;2021;12;UTI;4
HJK;2021;1;ALOJAMENTO CONJUNTO;200
HJK;2021;1;UNIDADE INTERNAÇÃO - CLINICA CIRURGICA;127
HJK;2021;1;UNIDADE INTERNAÇÃO - CLINICA MÉDICA;69
HJK;2021;1;UNIDADE INTERNAÇÃO - CLINICA PNEUMOLOGICA;104
HJK;2021;1;UNIDADE INTERNAÇÃO - CLINICA TISIOLÓGICA;16
HJK;2021;1;UTI - NEONATAL E PEDIATRICO UTIN E UCIN;8
HJK;2021;1;UTI COVID-19;31
HJK;2021;1;UTI CTI;11
HJK;2021;2;ALOJAMENTO CONJUNTO;230
HJK;2021;2;UNIDADE DE URGENCIA - CLINICA MEDICA;5
HJK;2021;2;UNIDADE INTERNAÇÃO - CLINICA CIRURGICA;106
HJK;2021;2;UNIDADE INTERNAÇÃO - CLINICA MÉDICA;47
HJK;2021;2;UNIDADE INTERNAÇÃO - CLINICA PNEUMOLOGICA;74
HJK;2021;2;UNIDADE INTERNAÇÃO - CLINICA TISIOLÓGICA;13
HJK;2021;2;UTI - NEONATAL E PEDIATRICO UTIN E UCIN;8
HJK;2021;2;UTI COVID-19;34
HJK;2021;2;UTI CTI;11
HJK;2021;3;ALOJAMENTO CONJUNTO;282
HJK;2021;3;UNIDADE DE URGENCIA - CLINICA MEDICA;23
HJK;2021;3;UNIDADE INTERNAÇÃO - CLINICA CIRURGICA;105
HJK;2021;3;UNIDADE INTERNAÇÃO - CLINICA MÉDICA;60
HJK;2021;3;UNIDADE INTERNAÇÃO - CLINICA PNEUMOLOGICA;127
HJK;2021;3;UNIDADE INTERNAÇÃO - CLINICA TISIOLÓGICA;53
HJK;2021;3;UTI - NEONATAL E PEDIATRICO UTIN E UCIN;17
HJK;2021;3;UTI COVID-19;43
HJK;2021;3;UTI CTI;18
HJK;2021;4;ALOJAMENTO CONJUNTO;182
HJK;2021;4;UNIDADE DE URGENCIA - CLINICA MEDICA;33
HJK;2021;4;UNIDADE INTERNAÇÃO - CLINICA CIRURGICA;5
HJK;2021;4;UNIDADE INTERNAÇÃO - CLINICA MÉDICA;96
HJK;2021;4;UNIDADE INTERNAÇÃO - CLINICA PNEUMOLOGICA;127
HJK;2021;4;UNIDADE INTERNAÇÃO - CLINICA TISIOLÓGICA;79
HJK;2021;4;UTI - ADULTO COVID-19 (CTI 03);3
HJK;2021;4;UTI - NEONATAL E PEDIATRICO UTIN E UCIN;11
HJK;2021;4;UTI COVID-19;50
HJK;2021;4;UTI CTI;11
HJK;2021;5;ALOJAMENTO CONJUNTO;234
HJK;2021;5;UNIDADE DE URGENCIA - CLINICA MEDICA;24
HJK;2021;5;UNIDADE INTERNAÇÃO - CLINICA MÉDICA;88
HJK;2021;5;UNIDADE INTERNAÇÃO - CLINICA PNEUMOLOGICA;82
HJK;2021;5;UNIDADE INTERNAÇÃO - CLINICA TISIOLÓGICA;75
HJK;2021;5;UTI - ADULTO COVID-19 (CTI 03);2
HJK;2021;5;UTI - NEONATAL E PEDIATRICO UTIN E UCIN;13
HJK;2021;5;UTI COVID-19;26
HJK;2021;5;UTI CTI;6
HJK;2021;6;ALOJAMENTO CONJUNTO;212
HJK;2021;6;UNIDADE DE URGENCIA - CLINICA MEDICA;42
HJK;2021;6;UNIDADE INTERNAÇÃO - CLINICA MÉDICA;102
HJK;2021;6;UNIDADE INTERNAÇÃO - CLINICA PNEUMOLOGICA;103
HJK;2021;6;UNIDADE INTERNAÇÃO - CLINICA TISIOLÓGICA;69
HJK;2021;6;UTI - NEONATAL E PEDIATRICO UTIN E UCIN;7
HJK;2021;6;UTI COVID-19;39
HJK;2021;6;UTI CTI;9
HJK;2021;7;ALOJAMENTO CONJUNTO;242
HJK;2021;7;UNIDADE DE URGENCIA - CLINICA MEDICA;103
HJK;2021;7;UNIDADE INTERNAÇÃO - CLINICA CIRURGICA;28
HJK;2021;7;UNIDADE INTERNAÇÃO - CLINICA MÉDICA;80
HJK;2021;7;UNIDADE INTERNAÇÃO - CLINICA PNEUMOLOGICA;131
HJK;2021;7;UNIDADE INTERNAÇÃO - CLINICA TISIOLÓGICA;14
HJK;2021;7;UTI - ADULTO COVID-19 (CTI 03);14
HJK;2021;7;UTI - NEONATAL E PEDIATRICO UTIN E UCIN;11
HJK;2021;7;UTI COVID-19;21
HJK;2021;7;UTI CTI;11
HJK;2021;8;ALOJAMENTO CONJUNTO;250
HJK;2021;8;UNIDADE DE URGENCIA - CLINICA MEDICA;104
HJK;2021;8;UNIDADE INTERNAÇÃO - CLINICA CIRURGICA;48
HJK;2021;8;UNIDADE INTERNAÇÃO - CLINICA MÉDICA;72
HJK;2021;8;UNIDADE INTERNAÇÃO - CLINICA PNEUMOLOGICA;71
HJK;2021;8;UNIDADE INTERNAÇÃO - CLINICA TISIOLÓGICA;11
HJK;2021;8;UTI - NEONATAL E PEDIATRICO UTIN E UCIN;14
HJK;2021;8;UTI COVID-19;20
HJK;2021;8;UTI CTI;7
HJK;2021;9;ALOJAMENTO CONJUNTO;202
HJK;2021;9;UNIDADE DE URGENCIA - CLINICA MEDICA;90
HJK;2021;9;UNIDADE INTERNAÇÃO - CLINICA CIRURGICA;56
HJK;2021;9;UNIDADE INTERNAÇÃO - CLINICA MÉDICA;43
HJK;2021;9;UNIDADE INTERNAÇÃO - CLINICA PNEUMOLOGICA;22
HJK;2021;9;UNIDADE INTERNAÇÃO - CLINICA TISIOLÓGICA;18
HJK;2021;9;UTI - NEONATAL E PEDIATRICO UTIN E UCIN;4
HJK;2021;9;UTI COVID-19;13
HJK;2021;9;UTI CTI;14
HJK;2021;10;ALOJAMENTO CONJUNTO;257
HJK;2021;10;UNIDADE DE URGENCIA - CLINICA MEDICA;95
HJK;2021;10;UNIDADE INTERNAÇÃO - CLINICA CIRURGICA;59
HJK;2021;10;UNIDADE INTERNAÇÃO - CLINICA MÉDICA;83
HJK;2021;10;UNIDADE INTERNAÇÃO - CLINICA PNEUMOLOGICA;35
HJK;2021;10;UNIDADE INTERNAÇÃO - CLINICA TISIOLÓGICA;19
HJK;2021;10;UTI - ADULTO COVID-19 (CTI 03);1
HJK;2021;10;UTI - NEONATAL E PEDIATRICO UTIN E UCIN;11
HJK;2021;10;UTI COVID-19;16
HJK;2021;10;UTI CTI;7
HJK;2021;11;ALOJAMENTO CONJUNTO;211
HJK;2021;11;UNIDADE DE URGENCIA - CLINICA MEDICA;64
HJK;2021;11;UNIDADE INTERNAÇÃO - CLINICA CIRURGICA;58
HJK;2021;11;UNIDADE INTERNAÇÃO - CLINICA MÉDICA;94
HJK;2021;11;UNIDADE INTERNAÇÃO - CLINICA PNEUMOLOGICA;83
HJK;2021;11;UNIDADE INTERNAÇÃO - CLINICA TISIOLÓGICA;20
HJK;2021;11;UTI - NEONATAL E PEDIATRICO UTIN E UCIN;8
HJK;2021;11;UTI COVID-19;17
HJK;2021;11;UTI CTI;7
HJK;2021;12;ALOJAMENTO CONJUNTO;217
HJK;2021;12;UNIDADE DE URGENCIA - CLINICA MEDICA;92
HJK;2021;12;UNIDADE INTERNAÇÃO - CLINICA CIRURGICA;62
HJK;2021;12;UNIDADE INTERNAÇÃO - CLINICA MÉDICA;105
HJK;2021;12;UNIDADE INTERNAÇÃO - CLINICA PNEUMOLOGICA;92
HJK;2021;12;UNIDADE INTERNAÇÃO - CLINICA TISIOLÓGICA;26
HJK;2021;12;UTI - NEONATAL E PEDIATRICO UTIN E UCIN;11
HJK;2021;12;UTI COVID-19;20
HJK;2021;12;UTI CTI;8
HJXXIII;2021;1;BLOCO CIRURGICO;40
HJXXIII;2021;1;PRONTO SOCORRO;496
HJXXIII;2021;1;PRONTO SOCORRO SALA 08 - EMERG. CLINICAS;3
HJXXIII;2021;1;UNIDADE INTERNAÇÃO - CIRURGIA GERAL 4º ANDAR;117
HJXXIII;2021;1;UNIDADE INTERNAÇÃO - CIRURGIA PLÁSTICA 7º ANDAR;134
HJXXIII;2021;1;UNIDADE INTERNAÇÃO - CLINICA CUIDADOS PROGRESSIVOS 3º ANDAR;16
HJXXIII;2021;1;UNIDADE INTERNAÇÃO - CLINICA MÉDICA 6º ANDAR;36
HJXXIII;2021;1;UNIDADE INTERNAÇÃO - CLINICA NEUROLOGICA 5º ANDAR;75
HJXXIII;2021;1;UNIDADE INTERNAÇÃO - QUEIMADOS GRAVES 9º ANDAR;2
HJXXIII;2021;1;UNIDADE INTERNAÇÃO - QUEIMADOS MÉDIOS - 8º ANDAR;30
HJXXIII;2021;1;UTI;31
HJXXIII;2021;1;UTI -  PEDIATRICO 2º ANDAR;15
HJXXIII;2021;2;BLOCO CIRURGICO;34
HJXXIII;2021;2;PRONTO SOCORRO;422
HJXXIII;2021;2;PRONTO SOCORRO SALA 08 - EMERG. CLINICAS;2
HJXXIII;2021;2;UNIDADE INTERNAÇÃO - CIRURGIA GERAL 4º ANDAR;118
HJXXIII;2021;2;UNIDADE INTERNAÇÃO - CIRURGIA PLÁSTICA 7º ANDAR;144
HJXXIII;2021;2;UNIDADE INTERNAÇÃO - CLINICA CUIDADOS PROGRESSIVOS 3º ANDAR;4
HJXXIII;2021;2;UNIDADE INTERNAÇÃO - CLINICA MÉDICA 6º ANDAR;22
HJXXIII;2021;2;UNIDADE INTERNAÇÃO - CLINICA NEUROLOGICA 5º ANDAR;55
HJXXIII;2021;2;UNIDADE INTERNAÇÃO - CLINICA PEDIÁTRICA 2º ANDAR;1
HJXXIII;2021;2;UNIDADE INTERNAÇÃO - QUEIMADOS GRAVES 9º ANDAR;1
HJXXIII;2021;2;UNIDADE INTERNAÇÃO - QUEIMADOS MÉDIOS - 8º ANDAR;28
HJXXIII;2021;2;UTI;27
HJXXIII;2021;2;UTI -  PEDIATRICO 2º ANDAR;17
HJXXIII;2021;3;AMBULATORIO - RETORNOS;1
HJXXIII;2021;3;BLOCO CIRURGICO;41
HJXXIII;2021;3;PRONTO SOCORRO;491
HJXXIII;2021;3;PRONTO SOCORRO SALA 08 - EMERG. CLINICAS;1
HJXXIII;2021;3;UNIDADE INTERNAÇÃO - CIRURGIA GERAL 4º ANDAR;149
HJXXIII;2021;3;UNIDADE INTERNAÇÃO - CIRURGIA PLÁSTICA 7º ANDAR;175
HJXXIII;2021;3;UNIDADE INTERNAÇÃO - CLINICA CUIDADOS PROGRESSIVOS 3º ANDAR;9
HJXXIII;2021;3;UNIDADE INTERNAÇÃO - CLINICA MÉDICA 6º ANDAR;50
HJXXIII;2021;3;UNIDADE INTERNAÇÃO - CLINICA NEUROLOGICA 5º ANDAR;65
HJXXIII;2021;3;UNIDADE INTERNAÇÃO - CLINICA PEDIÁTRICA 2º ANDAR;1
HJXXIII;2021;3;UNIDADE INTERNAÇÃO - QUEIMADOS GRAVES 9º ANDAR;1
HJXXIII;2021;3;UNIDADE INTERNAÇÃO - QUEIMADOS MÉDIOS - 8º ANDAR;32
HJXXIII;2021;3;UTI;33
HJXXIII;2021;3;UTI -  PEDIATRICO 2º ANDAR;39
HJXXIII;2021;4;BLOCO CIRURGICO;31
HJXXIII;2021;4;PRONTO SOCORRO;546
HJXXIII;2021;4;PRONTO SOCORRO SALA 08 - EMERG. CLINICAS;4
HJXXIII;2021;4;UNIDADE INTERNAÇÃO - CIRURGIA GERAL 4º ANDAR;162
HJXXIII;2021;4;UNIDADE INTERNAÇÃO - CIRURGIA PLÁSTICA 7º ANDAR;157
HJXXIII;2021;4;UNIDADE INTERNAÇÃO - CLINICA CUIDADOS PROGRESSIVOS 3º ANDAR;4
HJXXIII;2021;4;UNIDADE INTERNAÇÃO - CLINICA MÉDICA 6º ANDAR;49
HJXXIII;2021;4;UNIDADE INTERNAÇÃO - CLINICA NEUROLOGICA 5º ANDAR;48
HJXXIII;2021;4;UNIDADE INTERNAÇÃO - QUEIMADOS GRAVES 9º ANDAR;3
HJXXIII;2021;4;UNIDADE INTERNAÇÃO - QUEIMADOS MÉDIOS - 8º ANDAR;24
HJXXIII;2021;4;UTI;42
HJXXIII;2021;4;UTI -  PEDIATRICO 2º ANDAR;33
HJXXIII;2021;5;BLOCO CIRURGICO;40
HJXXIII;2021;5;PRONTO SOCORRO;547
HJXXIII;2021;5;UNIDADE INTERNAÇÃO - CIRURGIA GERAL 4º ANDAR;152
HJXXIII;2021;5;UNIDADE INTERNAÇÃO - CIRURGIA PLÁSTICA 7º ANDAR;156
HJXXIII;2021;5;UNIDADE INTERNAÇÃO - CLINICA CUIDADOS PROGRESSIVOS 3º ANDAR;13
HJXXIII;2021;5;UNIDADE INTERNAÇÃO - CLINICA MÉDICA 6º ANDAR;40
HJXXIII;2021;5;UNIDADE INTERNAÇÃO - CLINICA NEUROLOGICA 5º ANDAR;44
HJXXIII;2021;5;UNIDADE INTERNAÇÃO - QUEIMADOS GRAVES 9º ANDAR;4
HJXXIII;2021;5;UNIDADE INTERNAÇÃO - QUEIMADOS MÉDIOS - 8º ANDAR;30
HJXXIII;2021;5;UTI;37
HJXXIII;2021;5;UTI -  PEDIATRICO 2º ANDAR;30
HJXXIII;2021;6;BLOCO CIRURGICO;46
HJXXIII;2021;6;PRONTO SOCORRO;603
HJXXIII;2021;6;UNIDADE INTERNAÇÃO - CIRURGIA GERAL 4º ANDAR;141
HJXXIII;2021;6;UNIDADE INTERNAÇÃO - CIRURGIA PLÁSTICA 7º ANDAR;139
HJXXIII;2021;6;UNIDADE INTERNAÇÃO - CLINICA CUIDADOS PROGRESSIVOS 3º ANDAR;10
HJXXIII;2021;6;UNIDADE INTERNAÇÃO - CLINICA MÉDICA 6º ANDAR;51
HJXXIII;2021;6;UNIDADE INTERNAÇÃO - CLINICA NEUROLOGICA 5º ANDAR;52
HJXXIII;2021;6;UNIDADE INTERNAÇÃO - QUEIMADOS GRAVES 9º ANDAR;2
HJXXIII;2021;6;UNIDADE INTERNAÇÃO - QUEIMADOS MÉDIOS - 8º ANDAR;32
HJXXIII;2021;6;UTI;18
HJXXIII;2021;6;UTI -  PEDIATRICO 2º ANDAR;34
HJXXIII;2021;7;BLOCO CIRURGICO;49
HJXXIII;2021;7;PRONTO SOCORRO;588
HJXXIII;2021;7;UNIDADE INTERNAÇÃO - CIRURGIA GERAL 4º ANDAR;140
HJXXIII;2021;7;UNIDADE INTERNAÇÃO - CIRURGIA PLÁSTICA 7º ANDAR;150
HJXXIII;2021;7;UNIDADE INTERNAÇÃO - CLINICA CUIDADOS PROGRESSIVOS 3º ANDAR;12
HJXXIII;2021;7;UNIDADE INTERNAÇÃO - CLINICA MÉDICA 6º ANDAR;59
HJXXIII;2021;7;UNIDADE INTERNAÇÃO - CLINICA NEUROLOGICA 5º ANDAR;65
HJXXIII;2021;7;UNIDADE INTERNAÇÃO - QUEIMADOS GRAVES 9º ANDAR;2
HJXXIII;2021;7;UNIDADE INTERNAÇÃO - QUEIMADOS MÉDIOS - 8º ANDAR;35
HJXXIII;2021;7;UTI;27
HJXXIII;2021;7;UTI -  PEDIATRICO 2º ANDAR;28
HJXXIII;2021;8;AMBULATORIO - RETORNOS;1
HJXXIII;2021;8;BLOCO CIRURGICO;43
HJXXIII;2021;8;PRONTO SOCORRO;477
HJXXIII;2021;8;UNIDADE INTERNAÇÃO - CIRURGIA GERAL 4º ANDAR;149
HJXXIII;2021;8;UNIDADE INTERNAÇÃO - CIRURGIA PLÁSTICA 7º ANDAR;140
HJXXIII;2021;8;UNIDADE INTERNAÇÃO - CLINICA CUIDADOS PROGRESSIVOS 3º ANDAR;11
HJXXIII;2021;8;UNIDADE INTERNAÇÃO - CLINICA MÉDICA 6º ANDAR;88
HJXXIII;2021;8;UNIDADE INTERNAÇÃO - CLINICA NEUROLOGICA 5º ANDAR;91
HJXXIII;2021;8;UNIDADE INTERNAÇÃO - QUEIMADOS GRAVES 9º ANDAR;2
HJXXIII;2021;8;UNIDADE INTERNAÇÃO - QUEIMADOS MÉDIOS - 8º ANDAR;31
HJXXIII;2021;8;UTI;26
HJXXIII;2021;8;UTI -  PEDIATRICO 2º ANDAR;21
HJXXIII;2021;9;BLOCO CIRURGICO;39
HJXXIII;2021;9;PRONTO SOCORRO;464
HJXXIII;2021;9;UNIDADE INTERNAÇÃO - CIRURGIA GERAL 4º ANDAR;155
HJXXIII;2021;9;UNIDADE INTERNAÇÃO - CIRURGIA PLÁSTICA 7º ANDAR;141
HJXXIII;2021;9;UNIDADE INTERNAÇÃO - CLINICA CUIDADOS PROGRESSIVOS 3º ANDAR;9
HJXXIII;2021;9;UNIDADE INTERNAÇÃO - CLINICA MÉDICA 6º ANDAR;78
HJXXIII;2021;9;UNIDADE INTERNAÇÃO - CLINICA NEUROLOGICA 5º ANDAR;72
HJXXIII;2021;9;UNIDADE INTERNAÇÃO - QUEIMADOS GRAVES 9º ANDAR;2
HJXXIII;2021;9;UNIDADE INTERNAÇÃO - QUEIMADOS MÉDIOS - 8º ANDAR;34
HJXXIII;2021;9;UTI;27
HJXXIII;2021;9;UTI -  PEDIATRICO 2º ANDAR;25
HJXXIII;2021;10;BLOCO CIRURGICO;43
HJXXIII;2021;10;PRONTO SOCORRO;458
HJXXIII;2021;10;UNIDADE INTERNAÇÃO - CIRURGIA GERAL 4º ANDAR;152
HJXXIII;2021;10;UNIDADE INTERNAÇÃO - CIRURGIA PLÁSTICA 7º ANDAR;134
HJXXIII;2021;10;UNIDADE INTERNAÇÃO - CLINICA CUIDADOS PROGRESSIVOS 3º ANDAR;5
HJXXIII;2021;10;UNIDADE INTERNAÇÃO - CLINICA MÉDICA 6º ANDAR;51
HJXXIII;2021;10;UNIDADE INTERNAÇÃO - CLINICA NEUROLOGICA 5º ANDAR;81
HJXXIII;2021;10;UNIDADE INTERNAÇÃO - QUEIMADOS MÉDIOS - 8º ANDAR;28
HJXXIII;2021;10;UTI;29
HJXXIII;2021;10;UTI -  PEDIATRICO 2º ANDAR;38
HJXXIII;2021;11;BLOCO CIRURGICO;46
HJXXIII;2021;11;PRONTO SOCORRO;471
HJXXIII;2021;11;UNIDADE INTERNAÇÃO - CIRURGIA GERAL 4º ANDAR;147
HJXXIII;2021;11;UNIDADE INTERNAÇÃO - CIRURGIA PLÁSTICA 7º ANDAR;141
HJXXIII;2021;11;UNIDADE INTERNAÇÃO - CLINICA CUIDADOS PROGRESSIVOS 3º ANDAR;10
HJXXIII;2021;11;UNIDADE INTERNAÇÃO - CLINICA MÉDICA 6º ANDAR;62
HJXXIII;2021;11;UNIDADE INTERNAÇÃO - CLINICA NEUROLOGICA 5º ANDAR;79
HJXXIII;2021;11;UNIDADE INTERNAÇÃO - QUEIMADOS GRAVES 9º ANDAR;2
HJXXIII;2021;11;UNIDADE INTERNAÇÃO - QUEIMADOS MÉDIOS - 8º ANDAR;31
HJXXIII;2021;11;UTI;22
HJXXIII;2021;11;UTI -  PEDIATRICO 2º ANDAR;35
HJXXIII;2021;12;AMBULATORIO - RETORNOS;1
HJXXIII;2021;12;BLOCO CIRURGICO;77
HJXXIII;2021;12;PRONTO SOCORRO;530
HJXXIII;2021;12;UNIDADE INTERNAÇÃO - CIRURGIA GERAL 4º ANDAR;131
HJXXIII;2021;12;UNIDADE INTERNAÇÃO - CIRURGIA PLÁSTICA 7º ANDAR;92
HJXXIII;2021;12;UNIDADE INTERNAÇÃO - CLINICA CUIDADOS PROGRESSIVOS 3º ANDAR;8
HJXXIII;2021;12;UNIDADE INTERNAÇÃO - CLINICA MÉDICA 6º ANDAR;69
HJXXIII;2021;12;UNIDADE INTERNAÇÃO - CLINICA NEUROLOGICA 5º ANDAR;65
HJXXIII;2021;12;UNIDADE INTERNAÇÃO - QUEIMADOS MÉDIOS - 8º ANDAR;31
HJXXIII;2021;12;UTI;27
HJXXIII;2021;12;UTI -  PEDIATRICO 2º ANDAR;45
HMAL;2021;1;UNIDADE DE INTERNAÇÃO - TRAUMATO/ORTOPEDIA A;81
HMAL;2021;1;UNIDADE DE INTERNAÇÃO - TRAUMATO/ORTOPEDIA B;97
HMAL;2021;1;UNIDADE INTERNAÇÃO - BUCO TRAUMATO ORTOPEDIA 2º ANDAR;9
HMAL;2021;2;UNIDADE DE INTERNAÇÃO - TRAUMATO/ORTOPEDIA A;62
HMAL;2021;2;UNIDADE DE INTERNAÇÃO - TRAUMATO/ORTOPEDIA B;79
HMAL;2021;2;UNIDADE INTERNAÇÃO - BUCO TRAUMATO ORTOPEDIA 2º ANDAR;61
HMAL;2021;3;UNIDADE DE INTERNAÇÃO - TRAUMATO/ORTOPEDIA A;67
HMAL;2021;3;UNIDADE DE INTERNAÇÃO - TRAUMATO/ORTOPEDIA B;88
HMAL;2021;3;UNIDADE INTERNAÇÃO - BUCO TRAUMATO ORTOPEDIA 2º ANDAR;66
HMAL;2021;4;UNIDADE DE INTERNAÇÃO - TRAUMATO/ORTOPEDIA A;67
HMAL;2021;4;UNIDADE DE INTERNAÇÃO - TRAUMATO/ORTOPEDIA B;96
HMAL;2021;4;UNIDADE INTERNAÇÃO - BUCO TRAUMATO ORTOPEDIA 2º ANDAR;59
HMAL;2021;5;TERAPIA MÃO;1
HMAL;2021;5;UNIDADE DE INTERNAÇÃO - TRAUMATO/ORTOPEDIA A;65
HMAL;2021;5;UNIDADE DE INTERNAÇÃO - TRAUMATO/ORTOPEDIA B;94
HMAL;2021;5;UNIDADE INTERNAÇÃO - BUCO TRAUMATO ORTOPEDIA 2º ANDAR;65
HMAL;2021;6;UNIDADE DE INTERNAÇÃO - TRAUMATO/ORTOPEDIA A;71
HMAL;2021;6;UNIDADE DE INTERNAÇÃO - TRAUMATO/ORTOPEDIA B;77
HMAL;2021;6;UNIDADE INTERNAÇÃO - BUCO TRAUMATO ORTOPEDIA 2º ANDAR;78
HMAL;2021;7;UNIDADE DE INTERNAÇÃO - TRAUMATO/ORTOPEDIA A;72
HMAL;2021;7;UNIDADE DE INTERNAÇÃO - TRAUMATO/ORTOPEDIA B;92
HMAL;2021;7;UNIDADE INTERNAÇÃO - BUCO TRAUMATO ORTOPEDIA 2º ANDAR;56
HMAL;2021;8;UNIDADE DE INTERNAÇÃO - TRAUMATO/ORTOPEDIA A;78
HMAL;2021;8;UNIDADE DE INTERNAÇÃO - TRAUMATO/ORTOPEDIA B;70
HMAL;2021;8;UNIDADE INTERNAÇÃO - BUCO TRAUMATO ORTOPEDIA 2º ANDAR;65
HMAL;2021;9;UNIDADE DE INTERNAÇÃO - TRAUMATO/ORTOPEDIA A;71
HMAL;2021;9;UNIDADE DE INTERNAÇÃO - TRAUMATO/ORTOPEDIA B;61
HMAL;2021;9;UNIDADE INTERNAÇÃO - BUCO TRAUMATO ORTOPEDIA 2º ANDAR;70
HMAL;2021;10;UNIDADE DE INTERNAÇÃO - TRAUMATO/ORTOPEDIA A;61
HMAL;2021;10;UNIDADE DE INTERNAÇÃO - TRAUMATO/ORTOPEDIA B;70
HMAL;2021;10;UNIDADE INTERNAÇÃO - BUCO TRAUMATO ORTOPEDIA 2º ANDAR;64
HMAL;2021;11;UNIDADE DE INTERNAÇÃO - TRAUMATO/ORTOPEDIA A;48
HMAL;2021;11;UNIDADE DE INTERNAÇÃO - TRAUMATO/ORTOPEDIA B;64
HMAL;2021;11;UNIDADE INTERNAÇÃO - BUCO TRAUMATO ORTOPEDIA 2º ANDAR;55
HMAL;2021;12;UNIDADE DE INTERNAÇÃO - TRAUMATO/ORTOPEDIA A;64
HMAL;2021;12;UNIDADE DE INTERNAÇÃO - TRAUMATO/ORTOPEDIA B;44
HMAL;2021;12;UNIDADE INTERNAÇÃO - BUCO TRAUMATO ORTOPEDIA 2º ANDAR;76
HRAD;2021;1;ALOJAMENTO CONJUNTO;153
HRAD;2021;1;BLOCO OBSTÉTRICO;2
HRAD;2021;1;OBSERVAÇÃO;118
HRAD;2021;1;UNIDADE INTERNAÇÃO - CIRURGIA GERAL;24
HRAD;2021;1;UNIDADE INTERNAÇÃO - CLINICA MÉDICA;74
HRAD;2021;1;UNIDADE INTERNAÇÃO - CLINICA ORTOPÉDICA;84
HRAD;2021;1;UNIDADE INTERNAÇÃO - CLINICA PEDIÁTRICA;50
HRAD;2021;1;UTI;23
HRAD;2021;1;UTI - NEONATAL;2
HRAD;2021;2;ALOJAMENTO CONJUNTO;152
HRAD;2021;2;BLOCO OBSTÉTRICO;2
HRAD;2021;2;OBSERVAÇÃO;100
HRAD;2021;2;UNIDADE INTERNAÇÃO - CIRURGIA GERAL;28
HRAD;2021;2;UNIDADE INTERNAÇÃO - CLINICA MÉDICA;57
HRAD;2021;2;UNIDADE INTERNAÇÃO - CLINICA ORTOPÉDICA;72
HRAD;2021;2;UNIDADE INTERNAÇÃO - CLINICA PEDIÁTRICA;47
HRAD;2021;2;UTI;37
HRAD;2021;2;UTI - NEONATAL;2
HRAD;2021;3;ALOJAMENTO CONJUNTO;157
HRAD;2021;3;BLOCO OBSTÉTRICO;3
HRAD;2021;3;OBSERVAÇÃO;94
HRAD;2021;3;UNIDADE INTERNAÇÃO - CIRURGIA GERAL;40
HRAD;2021;3;UNIDADE INTERNAÇÃO - CLINICA MÉDICA;60
HRAD;2021;3;UNIDADE INTERNAÇÃO - CLINICA ORTOPÉDICA;92
HRAD;2021;3;UNIDADE INTERNAÇÃO - CLINICA PEDIÁTRICA;29
HRAD;2021;3;UTI;35
HRAD;2021;3;UTI - NEONATAL;7
HRAD;2021;4;ALOJAMENTO CONJUNTO;153
HRAD;2021;4;BLOCO OBSTÉTRICO;1
HRAD;2021;4;OBSERVAÇÃO;122
HRAD;2021;4;UNIDADE INTERNAÇÃO - CIRURGIA GERAL;24
HRAD;2021;4;UNIDADE INTERNAÇÃO - CLINICA MÉDICA;53
HRAD;2021;4;UNIDADE INTERNAÇÃO - CLINICA ORTOPÉDICA;121
HRAD;2021;4;UNIDADE INTERNAÇÃO - CLINICA PEDIÁTRICA;48
HRAD;2021;4;UTI;34
HRAD;2021;4;UTI - NEONATAL;3
HRAD;2021;5;ALOJAMENTO CONJUNTO;157
HRAD;2021;5;AMBULATORIO - RETORNOS;1
HRAD;2021;5;OBSERVAÇÃO;118
HRAD;2021;5;UNIDADE INTERNAÇÃO - CIRURGIA GERAL;20
HRAD;2021;5;UNIDADE INTERNAÇÃO - CLINICA MÉDICA;40
HRAD;2021;5;UNIDADE INTERNAÇÃO - CLINICA ORTOPÉDICA;110
HRAD;2021;5;UNIDADE INTERNAÇÃO - CLINICA PEDIÁTRICA;45
HRAD;2021;5;UTI;23
HRAD;2021;6;ALOJAMENTO CONJUNTO;147
HRAD;2021;6;AMBULATORIO - RETORNOS;1
HRAD;2021;6;OBSERVAÇÃO;121
HRAD;2021;6;UNIDADE INTERNAÇÃO - CIRURGIA GERAL;32
HRAD;2021;6;UNIDADE INTERNAÇÃO - CLINICA MÉDICA;41
HRAD;2021;6;UNIDADE INTERNAÇÃO - CLINICA ORTOPÉDICA;102
HRAD;2021;6;UNIDADE INTERNAÇÃO - CLINICA PEDIÁTRICA;40
HRAD;2021;6;UTI;26
HRAD;2021;6;UTI - NEONATAL;4
HRAD;2021;7;ALOJAMENTO CONJUNTO;178
HRAD;2021;7;AMBULATORIO - RETORNOS;1
HRAD;2021;7;BLOCO OBSTÉTRICO;4
HRAD;2021;7;OBSERVAÇÃO;133
HRAD;2021;7;UNIDADE INTERNAÇÃO - CIRURGIA GERAL;32
HRAD;2021;7;UNIDADE INTERNAÇÃO - CLINICA MÉDICA;60
HRAD;2021;7;UNIDADE INTERNAÇÃO - CLINICA ORTOPÉDICA;105
HRAD;2021;7;UNIDADE INTERNAÇÃO - CLINICA PEDIÁTRICA;45
HRAD;2021;7;UTI;26
HRAD;2021;7;UTI - NEONATAL;2
HRAD;2021;8;ALOJAMENTO CONJUNTO;170
HRAD;2021;8;OBSERVAÇÃO;122
HRAD;2021;8;UNIDADE INTERNAÇÃO - CIRURGIA GERAL;35
HRAD;2021;8;UNIDADE INTERNAÇÃO - CLINICA MÉDICA;54
HRAD;2021;8;UNIDADE INTERNAÇÃO - CLINICA ORTOPÉDICA;116
HRAD;2021;8;UNIDADE INTERNAÇÃO - CLINICA PEDIÁTRICA;51
HRAD;2021;8;UTI;17
HRAD;2021;8;UTI - NEONATAL;1
HRAD;2021;9;ALOJAMENTO CONJUNTO;176
HRAD;2021;9;BLOCO OBSTÉTRICO;1
HRAD;2021;9;OBSERVAÇÃO;118
HRAD;2021;9;UNIDADE INTERNAÇÃO - CIRURGIA GERAL;37
HRAD;2021;9;UNIDADE INTERNAÇÃO - CLINICA MÉDICA;61
HRAD;2021;9;UNIDADE INTERNAÇÃO - CLINICA ORTOPÉDICA;115
HRAD;2021;9;UNIDADE INTERNAÇÃO - CLINICA PEDIÁTRICA;49
HRAD;2021;9;UTI;20
HRAD;2021;10;ALOJAMENTO CONJUNTO;167
HRAD;2021;10;AMBULATORIO - RETORNOS;2
HRAD;2021;10;BLOCO OBSTÉTRICO;1
HRAD;2021;10;OBSERVAÇÃO;125
HRAD;2021;10;UNIDADE INTERNAÇÃO - CIRURGIA GERAL;19
HRAD;2021;10;UNIDADE INTERNAÇÃO - CLINICA MÉDICA;48
HRAD;2021;10;UNIDADE INTERNAÇÃO - CLINICA ORTOPÉDICA;91
HRAD;2021;10;UNIDADE INTERNAÇÃO - CLINICA PEDIÁTRICA;52
HRAD;2021;10;UTI;17
HRAD;2021;10;UTI - NEONATAL;2
HRAD;2021;11;ALOJAMENTO CONJUNTO;144
HRAD;2021;11;BLOCO OBSTÉTRICO;2
HRAD;2021;11;OBSERVAÇÃO;136
HRAD;2021;11;UNIDADE INTERNAÇÃO - CIRURGIA GERAL;68
HRAD;2021;11;UNIDADE INTERNAÇÃO - CLINICA MÉDICA;43
HRAD;2021;11;UNIDADE INTERNAÇÃO - CLINICA ORTOPÉDICA;87
HRAD;2021;11;UNIDADE INTERNAÇÃO - CLINICA PEDIÁTRICA;54
HRAD;2021;11;UTI;9
HRAD;2021;11;UTI - NEONATAL;2
HRAD;2021;12;ALOJAMENTO CONJUNTO;144
HRAD;2021;12;BLOCO OBSTÉTRICO;2
HRAD;2021;12;OBSERVAÇÃO;117
HRAD;2021;12;UNIDADE INTERNAÇÃO - CIRURGIA GERAL;86
HRAD;2021;12;UNIDADE INTERNAÇÃO - CLINICA MÉDICA;37
HRAD;2021;12;UNIDADE INTERNAÇÃO - CLINICA ORTOPÉDICA;104
HRAD;2021;12;UNIDADE INTERNAÇÃO - CLINICA PEDIÁTRICA;52
HRAD;2021;12;UTI;12
HRAD;2021;12;UTI - NEONATAL;1
HRBJA;2021;1;UNIDADE INTERNAÇÃO - CLINICA CIRURGICA;48
HRBJA;2021;1;UNIDADE INTERNAÇÃO - CLINICA MÉDICA;109
HRBJA;2021;1;UTI;8
HRBJA;2021;2;UNIDADE INTERNAÇÃO - CLINICA CIRURGICA;57
HRBJA;2021;2;UNIDADE INTERNAÇÃO - CLINICA MÉDICA;99
HRBJA;2021;2;UTI;10
HRBJA;2021;3;UNIDADE INTERNAÇÃO - CLINICA CIRURGICA;64
HRBJA;2021;3;UNIDADE INTERNAÇÃO - CLINICA MÉDICA;118
HRBJA;2021;3;UTI;8
HRBJA;2021;4;UNIDADE INTERNAÇÃO - CLINICA CIRURGICA;64
HRBJA;2021;4;UNIDADE INTERNAÇÃO - CLINICA MÉDICA;129
HRBJA;2021;4;UTI;11
HRBJA;2021;5;UNIDADE INTERNAÇÃO - CLINICA CIRURGICA;86
HRBJA;2021;5;UNIDADE INTERNAÇÃO - CLINICA MÉDICA;111
HRBJA;2021;5;UTI;4
HRBJA;2021;5;UTI - ADULTO;1
HRBJA;2021;6;UNIDADE INTERNAÇÃO - CLINICA CIRURGICA;64
HRBJA;2021;6;UNIDADE INTERNAÇÃO - CLINICA MÉDICA;125
HRBJA;2021;6;UTI - ADULTO;10
HRBJA;2021;7;UNIDADE INTERNAÇÃO - CLINICA CIRURGICA;74
HRBJA;2021;7;UNIDADE INTERNAÇÃO - CLINICA MÉDICA;131
HRBJA;2021;7;UTI - ADULTO;7
HRBJA;2021;8;UNIDADE INTERNAÇÃO - CLINICA CIRURGICA;72
HRBJA;2021;8;UNIDADE INTERNAÇÃO - CLINICA MÉDICA;118
HRBJA;2021;8;UTI - ADULTO;6
HRBJA;2021;9;UNIDADE INTERNAÇÃO - CLINICA CIRURGICA;58
HRBJA;2021;9;UNIDADE INTERNAÇÃO - CLINICA MÉDICA;118
HRBJA;2021;9;UTI - ADULTO;4
HRBJA;2021;10;UNIDADE INTERNAÇÃO - CLINICA CIRURGICA;62
HRBJA;2021;10;UNIDADE INTERNAÇÃO - CLINICA MÉDICA;116
HRBJA;2021;10;UTI - ADULTO;10
HRBJA;2021;11;UNIDADE INTERNAÇÃO - CLINICA CIRURGICA;66
HRBJA;2021;11;UNIDADE INTERNAÇÃO - CLINICA MÉDICA;106
HRBJA;2021;11;UTI - ADULTO;9
HRBJA;2021;12;UNIDADE INTERNAÇÃO - CLINICA CIRURGICA;74
HRBJA;2021;12;UNIDADE INTERNAÇÃO - CLINICA MÉDICA;112
HRBJA;2021;12;UTI - ADULTO;8
HRJP;2021;1;BLOCO OBSTÉTRICO;1
HRJP;2021;1;UNIDADE INTERNAÇÃO - ALTO RISCO OBSTETRICO (MATERNIDADE);137
HRJP;2021;1;UNIDADE INTERNAÇÃO - CLINICA MÉDICA ALA B;52
HRJP;2021;1;UNIDADE INTERNAÇÃO - CLINICA PEDIÁTRICA;51
HRJP;2021;1;UNIDADE INTERNAÇÃO - CLINICA TISIOLÓGICA ALA C;31
HRJP;2021;1;UTI;18
HRJP;2021;1;UTI - NEONATAL;12
HRJP;2021;1;UTI PEDIATRICA;4
HRJP;2021;2;BLOCO CIRURGICO;1
HRJP;2021;2;BLOCO OBSTÉTRICO;1
HRJP;2021;2;UNIDADE INTERNAÇÃO - ALTO RISCO OBSTETRICO (MATERNIDADE);114
HRJP;2021;2;UNIDADE INTERNAÇÃO - CLINICA MÉDICA ALA B;43
HRJP;2021;2;UNIDADE INTERNAÇÃO - CLINICA PEDIÁTRICA;45
HRJP;2021;2;UNIDADE INTERNAÇÃO - CLINICA TISIOLÓGICA ALA C;32
HRJP;2021;2;UTI;16
HRJP;2021;2;UTI - NEONATAL;9
HRJP;2021;2;UTI PEDIATRICA;2
HRJP;2021;3;ALOJAMENTO CONJUNTO;61
HRJP;2021;3;BLOCO CIRURGICO;1
HRJP;2021;3;UNIDADE INTERNAÇÃO - ALTO RISCO OBSTETRICO (MATERNIDADE);80
HRJP;2021;3;UNIDADE INTERNAÇÃO - CLINICA MÉDICA ALA B;90
HRJP;2021;3;UNIDADE INTERNAÇÃO - CLINICA PEDIÁTRICA;81
HRJP;2021;3;UNIDADE INTERNAÇÃO - CLINICA TISIOLÓGICA ALA C;30
HRJP;2021;3;UTI;12
HRJP;2021;3;UTI - NEONATAL;9
HRJP;2021;4;ALOJAMENTO CONJUNTO;138
HRJP;2021;4;BLOCO CIRURGICO;3
HRJP;2021;4;BLOCO OBSTÉTRICO;1
HRJP;2021;4;UNIDADE INTERNAÇÃO - CLINICA MÉDICA ALA B;79
HRJP;2021;4;UNIDADE INTERNAÇÃO - CLINICA PEDIÁTRICA;65
HRJP;2021;4;UNIDADE INTERNAÇÃO - CLINICA TISIOLÓGICA ALA C;32
HRJP;2021;4;UTI;12
HRJP;2021;4;UTI - NEONATAL;9
HRJP;2021;4;UTI PEDIATRICA;7
HRJP;2021;5;ALOJAMENTO CONJUNTO;147
HRJP;2021;5;BLOCO CIRURGICO;3
HRJP;2021;5;BLOCO OBSTÉTRICO;2
HRJP;2021;5;UNIDADE INTERNAÇÃO - CLINICA MÉDICA ALA B;35
HRJP;2021;5;UNIDADE INTERNAÇÃO - CLINICA PEDIÁTRICA;73
HRJP;2021;5;UNIDADE INTERNAÇÃO - CLINICA TISIOLÓGICA ALA C;24
HRJP;2021;5;UTI;7
HRJP;2021;5;UTI - NEONATAL;6
HRJP;2021;5;UTI PEDIATRICA;2
HRJP;2021;6;ALOJAMENTO CONJUNTO;119
HRJP;2021;6;BLOCO CIRURGICO;1
HRJP;2021;6;UNIDADE INTERNAÇÃO - CLINICA MÉDICA ALA B;59
HRJP;2021;6;UNIDADE INTERNAÇÃO - CLINICA PEDIÁTRICA;59
HRJP;2021;6;UNIDADE INTERNAÇÃO - CLINICA TISIOLÓGICA ALA C;24
HRJP;2021;6;UTI;8
HRJP;2021;6;UTI - NEONATAL;7
HRJP;2021;6;UTI PEDIATRICA;1
HRJP;2021;7;ALOJAMENTO CONJUNTO;127
HRJP;2021;7;BLOCO CIRURGICO;1
HRJP;2021;7;UNIDADE INTERNAÇÃO - CLINICA MÉDICA ALA A;3
HRJP;2021;7;UNIDADE INTERNAÇÃO - CLINICA MÉDICA ALA B;21
HRJP;2021;7;UNIDADE INTERNAÇÃO - CLINICA MÉDICA COVID 19;3
HRJP;2021;7;UNIDADE INTERNAÇÃO - CLINICA MÉDICA MASCULINA;16
HRJP;2021;7;UNIDADE INTERNAÇÃO - CLINICA PEDIÁTRICA;68
HRJP;2021;7;UNIDADE INTERNAÇÃO - CLINICA TISIOLÓGICA ALA C;7
HRJP;2021;7;UTI;9
HRJP;2021;7;UTI - ADULTO;2
HRJP;2021;7;UTI - NEONATAL;6
HRJP;2021;7;UTI PEDIATRICA;1
HRJP;2021;8;ALOJAMENTO CONJUNTO;144
HRJP;2021;8;BLOCO CIRURGICO;2
HRJP;2021;8;UNIDADE INTERNAÇÃO - CLINICA MÉDICA ALA A;22
HRJP;2021;8;UNIDADE INTERNAÇÃO - CLINICA MÉDICA COVID 19;25
HRJP;2021;8;UNIDADE INTERNAÇÃO - CLINICA PEDIÁTRICA;67
HRJP;2021;8;UTI - ADULTO;8
HRJP;2021;8;UTI - NEONATAL;1
HRJP;2021;8;UTI PEDIATRICA;1
HRJP;2021;9;ALOJAMENTO CONJUNTO;144
HRJP;2021;9;BLOCO CIRURGICO;6
HRJP;2021;9;UNIDADE INTERNAÇÃO - CLINICA MÉDICA ALA A;23
HRJP;2021;9;UNIDADE INTERNAÇÃO - CLINICA MÉDICA COVID 19;18
HRJP;2021;9;UNIDADE INTERNAÇÃO - CLINICA PEDIÁTRICA;57
HRJP;2021;9;UTI - ADULTO;11
HRJP;2021;9;UTI - NEONATAL;2
HRJP;2021;9;UTI PEDIATRICA;2
HRJP;2021;10;ALOJAMENTO CONJUNTO;123
HRJP;2021;10;BLOCO CIRURGICO;10
HRJP;2021;10;UNIDADE INTERNAÇÃO - CLINICA MÉDICA ALA A;11
HRJP;2021;10;UNIDADE INTERNAÇÃO - CLINICA MÉDICA COVID 19;21
HRJP;2021;10;UNIDADE INTERNAÇÃO - CLINICA PEDIÁTRICA;49
HRJP;2021;10;UTI - ADULTO;6
HRJP;2021;10;UTI - NEONATAL;3
HRJP;2021;10;UTI PEDIATRICA;3
HRJP;2021;11;ALOJAMENTO CONJUNTO;130
HRJP;2021;11;BLOCO CIRURGICO;6
HRJP;2021;11;BLOCO OBSTÉTRICO;1
HRJP;2021;11;UNIDADE INTERNAÇÃO - CLINICA MÉDICA ALA A;27
HRJP;2021;11;UNIDADE INTERNAÇÃO - CLINICA MÉDICA COVID 19;56
HRJP;2021;11;UNIDADE INTERNAÇÃO - CLINICA PEDIÁTRICA;54
HRJP;2021;11;UTI - ADULTO;5
HRJP;2021;11;UTI - NEONATAL;4
HRJP;2021;11;UTI PEDIATRICA;4
HRJP;2021;12;ALOJAMENTO CONJUNTO;127
HRJP;2021;12;BLOCO CIRURGICO;7
HRJP;2021;12;UNIDADE INTERNAÇÃO - CLINICA MÉDICA ALA A;44
HRJP;2021;12;UNIDADE INTERNAÇÃO - CLINICA MÉDICA ALA B;26
HRJP;2021;12;UNIDADE INTERNAÇÃO - CLINICA MÉDICA COVID 19;10
HRJP;2021;12;UNIDADE INTERNAÇÃO - CLINICA PEDIÁTRICA;59
HRJP;2021;12;UNIDADE INTERNAÇÃO - CLINICA TISIOLÓGICA ALA C;30
HRJP;2021;12;UTI - ADULTO;4
HRJP;2021;12;UTI - NEONATAL;4
HRJP;2021;12;UTI PEDIATRICA;6
IRS;2021;1;UNIDADE DE URGÊNCIA - CLINICA PSIQUIÁTRICA SALA DE OBSERVAÇAO;14
IRS;2021;1;UNIDADE INTERNAÇÃO - PSIQUIATRIA ALA A;15
IRS;2021;1;UNIDADE INTERNAÇÃO - PSIQUIATRIA ALA B;17
IRS;2021;1;UNIDADE INTERNAÇÃO - PSIQUIATRIA ALA C;32
IRS;2021;1;UNIDADE INTERNAÇÃO - PSIQUIATRIA ALA D;2
IRS;2021;1;UNIDADE INTERNAÇÃO - PSIQUIATRIA ALA E;20
IRS;2021;1;UNIDADE INTERNAÇÃO - PSIQUIATRIA UNIDADE DE TRATAMENTO CLÍNICO;4
IRS;2021;2;UNIDADE DE URGÊNCIA - CLINICA PSIQUIÁTRICA SALA DE OBSERVAÇAO;10
IRS;2021;2;UNIDADE INTERNAÇÃO - PSIQUIATRIA ALA A;17
IRS;2021;2;UNIDADE INTERNAÇÃO - PSIQUIATRIA ALA B;10
IRS;2021;2;UNIDADE INTERNAÇÃO - PSIQUIATRIA ALA C;22
IRS;2021;2;UNIDADE INTERNAÇÃO - PSIQUIATRIA ALA D;9
IRS;2021;2;UNIDADE INTERNAÇÃO - PSIQUIATRIA ALA E;21
IRS;2021;2;UNIDADE INTERNAÇÃO - PSIQUIATRIA UNIDADE DE TRATAMENTO CLÍNICO;8
IRS;2021;3;UNIDADE DE URGÊNCIA - CLINICA PSIQUIÁTRICA SALA DE OBSERVAÇAO;10
IRS;2021;3;UNIDADE INTERNAÇÃO - PSIQUIATRIA ALA A;20
IRS;2021;3;UNIDADE INTERNAÇÃO - PSIQUIATRIA ALA B;16
IRS;2021;3;UNIDADE INTERNAÇÃO - PSIQUIATRIA ALA C;41
IRS;2021;3;UNIDADE INTERNAÇÃO - PSIQUIATRIA ALA D;4
IRS;2021;3;UNIDADE INTERNAÇÃO - PSIQUIATRIA ALA E;32
IRS;2021;3;UNIDADE INTERNAÇÃO - PSIQUIATRIA UNIDADE DE TRATAMENTO CLÍNICO;5
IRS;2021;4;UNIDADE DE URGÊNCIA - CLINICA PSIQUIÁTRICA SALA DE OBSERVAÇAO;15
IRS;2021;4;UNIDADE INTERNAÇÃO - PSIQUIATRIA ALA A;21
IRS;2021;4;UNIDADE INTERNAÇÃO - PSIQUIATRIA ALA B;17
IRS;2021;4;UNIDADE INTERNAÇÃO - PSIQUIATRIA ALA C;30
IRS;2021;4;UNIDADE INTERNAÇÃO - PSIQUIATRIA ALA D;4
IRS;2021;4;UNIDADE INTERNAÇÃO - PSIQUIATRIA ALA E;20
IRS;2021;5;UNIDADE DE URGÊNCIA - CLINICA PSIQUIÁTRICA SALA DE OBSERVAÇAO;12
IRS;2021;5;UNIDADE INTERNAÇÃO - PSIQUIATRIA ALA A;20
IRS;2021;5;UNIDADE INTERNAÇÃO - PSIQUIATRIA ALA B;24
IRS;2021;5;UNIDADE INTERNAÇÃO - PSIQUIATRIA ALA C;25
IRS;2021;5;UNIDADE INTERNAÇÃO - PSIQUIATRIA ALA D;5
IRS;2021;5;UNIDADE INTERNAÇÃO - PSIQUIATRIA ALA E;13
IRS;2021;5;UNIDADE INTERNAÇÃO - PSIQUIATRIA UNIDADE DE TRATAMENTO CLÍNICO;6
IRS;2021;6;UNIDADE DE URGÊNCIA - CLINICA PSIQUIÁTRICA SALA DE OBSERVAÇAO;10
IRS;2021;6;UNIDADE INTERNAÇÃO - PSIQUIATRIA ALA A;15
IRS;2021;6;UNIDADE INTERNAÇÃO - PSIQUIATRIA ALA B;23
IRS;2021;6;UNIDADE INTERNAÇÃO - PSIQUIATRIA ALA C;29
IRS;2021;6;UNIDADE INTERNAÇÃO - PSIQUIATRIA ALA D;2
IRS;2021;6;UNIDADE INTERNAÇÃO - PSIQUIATRIA ALA E;20
IRS;2021;6;UNIDADE INTERNAÇÃO - PSIQUIATRIA ALA F;1
IRS;2021;6;UNIDADE INTERNAÇÃO - PSIQUIATRIA UNIDADE DE TRATAMENTO CLÍNICO;3
IRS;2021;7;UNIDADE DE URGÊNCIA - CLINICA PSIQUIÁTRICA SALA DE OBSERVAÇAO;13
IRS;2021;7;UNIDADE INTERNAÇÃO - PSIQUIATRIA ALA A;23
IRS;2021;7;UNIDADE INTERNAÇÃO - PSIQUIATRIA ALA B;20
IRS;2021;7;UNIDADE INTERNAÇÃO - PSIQUIATRIA ALA C;40
IRS;2021;7;UNIDADE INTERNAÇÃO - PSIQUIATRIA ALA E;26
IRS;2021;7;UNIDADE INTERNAÇÃO - PSIQUIATRIA ALA F;2
IRS;2021;7;UNIDADE INTERNAÇÃO - PSIQUIATRIA UNIDADE DE TRATAMENTO CLÍNICO;1
IRS;2021;8;UNIDADE DE URGÊNCIA - CLINICA PSIQUIÁTRICA SALA DE OBSERVAÇAO;21
IRS;2021;8;UNIDADE INTERNAÇÃO - PSIQUIATRIA ALA A;21
IRS;2021;8;UNIDADE INTERNAÇÃO - PSIQUIATRIA ALA B;18
IRS;2021;8;UNIDADE INTERNAÇÃO - PSIQUIATRIA ALA C;27
IRS;2021;8;UNIDADE INTERNAÇÃO - PSIQUIATRIA ALA D;1
IRS;2021;8;UNIDADE INTERNAÇÃO - PSIQUIATRIA ALA E;22
IRS;2021;8;UNIDADE INTERNAÇÃO - PSIQUIATRIA ALA F;2
IRS;2021;8;UNIDADE INTERNAÇÃO - PSIQUIATRIA UNIDADE DE TRATAMENTO CLÍNICO;5
IRS;2021;9;UNIDADE DE URGÊNCIA - CLINICA PSIQUIÁTRICA SALA DE OBSERVAÇAO;14
IRS;2021;9;UNIDADE INTERNAÇÃO - PSIQUIATRIA ALA A;22
IRS;2021;9;UNIDADE INTERNAÇÃO - PSIQUIATRIA ALA B;24
IRS;2021;9;UNIDADE INTERNAÇÃO - PSIQUIATRIA ALA C;26
IRS;2021;9;UNIDADE INTERNAÇÃO - PSIQUIATRIA ALA E;17
IRS;2021;9;UNIDADE INTERNAÇÃO - PSIQUIATRIA ALA F;2
IRS;2021;9;UNIDADE INTERNAÇÃO - PSIQUIATRIA UNIDADE DE TRATAMENTO CLÍNICO;5
IRS;2021;10;UNIDADE DE URGÊNCIA - CLINICA PSIQUIÁTRICA SALA DE OBSERVAÇAO;16
IRS;2021;10;UNIDADE INTERNAÇÃO - PSIQUIATRIA ALA A;18
IRS;2021;10;UNIDADE INTERNAÇÃO - PSIQUIATRIA ALA B;19
IRS;2021;10;UNIDADE INTERNAÇÃO - PSIQUIATRIA ALA C;34
IRS;2021;10;UNIDADE INTERNAÇÃO - PSIQUIATRIA ALA D;3
IRS;2021;10;UNIDADE INTERNAÇÃO - PSIQUIATRIA ALA E;18
IRS;2021;10;UNIDADE INTERNAÇÃO - PSIQUIATRIA ALA F;2
IRS;2021;10;UNIDADE INTERNAÇÃO - PSIQUIATRIA UNIDADE DE TRATAMENTO CLÍNICO;7
IRS;2021;11;UNIDADE DE URGÊNCIA - CLINICA PSIQUIÁTRICA SALA DE OBSERVAÇAO;11
IRS;2021;11;UNIDADE INTERNAÇÃO - PSIQUIATRIA ALA A;28
IRS;2021;11;UNIDADE INTERNAÇÃO - PSIQUIATRIA ALA B;26
IRS;2021;11;UNIDADE INTERNAÇÃO - PSIQUIATRIA ALA C;26
IRS;2021;11;UNIDADE INTERNAÇÃO - PSIQUIATRIA ALA E;23
IRS;2021;11;UNIDADE INTERNAÇÃO - PSIQUIATRIA UNIDADE DE TRATAMENTO CLÍNICO;1
IRS;2021;12;UNIDADE DE URGÊNCIA - CLINICA PSIQUIÁTRICA SALA DE OBSERVAÇAO;15
IRS;2021;12;UNIDADE INTERNAÇÃO - PSIQUIATRIA ALA A;15
IRS;2021;12;UNIDADE INTERNAÇÃO - PSIQUIATRIA ALA B;24
IRS;2021;12;UNIDADE INTERNAÇÃO - PSIQUIATRIA ALA C;34
IRS;2021;12;UNIDADE INTERNAÇÃO - PSIQUIATRIA ALA E;20
IRS;2021;12;UNIDADE INTERNAÇÃO - PSIQUIATRIA UNIDADE DE TRATAMENTO CLÍNICO;5
MOV;2021;1;ALOJAMENTO CONJUNTO;237
MOV;2021;1;PRÉ-PARTO;28
MOV;2021;1;UNIDADE DE EMERGENCIA - ADMISSAO;3
MOV;2021;1;UNIDADE INTEMEDIARIA NEONATAL;28
MOV;2021;1;UNIDADE INTERNAÇÃO - ALTO RISCO OBSTETRICO;93
MOV;2021;1;UNIDADE INTERNAÇÃO - GINECOLOGIA CIRÚRGICA UCC;115
MOV;2021;1;UTI;15
MOV;2021;2;ALOJAMENTO CONJUNTO;237
MOV;2021;2;AMBULATORIO - ESPECIALIDADES;1
MOV;2021;2;PRÉ-PARTO;19
MOV;2021;2;UNIDADE DE EMERGENCIA - ADMISSAO;4
MOV;2021;2;UNIDADE INTEMEDIARIA NEONATAL;21
MOV;2021;2;UNIDADE INTERNAÇÃO - ALTO RISCO OBSTETRICO;103
MOV;2021;2;UNIDADE INTERNAÇÃO - GINECOLOGIA CIRÚRGICA UCC;110
MOV;2021;2;UTI;11
MOV;2021;2;UTI - NEONATAL E PEDIATRICO;5
MOV;2021;3;ALOJAMENTO CONJUNTO;260
MOV;2021;3;PRÉ-PARTO;21
MOV;2021;3;UNIDADE DE EMERGENCIA - ADMISSAO;10
MOV;2021;3;UNIDADE INTEMEDIARIA NEONATAL;25
MOV;2021;3;UNIDADE INTERNAÇÃO - ALTO RISCO OBSTETRICO;98
MOV;2021;3;UNIDADE INTERNAÇÃO - GINECOLOGIA CIRÚRGICA UCC;124
MOV;2021;3;UTI;8
MOV;2021;3;UTI - NEONATAL E PEDIATRICO;1
MOV;2021;4;ALOJAMENTO CONJUNTO;257
MOV;2021;4;AMBULATORIO - ESPECIALIDADES;5
MOV;2021;4;PRÉ-PARTO;24
MOV;2021;4;UNIDADE DE EMERGENCIA - ADMISSAO;10
MOV;2021;4;UNIDADE INTEMEDIARIA NEONATAL;27
MOV;2021;4;UNIDADE INTERNAÇÃO - ALTO RISCO OBSTETRICO;92
MOV;2021;4;UNIDADE INTERNAÇÃO - GINECOLOGIA CIRÚRGICA UCC;117
MOV;2021;4;UTI;17
MOV;2021;4;UTI - NEONATAL E PEDIATRICO;1
MOV;2021;5;ALOJAMENTO CONJUNTO;264
MOV;2021;5;PRÉ-PARTO;47
MOV;2021;5;UNIDADE DE EMERGENCIA - ADMISSAO;5
MOV;2021;5;UNIDADE INTEMEDIARIA NEONATAL;31
MOV;2021;5;UNIDADE INTERNAÇÃO - ALTO RISCO OBSTETRICO;104
MOV;2021;5;UNIDADE INTERNAÇÃO - GINECOLOGIA CIRÚRGICA UCC;120
MOV;2021;5;UNIDADE URGENCIA/EMERGENCIA;1
MOV;2021;5;UTI;8
MOV;2021;5;UTI - NEONATAL E PEDIATRICO;2
MOV;2021;6;ALOJAMENTO CONJUNTO;234
MOV;2021;6;AMBULATORIO - ESPECIALIDADES;1
MOV;2021;6;PRÉ-PARTO;40
MOV;2021;6;UNIDADE INTEMEDIARIA NEONATAL;35
MOV;2021;6;UNIDADE INTERNAÇÃO - ALTO RISCO OBSTETRICO;108
MOV;2021;6;UNIDADE INTERNAÇÃO - GINECOLOGIA CIRÚRGICA UCC;118
MOV;2021;6;UNIDADE URGENCIA/EMERGENCIA;2
MOV;2021;6;UTI;11
MOV;2021;6;UTI - NEONATAL;2
MOV;2021;7;ALOJAMENTO CONJUNTO;246
MOV;2021;7;AMBULATORIO - ESPECIALIDADES;1
MOV;2021;7;PRÉ-PARTO;46
MOV;2021;7;UNIDADE INTEMEDIARIA NEONATAL;27
MOV;2021;7;UNIDADE INTERNAÇÃO - ALTO RISCO OBSTETRICO;100
MOV;2021;7;UNIDADE INTERNAÇÃO - GINECOLOGIA CIRÚRGICA UCC;112
MOV;2021;7;UNIDADE URGENCIA/EMERGENCIA;2
MOV;2021;7;UTI;6
MOV;2021;7;UTI - NEONATAL;13
MOV;2021;8;ALOJAMENTO CONJUNTO;278
MOV;2021;8;AMBULATORIO - ESPECIALIDADES;2
MOV;2021;8;PRÉ-PARTO;52
MOV;2021;8;UNIDADE INTEMEDIARIA NEONATAL;22
MOV;2021;8;UNIDADE INTERNAÇÃO - ALTO RISCO OBSTETRICO;106
MOV;2021;8;UNIDADE INTERNAÇÃO - CLINICA CIRURGICA;1
MOV;2021;8;UNIDADE INTERNAÇÃO - GINECOLOGIA CIRÚRGICA UCC;132
MOV;2021;8;UNIDADE URGENCIA/EMERGENCIA;8
MOV;2021;8;UTI;13
MOV;2021;8;UTI - NEONATAL;3
MOV;2021;9;ALOJAMENTO CONJUNTO;248
MOV;2021;9;AMBULATORIO - ESPECIALIDADES;4
MOV;2021;9;PRÉ-PARTO;27
MOV;2021;9;UNIDADE INTEMEDIARIA NEONATAL;24
MOV;2021;9;UNIDADE INTERNAÇÃO - ALTO RISCO OBSTETRICO;117
MOV;2021;9;UNIDADE INTERNAÇÃO - CLINICA CIRURGICA;2
MOV;2021;9;UNIDADE INTERNAÇÃO - GINECOLOGIA CIRÚRGICA UCC;131
MOV;2021;9;UNIDADE URGENCIA/EMERGENCIA;2
MOV;2021;9;UTI;4
MOV;2021;9;UTI - NEONATAL;2
MOV;2021;10;ALOJAMENTO CONJUNTO;226
MOV;2021;10;AMBULATORIO - ESPECIALIDADES;3
MOV;2021;10;PRÉ-PARTO;51
MOV;2021;10;UNIDADE INTEMEDIARIA NEONATAL;24
MOV;2021;10;UNIDADE INTERNAÇÃO - ALTO RISCO OBSTETRICO;86
MOV;2021;10;UNIDADE INTERNAÇÃO - CLINICA CIRURGICA;86
MOV;2021;10;UNIDADE URGENCIA/EMERGENCIA;3
MOV;2021;10;UTI;13
MOV;2021;10;UTI - NEONATAL;2
MOV;2021;11;ALOJAMENTO CONJUNTO;241
MOV;2021;11;AMBULATORIO - ESPECIALIDADES;1
MOV;2021;11;PRÉ-PARTO;23
MOV;2021;11;UNIDADE INTEMEDIARIA NEONATAL;25
MOV;2021;11;UNIDADE INTERNAÇÃO - ALTO RISCO OBSTETRICO;110
MOV;2021;11;UNIDADE INTERNAÇÃO - CLINICA CIRURGICA;131
MOV;2021;11;UNIDADE URGENCIA/EMERGENCIA;6
MOV;2021;11;UTI;13
MOV;2021;11;UTI - NEONATAL;6
MOV;2021;12;ALOJAMENTO CONJUNTO;248
MOV;2021;12;AMBULATORIO ESPECIALIDADES MEDICAS;1
MOV;2021;12;PRÉ-PARTO;46
MOV;2021;12;UNIDADE INTEMEDIARIA NEONATAL;27
MOV;2021;12;UNIDADE INTERNAÇÃO - ALTO RISCO OBSTETRICO;70
MOV;2021;12;UNIDADE INTERNAÇÃO - CLINICA CIRURGICA;120
MOV;2021;12;UNIDADE URGENCIA/EMERGENCIA;3
MOV;2021;12;UTI;11
MOV;2021;12;UTI - NEONATAL;6
CHPB;2022;1;LAR INCLUSIVO;3
CHPB;2022;1;UNIDADE DE CUIDADOS CONTINUADOS INTEGRADOS;6
CHPB;2022;1;UNIDADE DE TRATAMENTO CLINICO;1
CHPB;2022;1;UNIDADE INTERNAÇÃO - PSIQUIATRIA;14
CHPB;2022;2;LAR INCLUSIVO E;1
CHPB;2022;2;UNIDADE DE CUIDADOS CONTINUADOS INTEGRADOS;8
CHPB;2022;2;UNIDADE DE TRATAMENTO CLINICO;1
CHPB;2022;2;UNIDADE INTERNAÇÃO - PSIQUIATRIA;17
CHPB;2022;3;UNIDADE DE CUIDADOS CONTINUADOS INTEGRADOS;5
CHPB;2022;3;UNIDADE INTERNAÇÃO - PSIQUIATRIA;19
CHPB;2022;4;LAR INCLUSIVO;1
CHPB;2022;4;UNIDADE DE CUIDADOS CONTINUADOS INTEGRADOS;9
CHPB;2022;4;UNIDADE DE TRATAMENTO CLINICO;1
CHPB;2022;4;UNIDADE INTERNAÇÃO - PSIQUIATRIA;27
CHPB;2022;5;LAR INCLUSIVO C;4
CHPB;2022;5;LAR INCLUSIVO E;1
CHPB;2022;5;UNIDADE DE CUIDADOS CONTINUADOS INTEGRADOS;11
CHPB;2022;5;UNIDADE DE TRATAMENTO CLINICO;1
CHPB;2022;5;UNIDADE INTERNAÇÃO - PSIQUIATRIA;21
CHPB;2022;6;LAR INCLUSIVO;6
CHPB;2022;6;LAR INCLUSIVO C;2
CHPB;2022;6;LAR INCLUSIVO D;6
CHPB;2022;6;LAR INCLUSIVO E;1
CHPB;2022;6;UNIDADE DE CUIDADOS CONTINUADOS INTEGRADOS;7
CHPB;2022;6;UNIDADE INTERNAÇÃO - PSIQUIATRIA;23
CHPB;2022;7;LAR INCLUSIVO;1
CHPB;2022;7;UNIDADE DE CUIDADOS CONTINUADOS INTEGRADOS;9
CHPB;2022;7;UNIDADE INTERNAÇÃO - PSIQUIATRIA;30
CHPB;2022;8;CAC - CENTRO DE ACOLHIMENTO DE CRISE;24
CHPB;2022;8;LAR INCLUSIVO;1
CHPB;2022;8;UNIDADE DE CUIDADOS CONTINUADOS INTEGRADOS;5
CHPB;2022;8;UNIDADE INTERNAÇÃO - PSIQUIATRIA;6
CHPB;2022;9;CAC - CENTRO DE ACOLHIMENTO DE CRISE;22
CHPB;2022;9;UNIDADE DE CUIDADOS CONTINUADOS INTEGRADOS;15
CHPB;2022;10;CAC - CENTRO DE ACOLHIMENTO DE CRISE;24
CHPB;2022;10;LAR INCLUSIVO B;1
CHPB;2022;10;UNIDADE DE CUIDADOS CONTINUADOS INTEGRADOS;13
CHPB;2022;10;UNIDADE INTERNAÇÃO - PSIQUIATRIA;1
CHPB;2022;11;CAC - CENTRO DE ACOLHIMENTO DE CRISE;31
CHPB;2022;11;LAR INCLUSIVO;1
CHPB;2022;11;UNIDADE DE CUIDADOS CONTINUADOS INTEGRADOS;15
CHPB;2022;12;CAC - CENTRO DE ACOLHIMENTO DE CRISE;24
CHPB;2022;12;LAR INCLUSIVO D;1
CHPB;2022;12;UNIDADE DE CUIDADOS CONTINUADOS INTEGRADOS;15
CSPD;2022;1;UNIDADE INTERNAÇÃO - CLINICA MÉDICA;34
CSPD;2022;2;UNIDADE INTERNAÇÃO - CLINICA MÉDICA;25
CSPD;2022;3;UNIDADE INTERNAÇÃO - CLINICA MÉDICA;32
CSPD;2022;4;UNIDADE INTERNAÇÃO - CLINICA MÉDICA;40
CSPD;2022;5;UNIDADE INTERNAÇÃO - CLINICA MÉDICA;52
CSPD;2022;6;UNIDADE INTERNAÇÃO - CLINICA MÉDICA;36
CSPD;2022;7;UNIDADE INTERNAÇÃO - CLINICA MÉDICA;41
CSPD;2022;8;UNIDADE INTERNAÇÃO - CLINICA MÉDICA;43
CSPD;2022;9;UNIDADE DE CUIDADOS CONTINUADOS INTEGRADOS;1
CSPD;2022;9;UNIDADE INTERNAÇÃO - CLINICA MÉDICA;38
CSPD;2022;10;UNIDADE DE CUIDADOS CONTINUADOS INTEGRADOS;11
CSPD;2022;10;UNIDADE INTERNAÇÃO - CLINICA MÉDICA;23
CSPD;2022;11;UNIDADE DE CUIDADOS CONTINUADOS INTEGRADOS;2
CSPD;2022;11;UNIDADE INTERNAÇÃO - CLINICA MÉDICA;23
CSPD;2022;12;UNIDADE DE CUIDADOS CONTINUADOS INTEGRADOS;11
CSPD;2022;12;UNIDADE INTERNAÇÃO - CLINICA MÉDICA;21
CSSFA;2022;1;UNIDADE DE INTERNACAO CCI Cuidados Continuados Integ;22
CSSFA;2022;2;UNIDADE DE INTERNACAO CCI Cuidados Continuados Integ;13
CSSFA;2022;3;UNIDADE DE INTERNACAO CCI Cuidados Continuados Integ;23
CSSFA;2022;4;UNIDADE DE INTERNACAO CCI Cuidados Continuados Integ;30
CSSFA;2022;5;UNIDADE DE INTERNACAO CCI Cuidados Continuados Integ;20
CSSFA;2022;6;UNIDADE DE INTERNACAO CCI Cuidados Continuados Integ;24
CSSFA;2022;6;UNIDADE INTERNAÇÃO - CLINICA MÉDICA;2
CSSFA;2022;7;UNIDADE DE INTERNACAO CCI Cuidados Continuados Integ;29
CSSFA;2022;7;UNIDADE INTERNAÇÃO - CLINICA MÉDICA;3
CSSFA;2022;8;UNIDADE DE INTERNACAO CCI Cuidados Continuados Integ;23
CSSFA;2022;9;UNIDADE DE INTERNACAO CCI Cuidados Continuados Integ;24
CSSFA;2022;9;UNIDADE INTERNAÇÃO - CLINICA MÉDICA;3
CSSFA;2022;10;UNIDADE DE INTERNACAO CCI Cuidados Continuados Integ;23
CSSFA;2022;11;UNIDADE DE INTERNACAO CCI Cuidados Continuados Integ;23
CSSFA;2022;12;UNIDADE DE INTERNACAO CCI Cuidados Continuados Integ;27
CSSFE;2022;1;UNIDADE INTERNAÇÃO - CLINICA MÉDICA;42
CSSFE;2022;2;UNIDADE INTERNAÇÃO - CLINICA MÉDICA;17
CSSFE;2022;3;UNIDADE INTERNAÇÃO - CLINICA MÉDICA;51
CSSFE;2022;4;UNIDADE INTERNAÇÃO - CLINICA MÉDICA;44
CSSFE;2022;5;UNIDADE INTERNAÇÃO - CLINICA MÉDICA;43
CSSFE;2022;6;UNIDADE INTERNAÇÃO - CLINICA MÉDICA;48
CSSFE;2022;7;UNIDADE INTERNAÇÃO - CLINICA MÉDICA;44
CSSFE;2022;8;UNIDADE INTERNAÇÃO - CLINICA MÉDICA;61
CSSFE;2022;9;UNIDADE INTERNAÇÃO - CLINICA MÉDICA;44
CSSFE;2022;10;UNIDADE INTERNAÇÃO - CLINICA MÉDICA;36
CSSFE;2022;11;UNIDADE INTERNAÇÃO - CLINICA MÉDICA;27
CSSFE;2022;12;UNIDADE INTERNAÇÃO - CLINICA MÉDICA;27
CSSI;2022;1;UNIDADE DE CUIDADOS CONTINUADOS INTEGRADOS;6
CSSI;2022;1;UNIDADE INTERNAÇÃO - CLINICA MÉDICA ALA A;6
CSSI;2022;1;UNIDADE INTERNAÇÃO - CLINICA MÉDICA ALA B;30
CSSI;2022;1;UNIDADE URGENCIA/EMERGENCIA;33
CSSI;2022;2;UNIDADE DE CUIDADOS CONTINUADOS INTEGRADOS;6
CSSI;2022;2;UNIDADE INTERNAÇÃO - CLINICA MÉDICA ALA A;15
CSSI;2022;2;UNIDADE INTERNAÇÃO - CLINICA MÉDICA ALA B;20
CSSI;2022;2;UNIDADE INTERNAÇÃO - CLÍNICA MÉDICA FEMININA;1
CSSI;2022;2;UNIDADE URGENCIA/EMERGENCIA;43
CSSI;2022;3;UNIDADE DE CUIDADOS CONTINUADOS INTEGRADOS;9
CSSI;2022;3;UNIDADE INTERNAÇÃO - CLINICA MÉDICA ALA A;21
CSSI;2022;3;UNIDADE INTERNAÇÃO - CLINICA MÉDICA ALA B;11
CSSI;2022;3;UNIDADE URGENCIA/EMERGENCIA;28
CSSI;2022;4;UNIDADE DE CUIDADOS CONTINUADOS INTEGRADOS;15
CSSI;2022;4;UNIDADE INTERNAÇÃO - CLINICA MÉDICA ALA A;22
CSSI;2022;4;UNIDADE INTERNAÇÃO - CLINICA MÉDICA ALA B;21
CSSI;2022;4;UNIDADE URGENCIA/EMERGENCIA;37
CSSI;2022;5;UNIDADE DE CUIDADOS CONTINUADOS INTEGRADOS;10
CSSI;2022;5;UNIDADE INTERNAÇÃO - CLINICA MÉDICA ALA A;24
CSSI;2022;5;UNIDADE INTERNAÇÃO - CLINICA MÉDICA ALA B;15
CSSI;2022;5;UNIDADE URGENCIA/EMERGENCIA;23
CSSI;2022;6;UNIDADE DE CUIDADOS CONTINUADOS INTEGRADOS;9
CSSI;2022;6;UNIDADE INTERNAÇÃO - CLINICA MÉDICA ALA A;21
CSSI;2022;6;UNIDADE INTERNAÇÃO - CLINICA MÉDICA ALA B;24
CSSI;2022;6;UNIDADE URGENCIA/EMERGENCIA;19
CSSI;2022;7;UNIDADE DE CUIDADOS CONTINUADOS INTEGRADOS;12
CSSI;2022;7;UNIDADE INTERNAÇÃO - CLINICA MÉDICA ALA A;17
CSSI;2022;7;UNIDADE INTERNAÇÃO - CLINICA MÉDICA ALA B;20
CSSI;2022;7;UNIDADE URGENCIA/EMERGENCIA;26
CSSI;2022;8;UNIDADE DE CUIDADOS CONTINUADOS INTEGRADOS;8
CSSI;2022;8;UNIDADE INTERNAÇÃO - CLINICA MÉDICA ALA A;28
CSSI;2022;8;UNIDADE INTERNAÇÃO - CLINICA MÉDICA ALA B;12
CSSI;2022;8;UNIDADE URGENCIA/EMERGENCIA;27
CSSI;2022;9;CENTRO DE TRATAMENTO DE LESÕES;1
CSSI;2022;9;UNIDADE DE CUIDADOS CONTINUADOS INTEGRADOS;14
CSSI;2022;9;UNIDADE INTERNAÇÃO - CLINICA MÉDICA ALA A;24
CSSI;2022;9;UNIDADE INTERNAÇÃO - CLINICA MÉDICA ALA B;17
CSSI;2022;9;UNIDADE URGENCIA/EMERGENCIA;29
CSSI;2022;10;UNIDADE DE CUIDADOS CONTINUADOS INTEGRADOS;6
CSSI;2022;10;UNIDADE INTERNAÇÃO - CLINICA MÉDICA ALA A;21
CSSI;2022;10;UNIDADE INTERNAÇÃO - CLINICA MÉDICA ALA B;21
CSSI;2022;10;UNIDADE URGENCIA/EMERGENCIA;25
CSSI;2022;11;UNIDADE DE CUIDADOS CONTINUADOS INTEGRADOS;7
CSSI;2022;11;UNIDADE INTERNAÇÃO - CLINICA MÉDICA ALA A;18
CSSI;2022;11;UNIDADE INTERNAÇÃO - CLINICA MÉDICA ALA B;22
CSSI;2022;11;UNIDADE URGENCIA/EMERGENCIA;25
CSSI;2022;12;UNIDADE DE CUIDADOS CONTINUADOS INTEGRADOS;7
CSSI;2022;12;UNIDADE INTERNAÇÃO - CLINICA MÉDICA ALA A;3
CSSI;2022;12;UNIDADE INTERNAÇÃO - CLINICA MÉDICA ALA B;19
CSSI;2022;12;UNIDADE URGENCIA/EMERGENCIA;32
HAC;2022;1;AMBULATORIO - ESPECIALIDADES;2
HAC;2022;1;QUIMIOTERAPIA;1
HAC;2022;1;UNIDADE INTERNAÇÃO - CIRURGIA GERAL;61
HAC;2022;1;UNIDADE INTERNAÇÃO - CLINICA MÉDICA;134
HAC;2022;1;UTI - ADULTO;5
HAC;2022;2;AMBULATORIO - ESPECIALIDADES;1
HAC;2022;2;QUIMIOTERAPIA;1
HAC;2022;2;UNIDADE INTERNAÇÃO - CIRURGIA GERAL;79
HAC;2022;2;UNIDADE INTERNAÇÃO - CLINICA MÉDICA;100
HAC;2022;2;UTI - ADULTO;4
HAC;2022;3;UNIDADE INTERNAÇÃO - CIRURGIA GERAL;88
HAC;2022;3;UNIDADE INTERNAÇÃO - CLINICA MÉDICA;103
HAC;2022;3;UTI - ADULTO;6
HAC;2022;4;AMBULATORIO - ESPECIALIDADES;3
HAC;2022;4;QUIMIOTERAPIA;1
HAC;2022;4;UNIDADE INTERNAÇÃO - CIRURGIA GERAL;90
HAC;2022;4;UNIDADE INTERNAÇÃO - CLINICA MÉDICA;106
HAC;2022;4;UTI - ADULTO;7
HAC;2022;5;AMBULATORIO - ESPECIALIDADES;2
HAC;2022;5;AMBULATORIO DE ONCOLOGIA CLINICA;2
HAC;2022;5;QUIMIOTERAPIA;2
HAC;2022;5;UNIDADE INTERNAÇÃO - CIRURGIA GERAL;116
HAC;2022;5;UNIDADE INTERNAÇÃO - CLINICA MÉDICA;120
HAC;2022;5;UTI - ADULTO;13
HAC;2022;6;UNIDADE INTERNAÇÃO - CIRURGIA GERAL;117
HAC;2022;6;UNIDADE INTERNAÇÃO - CLINICA MÉDICA;132
HAC;2022;6;UTI - ADULTO;8
HAC;2022;7;UNIDADE INTERNAÇÃO - CIRURGIA GERAL;105
HAC;2022;7;UNIDADE INTERNAÇÃO - CLINICA MÉDICA;134
HAC;2022;7;UTI - ADULTO;6
HAC;2022;8;AMBULATORIO - ESPECIALIDADES;3
HAC;2022;8;UNIDADE INTERNAÇÃO - CIRURGIA GERAL;126
HAC;2022;8;UNIDADE INTERNAÇÃO - CLINICA MÉDICA;108
HAC;2022;8;UTI - ADULTO;15
HAC;2022;9;AMBULATORIO - ESPECIALIDADES;5
HAC;2022;9;UNIDADE INTERNAÇÃO - CIRURGIA GERAL;42
HAC;2022;9;UNIDADE INTERNAÇÃO - CLINICA CIRURGICA;60
HAC;2022;9;UNIDADE INTERNAÇÃO - CLINICA MÉDICA;83
HAC;2022;9;UTI - ADULTO;7
HAC;2022;10;AMBULATORIO - ESPECIALIDADES;1
HAC;2022;10;UNIDADE INTERNAÇÃO - CLINICA CIRURGICA;121
HAC;2022;10;UNIDADE INTERNAÇÃO - CLINICA MÉDICA;113
HAC;2022;10;UTI - ADULTO;8
HAC;2022;11;AMBULATORIO - ESPECIALIDADES;1
HAC;2022;11;UNIDADE INTERNAÇÃO - CLINICA CIRURGICA;93
HAC;2022;11;UNIDADE INTERNAÇÃO - CLINICA MÉDICA;90
HAC;2022;11;UTI - ADULTO;11
HAC;2022;12;AMBULATORIO - ESPECIALIDADES;2
HAC;2022;12;QUIMIOTERAPIA;1
HAC;2022;12;UNIDADE INTERNAÇÃO - CLINICA CIRURGICA;109
HAC;2022;12;UNIDADE INTERNAÇÃO - CLINICA MÉDICA;127
HAC;2022;12;UTI - ADULTO;10
HCM;2022;1;UNIDADE DE CUIDADOS CONTINUADOS INTEGRADOS;4
HCM;2022;2;UNIDADE DE CUIDADOS CONTINUADOS INTEGRADOS;4
HCM;2022;3;UNIDADE DE CUIDADOS CONTINUADOS INTEGRADOS;7
HCM;2022;4;UNIDADE DE CUIDADOS CONTINUADOS INTEGRADOS;4
HCM;2022;5;UNIDADE DE CUIDADOS CONTINUADOS INTEGRADOS;7
HCM;2022;6;UNIDADE DE CUIDADOS CONTINUADOS INTEGRADOS;3
HCM;2022;6;UNIDADE INTERNAÇÃO - CLINICA CIRURGICA;1
HCM;2022;7;UNIDADE DE CUIDADOS CONTINUADOS INTEGRADOS;4
HCM;2022;8;UNIDADE DE CUIDADOS CONTINUADOS INTEGRADOS;3
HCM;2022;9;UNIDADE DE CUIDADOS CONTINUADOS INTEGRADOS;6
HCM;2022;10;UNIDADE DE CUIDADOS CONTINUADOS INTEGRADOS;5
HCM;2022;11;UNIDADE DE CUIDADOS CONTINUADOS INTEGRADOS;1
HCM;2022;12;UNIDADE DE CUIDADOS CONTINUADOS INTEGRADOS;5
HEM;2022;1;UNIDADE INTERNAÇÃO - DOENÇAS INFECTO-CONTAGIOSAS E PARASITÁRIAS DOENÇAS INFECTO CONTAGIOSAS;180
HEM;2022;1;UTI - ADULTO;25
HEM;2022;2;UNIDADE INTERNAÇÃO - DOENÇAS INFECTO-CONTAGIOSAS E PARASITÁRIAS DOENÇAS INFECTO CONTAGIOSAS;118
HEM;2022;2;UTI - ADULTO;21
HEM;2022;3;UNIDADE INTERNAÇÃO - DOENÇAS INFECTO-CONTAGIOSAS E PARASITÁRIAS DOENÇAS INFECTO CONTAGIOSAS;98
HEM;2022;3;UTI - ADULTO;21
HEM;2022;4;UNIDADE INTERNAÇÃO - DOENÇAS INFECTO-CONTAGIOSAS E PARASITÁRIAS DOENÇAS INFECTO CONTAGIOSAS;105
HEM;2022;4;UTI - ADULTO;16
HEM;2022;5;UNIDADE INTERNAÇÃO - DOENÇAS INFECTO-CONTAGIOSAS E PARASITÁRIAS DOENÇAS INFECTO CONTAGIOSAS;127
HEM;2022;5;UTI - ADULTO;19
HEM;2022;6;UNIDADE INTERNAÇÃO - DOENÇAS INFECTO-CONTAGIOSAS E PARASITÁRIAS DOENÇAS INFECTO CONTAGIOSAS;162
HEM;2022;6;UTI - ADULTO;12
HEM;2022;7;HOSPITAL DIA;1
HEM;2022;7;UNIDADE INTERNAÇÃO - DOENÇAS INFECTO-CONTAGIOSAS E PARASITÁRIAS DOENÇAS INFECTO CONTAGIOSAS;145
HEM;2022;7;UTI - ADULTO;18
HEM;2022;8;UNIDADE INTERNAÇÃO - DOENÇAS INFECTO-CONTAGIOSAS E PARASITÁRIAS DOENÇAS INFECTO CONTAGIOSAS;138
HEM;2022;8;UTI - ADULTO;11
HEM;2022;9;UNIDADE INTERNAÇÃO - DOENÇAS INFECTO-CONTAGIOSAS E PARASITÁRIAS DOENÇAS INFECTO CONTAGIOSAS;176
HEM;2022;9;UTI - ADULTO;12
HEM;2022;10;AMBULATORIO DE INFECTOLOGIA;1
HEM;2022;10;UNIDADE INTERNAÇÃO - DOENÇAS INFECTO-CONTAGIOSAS E PARASITÁRIAS DOENÇAS INFECTO CONTAGIOSAS;157
HEM;2022;10;UTI - ADULTO;4
HEM;2022;11;UNIDADE INTERNAÇÃO - DOENÇAS INFECTO-CONTAGIOSAS E PARASITÁRIAS DOENÇAS INFECTO CONTAGIOSAS;171
HEM;2022;11;UTI - ADULTO;5
HEM;2022;12;UNIDADE INTERNAÇÃO - DOENÇAS INFECTO-CONTAGIOSAS E PARASITÁRIAS DOENÇAS INFECTO CONTAGIOSAS;188
HEM;2022;12;UTI - ADULTO;12
HIJPII;2022;1;UNIDADE INTERNAÇÃO - CLINICA PEDIÁTRICA;197
HIJPII;2022;1;UNIDADE INTERNAÇÃO - CURTO PRAZO;84
HIJPII;2022;1;UNIDADE INTERNAÇÃO - DOENÇAS INFECTO-CONTAGIOSAS E PARASITÁRIAS;144
HIJPII;2022;1;UTI;7
HIJPII;2022;2;UNIDADE INTERNAÇÃO - CLINICA PEDIÁTRICA;203
HIJPII;2022;2;UNIDADE INTERNAÇÃO - CURTO PRAZO;58
HIJPII;2022;2;UNIDADE INTERNAÇÃO - DOENÇAS INFECTO-CONTAGIOSAS E PARASITÁRIAS;112
HIJPII;2022;2;UTI;6
HIJPII;2022;3;UNIDADE INTERNAÇÃO - CLINICA PEDIÁTRICA;235
HIJPII;2022;3;UNIDADE INTERNAÇÃO - CURTO PRAZO;76
HIJPII;2022;3;UNIDADE INTERNAÇÃO - DOENÇAS INFECTO-CONTAGIOSAS E PARASITÁRIAS;195
HIJPII;2022;3;UTI;11
HIJPII;2022;4;UNIDADE INTERNAÇÃO - CLINICA PEDIÁTRICA;255
HIJPII;2022;4;UNIDADE INTERNAÇÃO - CURTO PRAZO;44
HIJPII;2022;4;UNIDADE INTERNAÇÃO - DOENÇAS INFECTO-CONTAGIOSAS E PARASITÁRIAS;144
HIJPII;2022;4;UTI;10
HIJPII;2022;5;UNIDADE INTERNAÇÃO - CLINICA PEDIÁTRICA;251
HIJPII;2022;5;UNIDADE INTERNAÇÃO - CURTO PRAZO;71
HIJPII;2022;5;UNIDADE INTERNAÇÃO - DOENÇAS INFECTO-CONTAGIOSAS E PARASITÁRIAS;131
HIJPII;2022;5;UTI;7
HIJPII;2022;6;AMBULATORIO - ESPECIALIDADES;1
HIJPII;2022;6;UNIDADE INTERNAÇÃO - CLINICA PEDIÁTRICA;207
HIJPII;2022;6;UNIDADE INTERNAÇÃO - CURTO PRAZO;57
HIJPII;2022;6;UNIDADE INTERNAÇÃO - DOENÇAS INFECTO-CONTAGIOSAS E PARASITÁRIAS;138
HIJPII;2022;6;UTI;8
HIJPII;2022;7;UNIDADE INTERNAÇÃO - CLINICA PEDIÁTRICA;211
HIJPII;2022;7;UNIDADE INTERNAÇÃO - CURTO PRAZO;62
HIJPII;2022;7;UNIDADE INTERNAÇÃO - DOENÇAS INFECTO-CONTAGIOSAS E PARASITÁRIAS;128
HIJPII;2022;7;UTI;5
HIJPII;2022;8;UNIDADE INTERNAÇÃO - CLINICA PEDIÁTRICA;219
HIJPII;2022;8;UNIDADE INTERNAÇÃO - CURTO PRAZO;42
HIJPII;2022;8;UNIDADE INTERNAÇÃO - DOENÇAS INFECTO-CONTAGIOSAS E PARASITÁRIAS;128
HIJPII;2022;8;UTI;2
HIJPII;2022;9;AMBULATORIO - ESPECIALIDADES;1
HIJPII;2022;9;UNIDADE INTERNAÇÃO - CLINICA PEDIÁTRICA;239
HIJPII;2022;9;UNIDADE INTERNAÇÃO - CURTO PRAZO;38
HIJPII;2022;9;UNIDADE INTERNAÇÃO - DOENÇAS INFECTO-CONTAGIOSAS E PARASITÁRIAS;114
HIJPII;2022;9;UTI;9
HIJPII;2022;10;UNIDADE INTERNAÇÃO - CLINICA PEDIÁTRICA;220
HIJPII;2022;10;UNIDADE INTERNAÇÃO - CURTO PRAZO;45
HIJPII;2022;10;UNIDADE INTERNAÇÃO - DOENÇAS INFECTO-CONTAGIOSAS E PARASITÁRIAS;122
HIJPII;2022;10;UTI;6
HIJPII;2022;11;RADIOLOGIA;1
HIJPII;2022;11;UNIDADE INTERNAÇÃO - CLINICA PEDIÁTRICA;244
HIJPII;2022;11;UNIDADE INTERNAÇÃO - CURTO PRAZO;65
HIJPII;2022;11;UNIDADE INTERNAÇÃO - DOENÇAS INFECTO-CONTAGIOSAS E PARASITÁRIAS;138
HIJPII;2022;11;UTI;7
HIJPII;2022;12;UNIDADE INTERNAÇÃO - CLINICA PEDIÁTRICA;203
HIJPII;2022;12;UNIDADE INTERNAÇÃO - CURTO PRAZO;29
HIJPII;2022;12;UNIDADE INTERNAÇÃO - DOENÇAS INFECTO-CONTAGIOSAS E PARASITÁRIAS;143
HIJPII;2022;12;UTI;2
HJK;2022;1;ALOJAMENTO CONJUNTO;210
HJK;2022;1;UNIDADE DE URGENCIA - CLINICA MEDICA;52
HJK;2022;1;UNIDADE INTERNAÇÃO - CLINICA CIRURGICA;47
HJK;2022;1;UNIDADE INTERNAÇÃO - CLINICA MÉDICA;113
HJK;2022;1;UNIDADE INTERNAÇÃO - CLINICA PNEUMOLOGICA;111
HJK;2022;1;UNIDADE INTERNAÇÃO - CLINICA TISIOLÓGICA;28
HJK;2022;1;UTI - NEONATAL E PEDIATRICO UTIN E UCIN;9
HJK;2022;1;UTI COVID-19;20
HJK;2022;1;UTI CTI;8
HJK;2022;2;ALOJAMENTO CONJUNTO;190
HJK;2022;2;UNIDADE DE URGENCIA - CLINICA MEDICA;76
HJK;2022;2;UNIDADE INTERNAÇÃO - CLINICA CIRURGICA;42
HJK;2022;2;UNIDADE INTERNAÇÃO - CLINICA MÉDICA;44
HJK;2022;2;UNIDADE INTERNAÇÃO - CLINICA PNEUMOLOGICA;68
HJK;2022;2;UNIDADE INTERNAÇÃO - CLINICA TISIOLÓGICA;23
HJK;2022;2;UTI - NEONATAL E PEDIATRICO UTIN E UCIN;8
HJK;2022;2;UTI COVID-19;12
HJK;2022;2;UTI CTI;15
HJK;2022;3;ALOJAMENTO CONJUNTO;258
HJK;2022;3;UNIDADE DE URGENCIA - CLINICA MEDICA;87
HJK;2022;3;UNIDADE INTERNAÇÃO - CLINICA CIRURGICA;75
HJK;2022;3;UNIDADE INTERNAÇÃO - CLINICA MÉDICA;57
HJK;2022;3;UNIDADE INTERNAÇÃO - CLINICA PNEUMOLOGICA;38
HJK;2022;3;UNIDADE INTERNAÇÃO - CLINICA TISIOLÓGICA;15
HJK;2022;3;UTI - NEONATAL E PEDIATRICO UTIN E UCIN;13
HJK;2022;3;UTI COVID-19;8
HJK;2022;3;UTI CTI;10
HJK;2022;4;ALOJAMENTO CONJUNTO;238
HJK;2022;4;UNIDADE DE URGENCIA - CLINICA MEDICA;7
HJK;2022;4;UNIDADE INTERNAÇÃO - CLINICA CIRURGICA;101
HJK;2022;4;UNIDADE INTERNAÇÃO - CLINICA MÉDICA;95
HJK;2022;4;UNIDADE INTERNAÇÃO - CLINICA PNEUMOLOGICA;79
HJK;2022;4;UNIDADE INTERNAÇÃO - CLINICA TISIOLÓGICA;12
HJK;2022;4;UTI - NEONATAL E PEDIATRICO UTIN E UCIN;8
HJK;2022;4;UTI COVID-19;14
HJK;2022;4;UTI CTI;4
HJK;2022;5;ALOJAMENTO CONJUNTO;204
HJK;2022;5;UCI - UNIDADE DE CUIDADO INTERMEDIARIO NEONATAL CONVENCIONAL;1
HJK;2022;5;UNIDADE INTERNAÇÃO - CLINICA CIRURGICA;78
HJK;2022;5;UNIDADE INTERNAÇÃO - CLINICA MÉDICA;101
HJK;2022;5;UNIDADE INTERNAÇÃO - CLINICA PNEUMOLOGICA;103
HJK;2022;5;UNIDADE INTERNAÇÃO - CLINICA TISIOLÓGICA;24
HJK;2022;5;UNIDADE URGENCIA/EMERGENCIA;50
HJK;2022;5;UTI - ADULTO;5
HJK;2022;5;UTI - NEONATAL E PEDIATRICO UTIN E UCIN;17
HJK;2022;5;UTI COVID-19;11
HJK;2022;5;UTI CTI;1
HJK;2022;6;ALOJAMENTO CONJUNTO;198
HJK;2022;6;UCI - UNIDADE DE CUIDADO INTERMEDIARIO NEONATAL CONVENCIONAL;8
HJK;2022;6;UNIDADE INTERNAÇÃO - CLINICA CIRURGICA;69
HJK;2022;6;UNIDADE INTERNAÇÃO - CLINICA MÉDICA;101
HJK;2022;6;UNIDADE INTERNAÇÃO - CLINICA PNEUMOLOGICA;103
HJK;2022;6;UNIDADE INTERNAÇÃO - CLINICA TISIOLÓGICA;15
HJK;2022;6;UNIDADE URGENCIA/EMERGENCIA;50
HJK;2022;6;UTI - ADULTO;19
HJK;2022;6;UTI - NEONATAL;5
HJK;2022;7;ALOJAMENTO CONJUNTO;203
HJK;2022;7;UCI - UNIDADE DE CUIDADO INTERMEDIARIO NEONATAL CONVENCIONAL;3
HJK;2022;7;UNIDADE INTERNAÇÃO - CLINICA CIRURGICA;61
HJK;2022;7;UNIDADE INTERNAÇÃO - CLINICA MÉDICA;106
HJK;2022;7;UNIDADE INTERNAÇÃO - CLINICA PNEUMOLOGICA;81
HJK;2022;7;UNIDADE INTERNAÇÃO - CLINICA TISIOLÓGICA;18
HJK;2022;7;UNIDADE URGENCIA/EMERGENCIA;79
HJK;2022;7;UTI - ADULTO;18
HJK;2022;7;UTI - NEONATAL;5
HJK;2022;8;ALOJAMENTO CONJUNTO;216
HJK;2022;8;UCI - UNIDADE DE CUIDADO INTERMEDIARIO NEONATAL CONVENCIONAL;6
HJK;2022;8;UNIDADE INTERNAÇÃO - CLINICA CIRURGICA;85
HJK;2022;8;UNIDADE INTERNAÇÃO - CLINICA MÉDICA;97
HJK;2022;8;UNIDADE INTERNAÇÃO - CLINICA PNEUMOLOGICA;94
HJK;2022;8;UNIDADE INTERNAÇÃO - CLINICA TISIOLÓGICA;15
HJK;2022;8;UNIDADE URGENCIA/EMERGENCIA;137
HJK;2022;8;UTI - ADULTO;10
HJK;2022;8;UTI - NEONATAL;3
HJK;2022;9;ALOJAMENTO CONJUNTO;226
HJK;2022;9;UCI - UNIDADE DE CUIDADO INTERMEDIARIO NEONATAL CONVENCIONAL;3
HJK;2022;9;UNIDADE INTERNAÇÃO - CLINICA CIRURGICA;83
HJK;2022;9;UNIDADE INTERNAÇÃO - CLINICA MÉDICA;116
HJK;2022;9;UNIDADE INTERNAÇÃO - CLINICA PNEUMOLOGICA;99
HJK;2022;9;UNIDADE INTERNAÇÃO - CLINICA TISIOLÓGICA;17
HJK;2022;9;UNIDADE URGENCIA/EMERGENCIA;153
HJK;2022;9;UTI - ADULTO;9
HJK;2022;10;ALOJAMENTO CONJUNTO;197
HJK;2022;10;UCI - UNIDADE DE CUIDADO INTERMEDIARIO NEONATAL CONVENCIONAL;7
HJK;2022;10;UNIDADE INTERNAÇÃO - CLINICA CIRURGICA;90
HJK;2022;10;UNIDADE INTERNAÇÃO - CLINICA MÉDICA;120
HJK;2022;10;UNIDADE INTERNAÇÃO - CLINICA PNEUMOLOGICA;119
HJK;2022;10;UNIDADE INTERNAÇÃO - CLINICA TISIOLÓGICA;21
HJK;2022;10;UNIDADE URGENCIA/EMERGENCIA;133
HJK;2022;10;UTI - ADULTO;13
HJK;2022;10;UTI - NEONATAL;3
HJK;2022;11;ALOJAMENTO CONJUNTO;200
HJK;2022;11;UCI - UNIDADE DE CUIDADO INTERMEDIARIO NEONATAL CONVENCIONAL;3
HJK;2022;11;UNIDADE INTERNAÇÃO - CLINICA CIRURGICA;71
HJK;2022;11;UNIDADE INTERNAÇÃO - CLINICA MÉDICA;100
HJK;2022;11;UNIDADE INTERNAÇÃO - CLINICA PNEUMOLOGICA;92
HJK;2022;11;UNIDADE INTERNAÇÃO - CLINICA TISIOLÓGICA;13
HJK;2022;11;UNIDADE URGENCIA/EMERGENCIA;130
HJK;2022;11;UTI - ADULTO;11
HJK;2022;11;UTI - NEONATAL;3
HJK;2022;12;ALOJAMENTO CONJUNTO;244
HJK;2022;12;UCI - UNIDADE DE CUIDADO INTERMEDIARIO NEONATAL CONVENCIONAL;8
HJK;2022;12;UNIDADE INTERNAÇÃO - CLINICA CIRURGICA;62
HJK;2022;12;UNIDADE INTERNAÇÃO - CLINICA MÉDICA;106
HJK;2022;12;UNIDADE INTERNAÇÃO - CLINICA PNEUMOLOGICA;102
HJK;2022;12;UNIDADE INTERNAÇÃO - CLINICA TISIOLÓGICA;25
HJK;2022;12;UNIDADE URGENCIA/EMERGENCIA;134
HJK;2022;12;UTI - ADULTO;6
HJK;2022;12;UTI - NEONATAL;5
HJXXIII;2022;1;BLOCO CIRURGICO;46
HJXXIII;2022;1;PRONTO SOCORRO;510
HJXXIII;2022;1;UNIDADE INTERNAÇÃO - CIRURGIA GERAL 4º ANDAR;124
HJXXIII;2022;1;UNIDADE INTERNAÇÃO - CIRURGIA PLÁSTICA 7º ANDAR;129
HJXXIII;2022;1;UNIDADE INTERNAÇÃO - CLINICA CUIDADOS PROGRESSIVOS 3º ANDAR;9
HJXXIII;2022;1;UNIDADE INTERNAÇÃO - CLINICA MÉDICA 6º ANDAR;59
HJXXIII;2022;1;UNIDADE INTERNAÇÃO - CLINICA NEUROLOGICA 5º ANDAR;71
HJXXIII;2022;1;UNIDADE INTERNAÇÃO - QUEIMADOS GRAVES 9º ANDAR;3
HJXXIII;2022;1;UNIDADE INTERNAÇÃO - QUEIMADOS MÉDIOS - 8º ANDAR;34
HJXXIII;2022;1;UTI;33
HJXXIII;2022;1;UTI -  PEDIATRICO 2º ANDAR;31
HJXXIII;2022;2;BLOCO CIRURGICO;48
HJXXIII;2022;2;PRONTO SOCORRO;454
HJXXIII;2022;2;UNIDADE INTERNAÇÃO - CIRURGIA GERAL 4º ANDAR;104
HJXXIII;2022;2;UNIDADE INTERNAÇÃO - CIRURGIA PLÁSTICA 7º ANDAR;106
HJXXIII;2022;2;UNIDADE INTERNAÇÃO - CLINICA CUIDADOS PROGRESSIVOS 3º ANDAR;10
HJXXIII;2022;2;UNIDADE INTERNAÇÃO - CLINICA MÉDICA 6º ANDAR;44
HJXXIII;2022;2;UNIDADE INTERNAÇÃO - CLINICA NEUROLOGICA 5º ANDAR;72
HJXXIII;2022;2;UNIDADE INTERNAÇÃO - QUEIMADOS MÉDIOS - 8º ANDAR;24
HJXXIII;2022;2;UTI;21
HJXXIII;2022;2;UTI -  PEDIATRICO 2º ANDAR;47
HJXXIII;2022;3;BLOCO CIRURGICO;71
HJXXIII;2022;3;PRONTO SOCORRO;505
HJXXIII;2022;3;UNIDADE INTERNAÇÃO - CIRURGIA GERAL 4º ANDAR;156
HJXXIII;2022;3;UNIDADE INTERNAÇÃO - CIRURGIA PLÁSTICA 7º ANDAR;124
HJXXIII;2022;3;UNIDADE INTERNAÇÃO - CLINICA CUIDADOS PROGRESSIVOS 3º ANDAR;6
HJXXIII;2022;3;UNIDADE INTERNAÇÃO - CLINICA MÉDICA 6º ANDAR;50
HJXXIII;2022;3;UNIDADE INTERNAÇÃO - CLINICA NEUROLOGICA 5º ANDAR;68
HJXXIII;2022;3;UNIDADE INTERNAÇÃO - QUEIMADOS GRAVES 9º ANDAR;3
HJXXIII;2022;3;UNIDADE INTERNAÇÃO - QUEIMADOS MÉDIOS - 8º ANDAR;32
HJXXIII;2022;3;UTI;26
HJXXIII;2022;3;UTI -  PEDIATRICO 2º ANDAR;71
HJXXIII;2022;4;BLOCO CIRURGICO;30
HJXXIII;2022;4;PRONTO SOCORRO;490
HJXXIII;2022;4;UNIDADE INTERNAÇÃO - CIRURGIA GERAL 4º ANDAR;143
HJXXIII;2022;4;UNIDADE INTERNAÇÃO - CIRURGIA PLÁSTICA 7º ANDAR;143
HJXXIII;2022;4;UNIDADE INTERNAÇÃO - CLINICA CUIDADOS PROGRESSIVOS 3º ANDAR;6
HJXXIII;2022;4;UNIDADE INTERNAÇÃO - CLINICA MÉDICA 6º ANDAR;49
HJXXIII;2022;4;UNIDADE INTERNAÇÃO - CLINICA NEUROLOGICA 5º ANDAR;69
HJXXIII;2022;4;UNIDADE INTERNAÇÃO - QUEIMADOS GRAVES 9º ANDAR;1
HJXXIII;2022;4;UNIDADE INTERNAÇÃO - QUEIMADOS MÉDIOS - 8º ANDAR;35
HJXXIII;2022;4;UTI;17
HJXXIII;2022;4;UTI -  PEDIATRICO 2º ANDAR;63
HJXXIII;2022;5;BLOCO CIRURGICO;45
HJXXIII;2022;5;PRONTO SOCORRO;443
HJXXIII;2022;5;UNIDADE INTERNAÇÃO - CIRURGIA GERAL 4º ANDAR;157
HJXXIII;2022;5;UNIDADE INTERNAÇÃO - CIRURGIA PLÁSTICA 7º ANDAR;149
HJXXIII;2022;5;UNIDADE INTERNAÇÃO - CLINICA CUIDADOS PROGRESSIVOS 3º ANDAR;10
HJXXIII;2022;5;UNIDADE INTERNAÇÃO - CLINICA MÉDICA 6º ANDAR;50
HJXXIII;2022;5;UNIDADE INTERNAÇÃO - CLINICA NEUROLOGICA 5º ANDAR;68
HJXXIII;2022;5;UNIDADE INTERNAÇÃO - QUEIMADOS MÉDIOS - 8º ANDAR;26
HJXXIII;2022;5;UTI;31
HJXXIII;2022;5;UTI -  PEDIATRICO 2º ANDAR;36
HJXXIII;2022;6;BLOCO CIRURGICO;33
HJXXIII;2022;6;PRONTO SOCORRO;441
HJXXIII;2022;6;UNIDADE INTERNAÇÃO - CIRURGIA GERAL 4º ANDAR;154
HJXXIII;2022;6;UNIDADE INTERNAÇÃO - CIRURGIA PLÁSTICA 7º ANDAR;156
HJXXIII;2022;6;UNIDADE INTERNAÇÃO - CLINICA CUIDADOS PROGRESSIVOS 3º ANDAR;9
HJXXIII;2022;6;UNIDADE INTERNAÇÃO - CLINICA MÉDICA 6º ANDAR;56
HJXXIII;2022;6;UNIDADE INTERNAÇÃO - CLINICA NEUROLOGICA 5º ANDAR;71
HJXXIII;2022;6;UNIDADE INTERNAÇÃO - QUEIMADOS GRAVES 9º ANDAR;1
HJXXIII;2022;6;UNIDADE INTERNAÇÃO - QUEIMADOS MÉDIOS - 8º ANDAR;30
HJXXIII;2022;6;UTI;20
HJXXIII;2022;6;UTI -  PEDIATRICO 2º ANDAR;33
HJXXIII;2022;7;AMBULATORIO - RETORNOS;1
HJXXIII;2022;7;BLOCO CIRURGICO;48
HJXXIII;2022;7;PRONTO SOCORRO;495
HJXXIII;2022;7;UNIDADE INTERNAÇÃO - CIRURGIA GERAL 4º ANDAR;135
HJXXIII;2022;7;UNIDADE INTERNAÇÃO - CIRURGIA PLÁSTICA 7º ANDAR;145
HJXXIII;2022;7;UNIDADE INTERNAÇÃO - CLINICA CUIDADOS PROGRESSIVOS 3º ANDAR;6
HJXXIII;2022;7;UNIDADE INTERNAÇÃO - CLINICA MÉDICA 6º ANDAR;65
HJXXIII;2022;7;UNIDADE INTERNAÇÃO - CLINICA NEUROLOGICA 5º ANDAR;54
HJXXIII;2022;7;UNIDADE INTERNAÇÃO - QUEIMADOS GRAVES 9º ANDAR;3
HJXXIII;2022;7;UNIDADE INTERNAÇÃO - QUEIMADOS MÉDIOS - 8º ANDAR;30
HJXXIII;2022;7;UTI;29
HJXXIII;2022;7;UTI -  PEDIATRICO 2º ANDAR;48
HJXXIII;2022;8;BLOCO CIRURGICO;41
HJXXIII;2022;8;PRONTO SOCORRO;422
HJXXIII;2022;8;UNIDADE INTERNAÇÃO - CIRURGIA GERAL 4º ANDAR;156
HJXXIII;2022;8;UNIDADE INTERNAÇÃO - CIRURGIA PLÁSTICA 7º ANDAR;130
HJXXIII;2022;8;UNIDADE INTERNAÇÃO - CLINICA CUIDADOS PROGRESSIVOS 3º ANDAR;6
HJXXIII;2022;8;UNIDADE INTERNAÇÃO - CLINICA MÉDICA 6º ANDAR;50
HJXXIII;2022;8;UNIDADE INTERNAÇÃO - CLINICA NEUROLOGICA 5º ANDAR;62
HJXXIII;2022;8;UNIDADE INTERNAÇÃO - QUEIMADOS MÉDIOS - 8º ANDAR;37
HJXXIII;2022;8;UTI;31
HJXXIII;2022;8;UTI -  PEDIATRICO 2º ANDAR;42
HJXXIII;2022;9;BLOCO CIRURGICO;47
HJXXIII;2022;9;PRONTO SOCORRO;470
HJXXIII;2022;9;UNIDADE INTERNAÇÃO - CIRURGIA GERAL 4º ANDAR;148
HJXXIII;2022;9;UNIDADE INTERNAÇÃO - CIRURGIA PLÁSTICA 7º ANDAR;102
HJXXIII;2022;9;UNIDADE INTERNAÇÃO - CLINICA CUIDADOS PROGRESSIVOS 3º ANDAR;8
HJXXIII;2022;9;UNIDADE INTERNAÇÃO - CLINICA MÉDICA 6º ANDAR;48
HJXXIII;2022;9;UNIDADE INTERNAÇÃO - CLINICA NEUROLOGICA 5º ANDAR;70
HJXXIII;2022;9;UNIDADE INTERNAÇÃO - QUEIMADOS GRAVES 9º ANDAR;2
HJXXIII;2022;9;UNIDADE INTERNAÇÃO - QUEIMADOS MÉDIOS - 8º ANDAR;25
HJXXIII;2022;9;UTI;25
HJXXIII;2022;9;UTI -  PEDIATRICO 2º ANDAR;78
HJXXIII;2022;10;BLOCO CIRURGICO;50
HJXXIII;2022;10;PRONTO SOCORRO;464
HJXXIII;2022;10;UNIDADE INTERNAÇÃO - CIRURGIA GERAL 4º ANDAR;149
HJXXIII;2022;10;UNIDADE INTERNAÇÃO - CIRURGIA PLÁSTICA 7º ANDAR;83
HJXXIII;2022;10;UNIDADE INTERNAÇÃO - CLINICA CUIDADOS PROGRESSIVOS 3º ANDAR;11
HJXXIII;2022;10;UNIDADE INTERNAÇÃO - CLINICA MÉDICA 6º ANDAR;52
HJXXIII;2022;10;UNIDADE INTERNAÇÃO - CLINICA NEUROLOGICA 5º ANDAR;66
HJXXIII;2022;10;UNIDADE INTERNAÇÃO - QUEIMADOS GRAVES 9º ANDAR;3
HJXXIII;2022;10;UNIDADE INTERNAÇÃO - QUEIMADOS MÉDIOS - 8º ANDAR;30
HJXXIII;2022;10;UTI;21
HJXXIII;2022;10;UTI -  PEDIATRICO 2º ANDAR;53
HJXXIII;2022;11;BLOCO CIRURGICO;41
HJXXIII;2022;11;PRONTO SOCORRO;516
HJXXIII;2022;11;UNIDADE INTERNAÇÃO - CIRURGIA GERAL 4º ANDAR;147
HJXXIII;2022;11;UNIDADE INTERNAÇÃO - CIRURGIA PLÁSTICA 7º ANDAR;98
HJXXIII;2022;11;UNIDADE INTERNAÇÃO - CLINICA CUIDADOS PROGRESSIVOS 3º ANDAR;5
HJXXIII;2022;11;UNIDADE INTERNAÇÃO - CLINICA MÉDICA 6º ANDAR;45
HJXXIII;2022;11;UNIDADE INTERNAÇÃO - CLINICA NEUROLOGICA 5º ANDAR;51
HJXXIII;2022;11;UNIDADE INTERNAÇÃO - QUEIMADOS GRAVES 9º ANDAR;1
HJXXIII;2022;11;UNIDADE INTERNAÇÃO - QUEIMADOS MÉDIOS - 8º ANDAR;27
HJXXIII;2022;11;UTI;20
HJXXIII;2022;11;UTI -  PEDIATRICO 2º ANDAR;54
HJXXIII;2022;12;BLOCO CIRURGICO;38
HJXXIII;2022;12;PRONTO SOCORRO;516
HJXXIII;2022;12;UNIDADE INTERNAÇÃO - CIRURGIA GERAL 4º ANDAR;152
HJXXIII;2022;12;UNIDADE INTERNAÇÃO - CIRURGIA PLÁSTICA 7º ANDAR;109
HJXXIII;2022;12;UNIDADE INTERNAÇÃO - CLINICA CUIDADOS PROGRESSIVOS 3º ANDAR;12
HJXXIII;2022;12;UNIDADE INTERNAÇÃO - CLINICA MÉDICA 6º ANDAR;55
HJXXIII;2022;12;UNIDADE INTERNAÇÃO - CLINICA NEUROLOGICA 5º ANDAR;51
HJXXIII;2022;12;UNIDADE INTERNAÇÃO - QUEIMADOS MÉDIOS - 8º ANDAR;20
HJXXIII;2022;12;UTI;24
HJXXIII;2022;12;UTI -  PEDIATRICO 2º ANDAR;37
HMAL;2022;1;UNIDADE DE INTERNAÇÃO - TRAUMATO/ORTOPEDIA A;56
HMAL;2022;1;UNIDADE INTERNAÇÃO - BUCO TRAUMATO ORTOPEDIA 2º ANDAR;62
HMAL;2022;2;UNIDADE DE INTERNAÇÃO - TRAUMATO/ORTOPEDIA A;57
HMAL;2022;2;UNIDADE DE INTERNAÇÃO - TRAUMATO/ORTOPEDIA B;35
HMAL;2022;2;UNIDADE INTERNAÇÃO - BUCO TRAUMATO ORTOPEDIA 2º ANDAR;55
HMAL;2022;3;UNIDADE DE INTERNAÇÃO - TRAUMATO/ORTOPEDIA A;76
HMAL;2022;3;UNIDADE DE INTERNAÇÃO - TRAUMATO/ORTOPEDIA B;62
HMAL;2022;3;UNIDADE INTERNAÇÃO - BUCO TRAUMATO ORTOPEDIA 2º ANDAR;90
HMAL;2022;4;UNIDADE DE INTERNAÇÃO - TRAUMATO/ORTOPEDIA A;60
HMAL;2022;4;UNIDADE DE INTERNAÇÃO - TRAUMATO/ORTOPEDIA B;56
HMAL;2022;4;UNIDADE INTERNAÇÃO - BUCO TRAUMATO ORTOPEDIA 2º ANDAR;80
HMAL;2022;5;UNIDADE DE INTERNAÇÃO - TRAUMATO/ORTOPEDIA A;64
HMAL;2022;5;UNIDADE DE INTERNAÇÃO - TRAUMATO/ORTOPEDIA B;75
HMAL;2022;5;UNIDADE INTERNAÇÃO - BUCO TRAUMATO ORTOPEDIA 2º ANDAR;74
HMAL;2022;6;UNIDADE DE INTERNAÇÃO - TRAUMATO/ORTOPEDIA A;65
HMAL;2022;6;UNIDADE DE INTERNAÇÃO - TRAUMATO/ORTOPEDIA B;73
HMAL;2022;6;UNIDADE INTERNAÇÃO - BUCO TRAUMATO ORTOPEDIA 2º ANDAR;59
HMAL;2022;7;UNIDADE DE INTERNAÇÃO - TRAUMATO/ORTOPEDIA A;89
HMAL;2022;7;UNIDADE DE INTERNAÇÃO - TRAUMATO/ORTOPEDIA B;110
HMAL;2022;8;UNIDADE DE INTERNAÇÃO - TRAUMATO/ORTOPEDIA A;82
HMAL;2022;8;UNIDADE DE INTERNAÇÃO - TRAUMATO/ORTOPEDIA B;81
HMAL;2022;9;UNIDADE DE INTERNAÇÃO - TRAUMATO/ORTOPEDIA A;99
HMAL;2022;9;UNIDADE DE INTERNAÇÃO - TRAUMATO/ORTOPEDIA B;107
HMAL;2022;10;UNIDADE DE INTERNAÇÃO - TRAUMATO/ORTOPEDIA A;98
HMAL;2022;10;UNIDADE DE INTERNAÇÃO - TRAUMATO/ORTOPEDIA B;88
HMAL;2022;11;UNIDADE DE INTERNAÇÃO - TRAUMATO/ORTOPEDIA A;78
HMAL;2022;11;UNIDADE DE INTERNAÇÃO - TRAUMATO/ORTOPEDIA B;98
HMAL;2022;12;UNIDADE DE INTERNAÇÃO - TRAUMATO/ORTOPEDIA A;80
HMAL;2022;12;UNIDADE DE INTERNAÇÃO - TRAUMATO/ORTOPEDIA B;105
HRAD;2022;1;ALOJAMENTO CONJUNTO;148
HRAD;2022;1;BLOCO OBSTÉTRICO;3
HRAD;2022;1;OBSERVAÇÃO;76
HRAD;2022;1;UNIDADE INTERNAÇÃO - CIRURGIA GERAL;89
HRAD;2022;1;UNIDADE INTERNAÇÃO - CLINICA MÉDICA;47
HRAD;2022;1;UNIDADE INTERNAÇÃO - CLINICA ORTOPÉDICA;77
HRAD;2022;1;UNIDADE INTERNAÇÃO - CLINICA PEDIÁTRICA;40
HRAD;2022;1;UTI;16
HRAD;2022;1;UTI - NEONATAL;5
HRAD;2022;2;ALOJAMENTO CONJUNTO;133
HRAD;2022;2;BLOCO OBSTÉTRICO;2
HRAD;2022;2;OBSERVAÇÃO;120
HRAD;2022;2;UNIDADE INTERNAÇÃO - CIRURGIA GERAL;94
HRAD;2022;2;UNIDADE INTERNAÇÃO - CLINICA MÉDICA;67
HRAD;2022;2;UNIDADE INTERNAÇÃO - CLINICA ORTOPÉDICA;75
HRAD;2022;2;UNIDADE INTERNAÇÃO - CLINICA PEDIÁTRICA;33
HRAD;2022;2;UTI;14
HRAD;2022;2;UTI - NEONATAL;2
HRAD;2022;3;ALOJAMENTO CONJUNTO;166
HRAD;2022;3;AMBULATORIO - RETORNOS;1
HRAD;2022;3;BLOCO OBSTÉTRICO;4
HRAD;2022;3;OBSERVAÇÃO;148
HRAD;2022;3;UNIDADE INTERNAÇÃO - CIRURGIA GERAL;69
HRAD;2022;3;UNIDADE INTERNAÇÃO - CLINICA MÉDICA;54
HRAD;2022;3;UNIDADE INTERNAÇÃO - CLINICA ORTOPÉDICA;82
HRAD;2022;3;UNIDADE INTERNAÇÃO - CLINICA PEDIÁTRICA;56
HRAD;2022;3;UTI;11
HRAD;2022;3;UTI - NEONATAL;5
HRAD;2022;4;ALOJAMENTO CONJUNTO;146
HRAD;2022;4;BLOCO OBSTÉTRICO;5
HRAD;2022;4;OBSERVAÇÃO;121
HRAD;2022;4;UNIDADE INTERNAÇÃO - CIRURGIA GERAL;95
HRAD;2022;4;UNIDADE INTERNAÇÃO - CLINICA MÉDICA;53
HRAD;2022;4;UNIDADE INTERNAÇÃO - CLINICA ORTOPÉDICA;103
HRAD;2022;4;UNIDADE INTERNAÇÃO - CLINICA PEDIÁTRICA;47
HRAD;2022;4;UTI;20
HRAD;2022;4;UTI - NEONATAL;2
HRAD;2022;5;ALOJAMENTO CONJUNTO;150
HRAD;2022;5;AMBULATORIO - RETORNOS;1
HRAD;2022;5;OBSERVAÇÃO;137
HRAD;2022;5;UNIDADE INTERNAÇÃO - CIRURGIA GERAL;85
HRAD;2022;5;UNIDADE INTERNAÇÃO - CLINICA MÉDICA;47
HRAD;2022;5;UNIDADE INTERNAÇÃO - CLINICA ORTOPÉDICA;117
HRAD;2022;5;UNIDADE INTERNAÇÃO - CLINICA PEDIÁTRICA;45
HRAD;2022;5;UTI;12
HRAD;2022;5;UTI - NEONATAL;3
HRAD;2022;6;ALOJAMENTO CONJUNTO;135
HRAD;2022;6;BLOCO OBSTÉTRICO;3
HRAD;2022;6;OBSERVAÇÃO;130
HRAD;2022;6;UNIDADE INTERNAÇÃO - CIRURGIA GERAL;86
HRAD;2022;6;UNIDADE INTERNAÇÃO - CLINICA MÉDICA;42
HRAD;2022;6;UNIDADE INTERNAÇÃO - CLINICA ORTOPÉDICA;132
HRAD;2022;6;UNIDADE INTERNAÇÃO - CLINICA PEDIÁTRICA;44
HRAD;2022;6;UTI;2
HRAD;2022;6;UTI - NEONATAL;4
HRAD;2022;7;ALOJAMENTO CONJUNTO;138
HRAD;2022;7;BLOCO OBSTÉTRICO;3
HRAD;2022;7;OBSERVAÇÃO;122
HRAD;2022;7;UNIDADE INTERNAÇÃO - CIRURGIA GERAL;63
HRAD;2022;7;UNIDADE INTERNAÇÃO - CLINICA MÉDICA;43
HRAD;2022;7;UNIDADE INTERNAÇÃO - CLINICA ORTOPÉDICA;91
HRAD;2022;7;UNIDADE INTERNAÇÃO - CLINICA PEDIÁTRICA;53
HRAD;2022;7;UTI;6
HRAD;2022;8;ALOJAMENTO CONJUNTO;153
HRAD;2022;8;BLOCO OBSTÉTRICO;4
HRAD;2022;8;OBSERVAÇÃO;143
HRAD;2022;8;UNIDADE INTERNAÇÃO - CIRURGIA GERAL;79
HRAD;2022;8;UNIDADE INTERNAÇÃO - CLINICA MÉDICA;26
HRAD;2022;8;UNIDADE INTERNAÇÃO - CLINICA ORTOPÉDICA;104
HRAD;2022;8;UNIDADE INTERNAÇÃO - CLINICA PEDIÁTRICA;50
HRAD;2022;8;UTI;12
HRAD;2022;8;UTI - NEONATAL;8
HRAD;2022;9;ALOJAMENTO CONJUNTO;121
HRAD;2022;9;BLOCO OBSTÉTRICO;1
HRAD;2022;9;OBSERVAÇÃO;121
HRAD;2022;9;UNIDADE DE DECISAO CLINICA;4
HRAD;2022;9;UNIDADE INTERNAÇÃO - CIRURGIA GERAL;61
HRAD;2022;9;UNIDADE INTERNAÇÃO - CLINICA CIRURGICA;9
HRAD;2022;9;UNIDADE INTERNAÇÃO - CLINICA MÉDICA;56
HRAD;2022;9;UNIDADE INTERNAÇÃO - CLINICA ORTOPÉDICA;79
HRAD;2022;9;UNIDADE INTERNAÇÃO - CLINICA PEDIÁTRICA;41
HRAD;2022;9;UTI;13
HRAD;2022;9;UTI - NEONATAL;2
HRAD;2022;10;ALOJAMENTO CONJUNTO;126
HRAD;2022;10;AMBULATORIO - RETORNOS;2
HRAD;2022;10;OBSERVAÇÃO;3
HRAD;2022;10;UNIDADE DE DECISAO CLINICA;106
HRAD;2022;10;UNIDADE INTERNAÇÃO - CIRURGIA GERAL;1
HRAD;2022;10;UNIDADE INTERNAÇÃO - CLINICA CIRURGICA;76
HRAD;2022;10;UNIDADE INTERNAÇÃO - CLINICA MÉDICA;41
HRAD;2022;10;UNIDADE INTERNAÇÃO - CLINICA ORTOPÉDICA;101
HRAD;2022;10;UNIDADE INTERNAÇÃO - CLINICA PEDIÁTRICA;37
HRAD;2022;10;UTI - ADULTO;11
HRAD;2022;10;UTI - NEONATAL;2
HRAD;2022;11;ALOJAMENTO CONJUNTO;149
HRAD;2022;11;UNIDADE DE DECISAO CLINICA;123
HRAD;2022;11;UNIDADE INTERNAÇÃO - CLINICA CIRURGICA;81
HRAD;2022;11;UNIDADE INTERNAÇÃO - CLINICA MÉDICA;42
HRAD;2022;11;UNIDADE INTERNAÇÃO - CLINICA ORTOPÉDICA;95
HRAD;2022;11;UNIDADE INTERNAÇÃO - CLINICA PEDIÁTRICA;49
HRAD;2022;11;UTI - ADULTO;13
HRAD;2022;11;UTI - NEONATAL;5
HRAD;2022;12;ALOJAMENTO CONJUNTO;140
HRAD;2022;12;BLOCO OBSTÉTRICO;5
HRAD;2022;12;UNIDADE DE DECISAO CLINICA;114
HRAD;2022;12;UNIDADE INTERNAÇÃO - CLINICA CIRURGICA;84
HRAD;2022;12;UNIDADE INTERNAÇÃO - CLINICA MÉDICA;57
HRAD;2022;12;UNIDADE INTERNAÇÃO - CLINICA ORTOPÉDICA;101
HRAD;2022;12;UNIDADE INTERNAÇÃO - CLINICA PEDIÁTRICA;56
HRAD;2022;12;UTI - ADULTO;16
HRAD;2022;12;UTI - NEONATAL;6
HRBJA;2022;1;UNIDADE INTERNAÇÃO - CLINICA CIRURGICA;51
HRBJA;2022;1;UNIDADE INTERNAÇÃO - CLINICA MÉDICA;119
HRBJA;2022;1;UTI - ADULTO;11
HRBJA;2022;2;UNIDADE INTERNAÇÃO - CLINICA CIRURGICA;65
HRBJA;2022;2;UNIDADE INTERNAÇÃO - CLINICA MÉDICA;84
HRBJA;2022;2;UTI - ADULTO;6
HRBJA;2022;3;UNIDADE INTERNAÇÃO - CLINICA CIRURGICA;71
HRBJA;2022;3;UNIDADE INTERNAÇÃO - CLINICA MÉDICA;119
HRBJA;2022;3;UTI - ADULTO;6
HRBJA;2022;4;UNIDADE INTERNAÇÃO - CLINICA CIRURGICA;57
HRBJA;2022;4;UNIDADE INTERNAÇÃO - CLINICA MÉDICA;100
HRBJA;2022;4;UTI - ADULTO;7
HRBJA;2022;5;UNIDADE INTERNAÇÃO - CLINICA CIRURGICA;64
HRBJA;2022;5;UNIDADE INTERNAÇÃO - CLINICA MÉDICA;117
HRBJA;2022;5;UTI - ADULTO;9
HRBJA;2022;6;UNIDADE INTERNAÇÃO - CLINICA CIRURGICA;55
HRBJA;2022;6;UNIDADE INTERNAÇÃO - CLINICA MÉDICA;107
HRBJA;2022;6;UTI - ADULTO;4
HRBJA;2022;7;UNIDADE INTERNAÇÃO - CLINICA CIRURGICA;76
HRBJA;2022;7;UNIDADE INTERNAÇÃO - CLINICA MÉDICA;144
HRBJA;2022;7;UTI - ADULTO;6
HRBJA;2022;8;UNIDADE INTERNAÇÃO - CLINICA CIRURGICA;60
HRBJA;2022;8;UNIDADE INTERNAÇÃO - CLINICA MÉDICA;143
HRBJA;2022;8;UTI - ADULTO;8
HRBJA;2022;9;UNIDADE INTERNAÇÃO - CLINICA CIRURGICA;75
HRBJA;2022;9;UNIDADE INTERNAÇÃO - CLINICA MÉDICA;122
HRBJA;2022;9;UTI - ADULTO;8
HRBJA;2022;10;UNIDADE INTERNAÇÃO - CLINICA CIRURGICA;71
HRBJA;2022;10;UNIDADE INTERNAÇÃO - CLINICA MÉDICA;109
HRBJA;2022;10;UTI - ADULTO;6
HRBJA;2022;11;UNIDADE INTERNAÇÃO - CLINICA CIRURGICA;56
HRBJA;2022;11;UNIDADE INTERNAÇÃO - CLINICA MÉDICA;105
HRBJA;2022;11;UTI - ADULTO;2
HRBJA;2022;12;UNIDADE INTERNAÇÃO - CLINICA CIRURGICA;66
HRBJA;2022;12;UNIDADE INTERNAÇÃO - CLINICA MÉDICA;129
HRBJA;2022;12;UTI - ADULTO;7
HRJP;2022;1;ALOJAMENTO CONJUNTO;140
HRJP;2022;1;BLOCO CIRURGICO;3
HRJP;2022;1;BLOCO OBSTÉTRICO;1
HRJP;2022;1;UNIDADE INTERNAÇÃO - CLINICA MÉDICA ALA A;28
HRJP;2022;1;UNIDADE INTERNAÇÃO - CLINICA MÉDICA ALA B;20
HRJP;2022;1;UNIDADE INTERNAÇÃO - CLINICA PEDIÁTRICA;74
HRJP;2022;1;UNIDADE INTERNAÇÃO - CLINICA TISIOLÓGICA ALA C;35
HRJP;2022;1;UTI - ADULTO;6
HRJP;2022;1;UTI - NEONATAL;4
HRJP;2022;1;UTI PEDIATRICA;3
HRJP;2022;2;ALOJAMENTO CONJUNTO;136
HRJP;2022;2;BLOCO CIRURGICO;3
HRJP;2022;2;BLOCO OBSTÉTRICO;1
HRJP;2022;2;UNIDADE INTERNAÇÃO - CLINICA MÉDICA ALA A;31
HRJP;2022;2;UNIDADE INTERNAÇÃO - CLINICA MÉDICA ALA B;36
HRJP;2022;2;UNIDADE INTERNAÇÃO - CLINICA PEDIÁTRICA;65
HRJP;2022;2;UNIDADE INTERNAÇÃO - CLINICA TISIOLÓGICA ALA C;37
HRJP;2022;2;UTI - ADULTO;3
HRJP;2022;2;UTI - NEONATAL;21
HRJP;2022;2;UTI PEDIATRICA;5
HRJP;2022;3;ALOJAMENTO CONJUNTO;135
HRJP;2022;3;BLOCO CIRURGICO;3
HRJP;2022;3;BLOCO OBSTÉTRICO;1
HRJP;2022;3;UNIDADE INTERNAÇÃO - CLINICA MÉDICA ALA A;39
HRJP;2022;3;UNIDADE INTERNAÇÃO - CLINICA MÉDICA ALA B;46
HRJP;2022;3;UNIDADE INTERNAÇÃO - CLINICA PEDIÁTRICA;90
HRJP;2022;3;UNIDADE INTERNAÇÃO - CLINICA TISIOLÓGICA ALA C;41
HRJP;2022;3;UTI - ADULTO;10
HRJP;2022;3;UTI - NEONATAL;11
HRJP;2022;3;UTI PEDIATRICA;3
HRJP;2022;4;ALOJAMENTO CONJUNTO;152
HRJP;2022;4;BLOCO CIRURGICO;4
HRJP;2022;4;BLOCO OBSTÉTRICO;2
HRJP;2022;4;UNIDADE INTERNAÇÃO - CLINICA MÉDICA ALA A;35
HRJP;2022;4;UNIDADE INTERNAÇÃO - CLINICA MÉDICA ALA B;40
HRJP;2022;4;UNIDADE INTERNAÇÃO - CLINICA PEDIÁTRICA;107
HRJP;2022;4;UNIDADE INTERNAÇÃO - CLINICA TISIOLÓGICA ALA C;33
HRJP;2022;4;UTI - ADULTO;16
HRJP;2022;4;UTI - NEONATAL;2
HRJP;2022;4;UTI PEDIATRICA;5
HRJP;2022;5;ALOJAMENTO CONJUNTO;142
HRJP;2022;5;BLOCO CIRURGICO;9
HRJP;2022;5;BLOCO OBSTÉTRICO;2
HRJP;2022;5;UNIDADE INTERNAÇÃO - CLINICA MÉDICA ALA A;65
HRJP;2022;5;UNIDADE INTERNAÇÃO - CLINICA MÉDICA ALA B;43
HRJP;2022;5;UNIDADE INTERNAÇÃO - CLINICA PEDIÁTRICA;107
HRJP;2022;5;UNIDADE INTERNAÇÃO - CLINICA TISIOLÓGICA ALA C;39
HRJP;2022;5;UTI - ADULTO;6
HRJP;2022;5;UTI - NEONATAL;4
HRJP;2022;5;UTI PEDIATRICA;2
HRJP;2022;6;ALOJAMENTO CONJUNTO;119
HRJP;2022;6;BLOCO CIRURGICO;6
HRJP;2022;6;BLOCO OBSTÉTRICO;2
HRJP;2022;6;UNIDADE INTERNAÇÃO - CLINICA CIRURGICA ALA A;17
HRJP;2022;6;UNIDADE INTERNAÇÃO - CLINICA CIRURGICA ALA B;16
HRJP;2022;6;UNIDADE INTERNAÇÃO - CLINICA MÉDICA ALA A;14
HRJP;2022;6;UNIDADE INTERNAÇÃO - CLINICA MÉDICA ALA B;12
HRJP;2022;6;UNIDADE INTERNAÇÃO - CLINICA MÉDICA ALA C;34
HRJP;2022;6;UNIDADE INTERNAÇÃO - CLINICA PEDIÁTRICA;77
HRJP;2022;6;UNIDADE INTERNAÇÃO - CLINICA TISIOLÓGICA ALA B;10
HRJP;2022;6;UNIDADE INTERNAÇÃO - CLINICA TISIOLÓGICA ALA C;8
HRJP;2022;6;UNIDADE INTERNAÇÃO - PSIQUIATRIA ALA A;6
HRJP;2022;6;UNIDADE INTERNAÇÃO - PSIQUIATRIA ALA C;5
HRJP;2022;6;UTI - ADULTO;10
HRJP;2022;6;UTI - NEONATAL;5
HRJP;2022;6;UTI PEDIATRICA;1
HRJP;2022;7;ALOJAMENTO CONJUNTO;137
HRJP;2022;7;BLOCO CIRURGICO;11
HRJP;2022;7;UNIDADE INTERNAÇÃO - CLINICA CIRURGICA ALA A;32
HRJP;2022;7;UNIDADE INTERNAÇÃO - CLINICA CIRURGICA ALA B;18
HRJP;2022;7;UNIDADE INTERNAÇÃO - CLINICA MÉDICA ALA A;14
HRJP;2022;7;UNIDADE INTERNAÇÃO - CLINICA MÉDICA ALA B;12
HRJP;2022;7;UNIDADE INTERNAÇÃO - CLINICA MÉDICA ALA C;42
HRJP;2022;7;UNIDADE INTERNAÇÃO - CLINICA PEDIÁTRICA;75
HRJP;2022;7;UNIDADE INTERNAÇÃO - CLINICA TISIOLÓGICA ALA B;3
HRJP;2022;7;UNIDADE INTERNAÇÃO - CLINICA TISIOLÓGICA ALA C;4
HRJP;2022;7;UNIDADE INTERNAÇÃO - PSIQUIATRIA ALA A;11
HRJP;2022;7;UNIDADE INTERNAÇÃO - PSIQUIATRIA ALA C;5
HRJP;2022;7;UTI - ADULTO;9
HRJP;2022;7;UTI - NEONATAL;3
HRJP;2022;7;UTI PEDIATRICA;1
HRJP;2022;8;ALOJAMENTO CONJUNTO;120
HRJP;2022;8;BLOCO CIRURGICO;13
HRJP;2022;8;BLOCO OBSTÉTRICO;1
HRJP;2022;8;UNIDADE INTERNAÇÃO - CLINICA CIRURGICA ALA A;25
HRJP;2022;8;UNIDADE INTERNAÇÃO - CLINICA CIRURGICA ALA B;35
HRJP;2022;8;UNIDADE INTERNAÇÃO - CLINICA MÉDICA ALA A;15
HRJP;2022;8;UNIDADE INTERNAÇÃO - CLINICA MÉDICA ALA B;11
HRJP;2022;8;UNIDADE INTERNAÇÃO - CLINICA MÉDICA ALA C;33
HRJP;2022;8;UNIDADE INTERNAÇÃO - CLINICA PEDIÁTRICA;89
HRJP;2022;8;UNIDADE INTERNAÇÃO - CLINICA TISIOLÓGICA ALA C;6
HRJP;2022;8;UNIDADE INTERNAÇÃO - PSIQUIATRIA ALA A;8
HRJP;2022;8;UNIDADE INTERNAÇÃO - PSIQUIATRIA ALA C;5
HRJP;2022;8;UTI - ADULTO;11
HRJP;2022;8;UTI - NEONATAL;1
HRJP;2022;8;UTI PEDIATRICA;2
HRJP;2022;9;ALOJAMENTO CONJUNTO;115
HRJP;2022;9;BLOCO CIRURGICO;6
HRJP;2022;9;UNIDADE INTERNAÇÃO - CLINICA CIRURGICA ALA A;24
HRJP;2022;9;UNIDADE INTERNAÇÃO - CLINICA CIRURGICA ALA B;29
HRJP;2022;9;UNIDADE INTERNAÇÃO - CLINICA MÉDICA ALA A;12
HRJP;2022;9;UNIDADE INTERNAÇÃO - CLINICA MÉDICA ALA B;11
HRJP;2022;9;UNIDADE INTERNAÇÃO - CLINICA MÉDICA ALA C;34
HRJP;2022;9;UNIDADE INTERNAÇÃO - CLINICA PEDIÁTRICA;71
HRJP;2022;9;UNIDADE INTERNAÇÃO - CLINICA TISIOLÓGICA ALA C;3
HRJP;2022;9;UNIDADE INTERNAÇÃO - PSIQUIATRIA ALA A;16
HRJP;2022;9;UNIDADE INTERNAÇÃO - PSIQUIATRIA ALA C;10
HRJP;2022;9;UTI - ADULTO;3
HRJP;2022;9;UTI - NEONATAL;5
HRJP;2022;9;UTI PEDIATRICA;1
HRJP;2022;10;ALOJAMENTO CONJUNTO;102
HRJP;2022;10;BLOCO CIRURGICO;7
HRJP;2022;10;BLOCO OBSTÉTRICO;2
HRJP;2022;10;UNIDADE INTERNAÇÃO - CLINICA CIRURGICA ALA A;29
HRJP;2022;10;UNIDADE INTERNAÇÃO - CLINICA CIRURGICA ALA B;33
HRJP;2022;10;UNIDADE INTERNAÇÃO - CLINICA MÉDICA ALA A;18
HRJP;2022;10;UNIDADE INTERNAÇÃO - CLINICA MÉDICA ALA B;10
HRJP;2022;10;UNIDADE INTERNAÇÃO - CLINICA MÉDICA ALA C;27
HRJP;2022;10;UNIDADE INTERNAÇÃO - CLINICA PEDIÁTRICA;72
HRJP;2022;10;UNIDADE INTERNAÇÃO - CLINICA TISIOLÓGICA ALA C;1
HRJP;2022;10;UNIDADE INTERNAÇÃO - PSIQUIATRIA ALA A;14
HRJP;2022;10;UNIDADE INTERNAÇÃO - PSIQUIATRIA ALA C;8
HRJP;2022;10;UTI - ADULTO;9
HRJP;2022;10;UTI - NEONATAL;5
HRJP;2022;11;ALOJAMENTO CONJUNTO;110
HRJP;2022;11;BLOCO CIRURGICO;15
HRJP;2022;11;UNIDADE INTERNAÇÃO - CLINICA CIRURGICA ALA A;27
HRJP;2022;11;UNIDADE INTERNAÇÃO - CLINICA CIRURGICA ALA B;18
HRJP;2022;11;UNIDADE INTERNAÇÃO - CLINICA MÉDICA ALA A;10
HRJP;2022;11;UNIDADE INTERNAÇÃO - CLINICA MÉDICA ALA B;20
HRJP;2022;11;UNIDADE INTERNAÇÃO - CLINICA MÉDICA ALA C;29
HRJP;2022;11;UNIDADE INTERNAÇÃO - CLINICA PEDIÁTRICA;81
HRJP;2022;11;UNIDADE INTERNAÇÃO - CLINICA TISIOLÓGICA ALA B;1
HRJP;2022;11;UNIDADE INTERNAÇÃO - CLINICA TISIOLÓGICA ALA C;2
HRJP;2022;11;UNIDADE INTERNAÇÃO - PSIQUIATRIA ALA A;13
HRJP;2022;11;UNIDADE INTERNAÇÃO - PSIQUIATRIA ALA C;11
HRJP;2022;11;UTI -  PEDIATRICO;4
HRJP;2022;11;UTI - ADULTO;10
HRJP;2022;11;UTI - NEONATAL;2
HRJP;2022;12;ALOJAMENTO CONJUNTO;125
HRJP;2022;12;BLOCO CIRURGICO;22
HRJP;2022;12;BLOCO OBSTÉTRICO;1
HRJP;2022;12;UNIDADE INTERNAÇÃO - CLINICA CIRURGICA ALA A;38
HRJP;2022;12;UNIDADE INTERNAÇÃO - CLINICA CIRURGICA ALA B;26
HRJP;2022;12;UNIDADE INTERNAÇÃO - CLINICA MÉDICA ALA A;5
HRJP;2022;12;UNIDADE INTERNAÇÃO - CLINICA MÉDICA ALA B;7
HRJP;2022;12;UNIDADE INTERNAÇÃO - CLINICA MÉDICA ALA C;37
HRJP;2022;12;UNIDADE INTERNAÇÃO - CLINICA PEDIÁTRICA;71
HRJP;2022;12;UNIDADE INTERNAÇÃO - CLINICA TISIOLÓGICA ALA B;3
HRJP;2022;12;UNIDADE INTERNAÇÃO - CLINICA TISIOLÓGICA ALA C;3
HRJP;2022;12;UNIDADE INTERNAÇÃO - PSIQUIATRIA ALA A;14
HRJP;2022;12;UNIDADE INTERNAÇÃO - PSIQUIATRIA ALA C;9
HRJP;2022;12;UTI - ADULTO;6
HRJP;2022;12;UTI - NEONATAL;2
IRS;2022;1;UNIDADE DE URGÊNCIA - CLINICA PSIQUIÁTRICA SALA DE OBSERVAÇAO;14
IRS;2022;1;UNIDADE INTERNAÇÃO - PSIQUIATRIA ALA A;12
IRS;2022;1;UNIDADE INTERNAÇÃO - PSIQUIATRIA ALA B;16
IRS;2022;1;UNIDADE INTERNAÇÃO - PSIQUIATRIA ALA C;20
IRS;2022;1;UNIDADE INTERNAÇÃO - PSIQUIATRIA ALA D;3
IRS;2022;1;UNIDADE INTERNAÇÃO - PSIQUIATRIA ALA E;15
IRS;2022;1;UNIDADE INTERNAÇÃO - PSIQUIATRIA ALA F;7
IRS;2022;1;UNIDADE INTERNAÇÃO - PSIQUIATRIA UNIDADE DE TRATAMENTO CLÍNICO;2
IRS;2022;2;UNIDADE DE URGÊNCIA - CLINICA PSIQUIÁTRICA SALA DE OBSERVAÇAO;13
IRS;2022;2;UNIDADE INTERNAÇÃO - PSIQUIATRIA ALA A;19
IRS;2022;2;UNIDADE INTERNAÇÃO - PSIQUIATRIA ALA B;7
IRS;2022;2;UNIDADE INTERNAÇÃO - PSIQUIATRIA ALA C;16
IRS;2022;2;UNIDADE INTERNAÇÃO - PSIQUIATRIA ALA D;2
IRS;2022;2;UNIDADE INTERNAÇÃO - PSIQUIATRIA ALA E;3
IRS;2022;2;UNIDADE INTERNAÇÃO - PSIQUIATRIA ALA F;1
IRS;2022;2;UNIDADE INTERNAÇÃO - PSIQUIATRIA UNIDADE DE TRATAMENTO CLÍNICO;4
IRS;2022;3;UNIDADE DE URGÊNCIA - CLINICA PSIQUIÁTRICA SALA DE OBSERVAÇAO;13
IRS;2022;3;UNIDADE INTERNAÇÃO - PSIQUIATRIA ALA A;19
IRS;2022;3;UNIDADE INTERNAÇÃO - PSIQUIATRIA ALA B;13
IRS;2022;3;UNIDADE INTERNAÇÃO - PSIQUIATRIA ALA C;37
IRS;2022;3;UNIDADE INTERNAÇÃO - PSIQUIATRIA ALA E;19
IRS;2022;3;UNIDADE INTERNAÇÃO - PSIQUIATRIA UNIDADE DE TRATAMENTO CLÍNICO;3
IRS;2022;4;UNIDADE DE URGÊNCIA - CLINICA PSIQUIÁTRICA SALA DE OBSERVAÇAO;11
IRS;2022;4;UNIDADE INTERNAÇÃO - PSIQUIATRIA ALA A;18
IRS;2022;4;UNIDADE INTERNAÇÃO - PSIQUIATRIA ALA B;19
IRS;2022;4;UNIDADE INTERNAÇÃO - PSIQUIATRIA ALA C;29
IRS;2022;4;UNIDADE INTERNAÇÃO - PSIQUIATRIA ALA E;11
IRS;2022;4;UNIDADE INTERNAÇÃO - PSIQUIATRIA ALA F;1
IRS;2022;4;UNIDADE INTERNAÇÃO - PSIQUIATRIA UNIDADE DE TRATAMENTO CLÍNICO;5
IRS;2022;5;UNIDADE DE URGÊNCIA - CLINICA PSIQUIÁTRICA SALA DE OBSERVAÇAO;12
IRS;2022;5;UNIDADE INTERNAÇÃO - PSIQUIATRIA ALA A;27
IRS;2022;5;UNIDADE INTERNAÇÃO - PSIQUIATRIA ALA B;17
IRS;2022;5;UNIDADE INTERNAÇÃO - PSIQUIATRIA ALA C;41
IRS;2022;5;UNIDADE INTERNAÇÃO - PSIQUIATRIA ALA E;23
IRS;2022;5;UNIDADE INTERNAÇÃO - PSIQUIATRIA UNIDADE DE TRATAMENTO CLÍNICO;1
IRS;2022;6;AMBULATORIO - PSIQUIATRIA;1
IRS;2022;6;UNIDADE DE URGÊNCIA - CLINICA PSIQUIÁTRICA SALA DE OBSERVAÇAO;13
IRS;2022;6;UNIDADE INTERNAÇÃO - PSIQUIATRIA ALA A;19
IRS;2022;6;UNIDADE INTERNAÇÃO - PSIQUIATRIA ALA B;15
IRS;2022;6;UNIDADE INTERNAÇÃO - PSIQUIATRIA ALA C;29
IRS;2022;6;UNIDADE INTERNAÇÃO - PSIQUIATRIA ALA D;2
IRS;2022;6;UNIDADE INTERNAÇÃO - PSIQUIATRIA ALA E;12
IRS;2022;6;UNIDADE INTERNAÇÃO - PSIQUIATRIA UNIDADE DE TRATAMENTO CLÍNICO;2
IRS;2022;7;AMBULATORIO - PSIQUIATRIA;2
IRS;2022;7;UNIDADE DE URGÊNCIA - CLINICA PSIQUIÁTRICA SALA DE OBSERVAÇAO;6
IRS;2022;7;UNIDADE INTERNAÇÃO - PSIQUIATRIA ALA A;14
IRS;2022;7;UNIDADE INTERNAÇÃO - PSIQUIATRIA ALA B;19
IRS;2022;7;UNIDADE INTERNAÇÃO - PSIQUIATRIA ALA C;26
IRS;2022;7;UNIDADE INTERNAÇÃO - PSIQUIATRIA ALA D;1
IRS;2022;7;UNIDADE INTERNAÇÃO - PSIQUIATRIA ALA E;17
IRS;2022;7;UNIDADE INTERNAÇÃO - PSIQUIATRIA UNIDADE DE TRATAMENTO CLÍNICO;4
IRS;2022;8;UNIDADE DE URGÊNCIA - CLINICA PSIQUIÁTRICA SALA DE OBSERVAÇAO;3
IRS;2022;8;UNIDADE INTERNAÇÃO - PSIQUIATRIA ALA A;17
IRS;2022;8;UNIDADE INTERNAÇÃO - PSIQUIATRIA ALA B;18
IRS;2022;8;UNIDADE INTERNAÇÃO - PSIQUIATRIA ALA C;36
IRS;2022;8;UNIDADE INTERNAÇÃO - PSIQUIATRIA ALA E;17
IRS;2022;8;UNIDADE INTERNAÇÃO - PSIQUIATRIA UNIDADE DE TRATAMENTO CLÍNICO;3
IRS;2022;9;UNIDADE DE URGÊNCIA - CLINICA PSIQUIÁTRICA SALA DE OBSERVAÇAO;9
IRS;2022;9;UNIDADE INTERNAÇÃO - PSIQUIATRIA ALA A;18
IRS;2022;9;UNIDADE INTERNAÇÃO - PSIQUIATRIA ALA B;27
IRS;2022;9;UNIDADE INTERNAÇÃO - PSIQUIATRIA ALA C;26
IRS;2022;9;UNIDADE INTERNAÇÃO - PSIQUIATRIA ALA E;14
IRS;2022;9;UNIDADE INTERNAÇÃO - PSIQUIATRIA UNIDADE DE TRATAMENTO CLÍNICO;1
IRS;2022;10;UNIDADE DE URGÊNCIA - CLINICA PSIQUIÁTRICA SALA DE OBSERVAÇAO;7
IRS;2022;10;UNIDADE INTERNAÇÃO - PSIQUIATRIA ALA A;25
IRS;2022;10;UNIDADE INTERNAÇÃO - PSIQUIATRIA ALA B;18
IRS;2022;10;UNIDADE INTERNAÇÃO - PSIQUIATRIA ALA C;23
IRS;2022;10;UNIDADE INTERNAÇÃO - PSIQUIATRIA ALA E;12
IRS;2022;10;UNIDADE INTERNAÇÃO - PSIQUIATRIA ALA F;1
IRS;2022;10;UNIDADE INTERNAÇÃO - PSIQUIATRIA UNIDADE DE TRATAMENTO CLÍNICO;3
IRS;2022;11;UNIDADE DE URGÊNCIA - CLINICA PSIQUIÁTRICA SALA DE OBSERVAÇAO;10
IRS;2022;11;UNIDADE INTERNAÇÃO - PSIQUIATRIA ALA A;21
IRS;2022;11;UNIDADE INTERNAÇÃO - PSIQUIATRIA ALA B;25
IRS;2022;11;UNIDADE INTERNAÇÃO - PSIQUIATRIA ALA C;32
IRS;2022;11;UNIDADE INTERNAÇÃO - PSIQUIATRIA ALA D;1
IRS;2022;11;UNIDADE INTERNAÇÃO - PSIQUIATRIA ALA E;23
IRS;2022;11;UNIDADE INTERNAÇÃO - PSIQUIATRIA ALA F;1
IRS;2022;11;UNIDADE INTERNAÇÃO - PSIQUIATRIA UNIDADE DE TRATAMENTO CLÍNICO;2
IRS;2022;12;UNIDADE DE URGÊNCIA - CLINICA PSIQUIÁTRICA SALA DE OBSERVAÇAO;3
IRS;2022;12;UNIDADE INTERNAÇÃO - PSIQUIATRIA ALA A;19
IRS;2022;12;UNIDADE INTERNAÇÃO - PSIQUIATRIA ALA B;10
IRS;2022;12;UNIDADE INTERNAÇÃO - PSIQUIATRIA ALA C;16
IRS;2022;12;UNIDADE INTERNAÇÃO - PSIQUIATRIA ALA E;15
IRS;2022;12;UNIDADE INTERNAÇÃO - PSIQUIATRIA ALA F;3
IRS;2022;12;UNIDADE INTERNAÇÃO - PSIQUIATRIA UNIDADE DE TRATAMENTO CLÍNICO;1
MOV;2022;1;ALOJAMENTO CONJUNTO;223
MOV;2022;1;AMBULATORIO - ESPECIALIDADES;1
MOV;2022;1;AMBULATORIO DE GINECOLOGIA CIRURGICA;1
MOV;2022;1;PRÉ-PARTO;28
MOV;2022;1;UNIDADE INTEMEDIARIA NEONATAL;25
MOV;2022;1;UNIDADE INTERNAÇÃO - ALTO RISCO OBSTETRICO;95
MOV;2022;1;UNIDADE INTERNAÇÃO - CLINICA CIRURGICA;82
MOV;2022;1;UNIDADE URGENCIA/EMERGENCIA;3
MOV;2022;1;UTI;10
MOV;2022;1;UTI - NEONATAL;3
MOV;2022;2;ALOJAMENTO CONJUNTO;231
MOV;2022;2;PRÉ-PARTO;22
MOV;2022;2;UNIDADE INTEMEDIARIA NEONATAL;16
MOV;2022;2;UNIDADE INTERNAÇÃO - ALTO RISCO OBSTETRICO;77
MOV;2022;2;UNIDADE INTERNAÇÃO - CLINICA CIRURGICA;114
MOV;2022;2;UNIDADE URGENCIA/EMERGENCIA;4
MOV;2022;2;UTI;16
MOV;2022;2;UTI - NEONATAL;1
MOV;2022;3;ALOJAMENTO CONJUNTO;263
MOV;2022;3;AMBULATORIO DE GINECOLOGIA CIRURGICA;1
MOV;2022;3;PRÉ-PARTO;20
MOV;2022;3;UNIDADE INTEMEDIARIA NEONATAL;21
MOV;2022;3;UNIDADE INTERNAÇÃO - ALTO RISCO OBSTETRICO;101
MOV;2022;3;UNIDADE INTERNAÇÃO - CLINICA CIRURGICA;123
MOV;2022;3;UNIDADE URGENCIA/EMERGENCIA;7
MOV;2022;3;UTI;21
MOV;2022;3;UTI - NEONATAL;1
MOV;2022;4;ALOJAMENTO CONJUNTO;228
MOV;2022;4;AMBULATORIO DE MASTOLOGIA;1
MOV;2022;4;PRE-NATAL DE ALTO RISCO E PUERPERIO PATOLOGICO;1
MOV;2022;4;PRÉ-PARTO;25
MOV;2022;4;UNIDADE INTEMEDIARIA NEONATAL;24
MOV;2022;4;UNIDADE INTERNAÇÃO - ALTO RISCO OBSTETRICO;92
MOV;2022;4;UNIDADE INTERNAÇÃO - CLINICA CIRURGICA;96
MOV;2022;4;UNIDADE URGENCIA/EMERGENCIA;6
MOV;2022;4;UTI;22
MOV;2022;4;UTI - NEONATAL;3
MOV;2022;5;ALOJAMENTO CONJUNTO;265
MOV;2022;5;AMBULATÓRIO - ESPECIALIDADES NÃO MÉDICAS;2
MOV;2022;5;AMBULATORIO DE GINECOLOGIA CIRURGICA;1
MOV;2022;5;PRÉ-PARTO;27
MOV;2022;5;UNIDADE INTEMEDIARIA NEONATAL;22
MOV;2022;5;UNIDADE INTERNAÇÃO - ALTO RISCO OBSTETRICO;91
MOV;2022;5;UNIDADE INTERNAÇÃO - CLINICA CIRURGICA;134
MOV;2022;5;UNIDADE URGENCIA/EMERGENCIA;7
MOV;2022;5;UTI;16
MOV;2022;5;UTI - NEONATAL;6
MOV;2022;6;ALOJAMENTO CONJUNTO;248
MOV;2022;6;AMBULATÓRIO - ESPECIALIDADES NÃO MÉDICAS;1
MOV;2022;6;AMBULATORIO CVVS;1
MOV;2022;6;AMBULATORIO DE GINECOLOGIA CIRURGICA;1
MOV;2022;6;PRE-NATAL DE ALTO RISCO E PUERPERIO PATOLOGICO;1
MOV;2022;6;PRÉ-PARTO;17
MOV;2022;6;UNIDADE INTEMEDIARIA NEONATAL;19
MOV;2022;6;UNIDADE INTERNAÇÃO - ALTO RISCO OBSTETRICO;97
MOV;2022;6;UNIDADE INTERNAÇÃO - CLINICA CIRURGICA;133
MOV;2022;6;UNIDADE URGENCIA/EMERGENCIA;10
MOV;2022;6;UTI;16
MOV;2022;6;UTI - NEONATAL;3
MOV;2022;7;ALOJAMENTO CONJUNTO;264
MOV;2022;7;AMBULATORIO DE GINECOLOGIA CIRURGICA;1
MOV;2022;7;PRÉ-PARTO;18
MOV;2022;7;UNIDADE INTEMEDIARIA NEONATAL;30
MOV;2022;7;UNIDADE INTERNAÇÃO - ALTO RISCO OBSTETRICO;97
MOV;2022;7;UNIDADE INTERNAÇÃO - CLINICA CIRURGICA;131
MOV;2022;7;UNIDADE URGENCIA/EMERGENCIA;9
MOV;2022;7;UTI;19
MOV;2022;7;UTI - NEONATAL;6
MOV;2022;8;ALOJAMENTO CONJUNTO;245
MOV;2022;8;AMBULATORIO CVVS;1
MOV;2022;8;PRÉ-PARTO;28
MOV;2022;8;UNIDADE INTEMEDIARIA NEONATAL;28
MOV;2022;8;UNIDADE INTERNAÇÃO - ALTO RISCO OBSTETRICO;78
MOV;2022;8;UNIDADE INTERNAÇÃO - CLINICA CIRURGICA;123
MOV;2022;8;UNIDADE URGENCIA/EMERGENCIA;1
MOV;2022;8;UTI;19
MOV;2022;8;UTI - NEONATAL;2
MOV;2022;9;ALOJAMENTO CONJUNTO;236
MOV;2022;9;PRE-NATAL DE ALTO RISCO E PUERPERIO PATOLOGICO;1
MOV;2022;9;PRÉ-PARTO;31
MOV;2022;9;UNIDADE INTEMEDIARIA NEONATAL;17
MOV;2022;9;UNIDADE INTERNAÇÃO - ALTO RISCO OBSTETRICO;78
MOV;2022;9;UNIDADE INTERNAÇÃO - CLINICA CIRURGICA;108
MOV;2022;9;UNIDADE URGENCIA/EMERGENCIA;16
MOV;2022;9;UTI;7
MOV;2022;9;UTI - ADULTO;6
MOV;2022;9;UTI - NEONATAL;4
MOV;2022;10;ALOJAMENTO CONJUNTO;213
MOV;2022;10;PRÉ-PARTO;28
MOV;2022;10;UNIDADE INTEMEDIARIA NEONATAL;19
MOV;2022;10;UNIDADE INTERNAÇÃO - ALTO RISCO OBSTETRICO;93
MOV;2022;10;UNIDADE INTERNAÇÃO - CLINICA CIRURGICA;108
MOV;2022;10;UNIDADE URGENCIA/EMERGENCIA;9
MOV;2022;10;UTI - ADULTO;17
MOV;2022;10;UTI - NEONATAL;1
MOV;2022;11;ALOJAMENTO CONJUNTO;218
MOV;2022;11;PRE-NATAL DE ALTO RISCO E PUERPERIO PATOLOGICO;1
MOV;2022;11;PRÉ-PARTO;30
MOV;2022;11;UNIDADE INTEMEDIARIA NEONATAL;28
MOV;2022;11;UNIDADE INTERNAÇÃO - ALTO RISCO OBSTETRICO;92
MOV;2022;11;UNIDADE INTERNAÇÃO - CLINICA CIRURGICA;125
MOV;2022;11;UNIDADE URGENCIA/EMERGENCIA;9
MOV;2022;11;UTI - ADULTO;25
MOV;2022;11;UTI - NEONATAL;4
MOV;2022;12;ALOJAMENTO CONJUNTO;243
MOV;2022;12;PRE-NATAL DE ALTO RISCO E PUERPERIO PATOLOGICO;1
MOV;2022;12;PRÉ-PARTO;20
MOV;2022;12;UNIDADE INTEMEDIARIA NEONATAL;31
MOV;2022;12;UNIDADE INTERNAÇÃO - ALTO RISCO OBSTETRICO;113
MOV;2022;12;UNIDADE INTERNAÇÃO - CLINICA CIRURGICA;119
MOV;2022;12;UNIDADE URGENCIA/EMERGENCIA;8
MOV;2022;12;UTI - ADULTO;26
CHPB;2023;1;CAC - CENTRO DE ACOLHIMENTO DE CRISE;27
CHPB;2023;1;UNIDADE DE CUIDADOS CONTINUADOS INTEGRADOS;13
CHPB;2023;1;UNIDADE INTERNAÇÃO - PSIQUIATRIA;1
CHPB;2023;2;CAC - CENTRO DE ACOLHIMENTO DE CRISE;22
CHPB;2023;2;LAR INCLUSIVO;1
CHPB;2023;2;LAR INCLUSIVO B;3
CHPB;2023;2;UNIDADE DE CUIDADOS CONTINUADOS INTEGRADOS;13
CHPB;2023;3;CAC - CENTRO DE ACOLHIMENTO DE CRISE;31
CHPB;2023;3;LAR INCLUSIVO B;2
CHPB;2023;3;LAR INCLUSIVO C;1
CHPB;2023;3;LAR INCLUSIVO D;1
CHPB;2023;3;UNIDADE DE CUIDADOS CONTINUADOS INTEGRADOS;15
CHPB;2023;4;CAC - CENTRO DE ACOLHIMENTO DE CRISE;26
CHPB;2023;4;LAR INCLUSIVO;1
CHPB;2023;4;UNIDADE DE CUIDADOS CONTINUADOS INTEGRADOS;18
CHPB;2023;4;UNIDADE INTERNAÇÃO - PSIQUIATRIA;1
CHPB;2023;5;CAC - CENTRO DE ACOLHIMENTO DE CRISE;43
CHPB;2023;5;UNIDADE DE CUIDADOS CONTINUADOS INTEGRADOS;15
CHPB;2023;5;UNIDADE INTERNAÇÃO - PSIQUIATRIA;1
CHPB;2023;6;CAC - CENTRO DE ACOLHIMENTO DE CRISE;29
CHPB;2023;6;UNIDADE DE CUIDADOS CONTINUADOS INTEGRADOS;16
CHPB;2023;6;UNIDADE INTERNAÇÃO - PSIQUIATRIA;2
CHPB;2023;7;CAC - CENTRO DE ACOLHIMENTO DE CRISE;37
CHPB;2023;7;UNIDADE DE CUIDADOS CONTINUADOS INTEGRADOS;12
CHPB;2023;8;CAC - CENTRO DE ACOLHIMENTO DE CRISE;25
CHPB;2023;8;UNIDADE DE CUIDADOS CONTINUADOS INTEGRADOS;19
CHPB;2023;9;CAC - CENTRO DE ACOLHIMENTO DE CRISE;22
CHPB;2023;9;UNIDADE DE CUIDADOS CONTINUADOS INTEGRADOS;11
CHPB;2023;10;CAC - CENTRO DE ACOLHIMENTO DE CRISE;36
CHPB;2023;10;UNIDADE DE CUIDADOS CONTINUADOS INTEGRADOS;13
CHPB;2023;10;UNIDADE INTERNAÇÃO - PSIQUIATRIA;1
CHPB;2023;11;CAC - CENTRO DE ACOLHIMENTO DE CRISE;25
CHPB;2023;11;UNIDADE DE CUIDADOS CONTINUADOS INTEGRADOS;11
CHPB;2023;12;CAC - CENTRO DE ACOLHIMENTO DE CRISE;28
CHPB;2023;12;UNIDADE DE CUIDADOS CONTINUADOS INTEGRADOS;19
CHPB;2023;12;UNIDADE INTERNAÇÃO - PSIQUIATRIA;1
CSPD;2023;1;UNIDADE DE CUIDADOS CONTINUADOS INTEGRADOS;8
CSPD;2023;1;UNIDADE INTERNAÇÃO - CLINICA MÉDICA;28
CSPD;2023;2;UNIDADE DE CUIDADOS CONTINUADOS INTEGRADOS;7
CSPD;2023;2;UNIDADE INTERNAÇÃO - CLINICA MÉDICA;16
CSPD;2023;3;UNIDADE DE CUIDADOS CONTINUADOS INTEGRADOS;7
CSPD;2023;3;UNIDADE INTERNAÇÃO - CLINICA MÉDICA;30
CSPD;2023;4;UNIDADE DE CUIDADOS CONTINUADOS INTEGRADOS;8
CSPD;2023;4;UNIDADE INTERNAÇÃO - CLINICA MÉDICA;23
CSPD;2023;5;UNIDADE DE CUIDADOS CONTINUADOS INTEGRADOS;11
CSPD;2023;5;UNIDADE INTERNAÇÃO - CLINICA MÉDICA;32
CSPD;2023;6;UNIDADE DE CUIDADOS CONTINUADOS INTEGRADOS;10
CSPD;2023;6;UNIDADE INTERNAÇÃO - CLINICA MÉDICA;21
CSPD;2023;7;UNIDADE DE CUIDADOS CONTINUADOS INTEGRADOS;11
CSPD;2023;7;UNIDADE INTERNAÇÃO - CLINICA MÉDICA;19
CSPD;2023;8;UNIDADE DE CUIDADOS CONTINUADOS INTEGRADOS;10
CSPD;2023;8;UNIDADE INTERNAÇÃO - CLINICA MÉDICA;32
CSPD;2023;9;UNIDADE DE CUIDADOS CONTINUADOS INTEGRADOS;12
CSPD;2023;9;UNIDADE INTERNAÇÃO - CLINICA MÉDICA;21
CSPD;2023;10;UNIDADE DE CUIDADOS CONTINUADOS INTEGRADOS;31
CSPD;2023;10;UNIDADE INTERNAÇÃO - CLINICA MÉDICA;8
CSPD;2023;11;UNIDADE DE CUIDADOS CONTINUADOS INTEGRADOS;8
CSPD;2023;11;UNIDADE DE INTERNAÇÃO DE CUIDADOS PROLONGADOS;23
CSPD;2023;12;UNIDADE DE INTERNAÇÃO DE CUIDADOS PROLONGADOS;41
CSSFA;2023;1;UNIDADE DE INTERNACAO CCI Cuidados Continuados Integ;13
CSSFA;2023;2;UNIDADE DE INTERNACAO CCI Cuidados Continuados Integ;12
CSSFA;2023;3;UNIDADE DE INTERNACAO CCI Cuidados Continuados Integ;32
CSSFA;2023;3;UNIDADE INTERNAÇÃO - CLINICA MÉDICA;1
CSSFA;2023;4;UNIDADE DE INTERNACAO CCI Cuidados Continuados Integ;18
CSSFA;2023;5;UNIDADE DE INTERNACAO CCI Cuidados Continuados Integ;14
CSSFA;2023;5;UNIDADE INTERNAÇÃO - CLINICA MÉDICA;2
CSSFA;2023;6;UNIDADE DE INTERNACAO CCI Cuidados Continuados Integ;16
CSSFA;2023;6;UNIDADE INTERNAÇÃO - CLINICA MÉDICA;4
CSSFA;2023;7;UNIDADE DE INTERNACAO CCI Cuidados Continuados Integ;12
CSSFA;2023;7;UNIDADE INTERNAÇÃO - CLINICA MÉDICA;4
CSSFA;2023;8;UNIDADE DE INTERNACAO CCI Cuidados Continuados Integ;18
CSSFA;2023;8;UNIDADE INTERNAÇÃO - CLINICA MÉDICA;4
CSSFA;2023;9;UNIDADE DE INTERNACAO CCI Cuidados Continuados Integ;11
CSSFA;2023;9;UNIDADE INTERNAÇÃO - CLINICA MÉDICA;6
CSSFA;2023;10;UNIDADE DE INTERNACAO CCI Cuidados Continuados Integ;19
CSSFA;2023;10;UNIDADE INTERNAÇÃO - CLINICA MÉDICA;5
CSSFA;2023;11;UNIDADE DE INTERNACAO CCI Cuidados Continuados Integ;12
CSSFA;2023;11;UNIDADE INTERNAÇÃO - CLINICA MÉDICA;1
CSSFA;2023;12;UNIDADE DE INTERNACAO CCI Cuidados Continuados Integ;19
CSSFE;2023;1;UNIDADE INTERNAÇÃO - CLINICA MÉDICA;23
CSSFE;2023;2;UNIDADE INTERNAÇÃO - CLINICA MÉDICA;35
CSSFE;2023;3;UNIDADE INTERNAÇÃO - CLINICA MÉDICA;27
CSSFE;2023;4;UNIDADE INTERNAÇÃO - CLINICA MÉDICA;20
CSSFE;2023;5;UNIDADE DE CUIDADOS CONTINUADOS INTEGRADOS;1
CSSFE;2023;5;UNIDADE INTERNAÇÃO - CLINICA MÉDICA;25
CSSFE;2023;6;UNIDADE DE CUIDADOS CONTINUADOS INTEGRADOS;5
CSSFE;2023;6;UNIDADE INTERNAÇÃO - CLINICA MÉDICA;7
CSSFE;2023;7;UNIDADE DE CUIDADOS CONTINUADOS INTEGRADOS;5
CSSFE;2023;7;UNIDADE INTERNAÇÃO - CLINICA MÉDICA;9
CSSFE;2023;8;UNIDADE DE CUIDADOS CONTINUADOS INTEGRADOS;5
CSSFE;2023;8;UNIDADE INTERNAÇÃO - CLINICA MÉDICA;14
CSSFE;2023;9;UNIDADE DE CUIDADOS CONTINUADOS INTEGRADOS;8
CSSFE;2023;9;UNIDADE INTERNAÇÃO - CLINICA MÉDICA;6
CSSFE;2023;10;AMBULATORIO - ESPECIALIDADES;1
CSSFE;2023;10;UNIDADE DE CUIDADOS CONTINUADOS INTEGRADOS;7
CSSFE;2023;10;UNIDADE INTERNAÇÃO - CLINICA MÉDICA;9
CSSFE;2023;11;UNIDADE DE CUIDADOS CONTINUADOS INTEGRADOS;5
CSSFE;2023;11;UNIDADE DE INTERNAÇÃO - CLÍNICA MÉDICA;1
CSSFE;2023;11;UNIDADE INTERNAÇÃO - CLINICA MÉDICA;3
CSSFE;2023;12;UNIDADE DE CUIDADOS PROLONGADOS;4
CSSFE;2023;12;UNIDADE DE INTERNAÇÃO - CLÍNICA MÉDICA;5
CSSI;2023;1;UNIDADE DE CUIDADOS CONTINUADOS INTEGRADOS;7
CSSI;2023;1;UNIDADE INTERNAÇÃO - CLINICA MÉDICA ALA A;18
CSSI;2023;1;UNIDADE INTERNAÇÃO - CLINICA MÉDICA ALA B;16
CSSI;2023;1;UNIDADE URGENCIA/EMERGENCIA;26
CSSI;2023;2;UNIDADE DE CUIDADOS CONTINUADOS INTEGRADOS;6
CSSI;2023;2;UNIDADE INTERNAÇÃO - CLINICA MÉDICA ALA A;19
CSSI;2023;2;UNIDADE INTERNAÇÃO - CLINICA MÉDICA ALA B;15
CSSI;2023;2;UNIDADE URGENCIA/EMERGENCIA;22
CSSI;2023;3;UNIDADE DE CUIDADOS CONTINUADOS INTEGRADOS;13
CSSI;2023;3;UNIDADE INTERNAÇÃO - CLINICA MÉDICA ALA A;14
CSSI;2023;3;UNIDADE INTERNAÇÃO - CLINICA MÉDICA ALA B;15
CSSI;2023;3;UNIDADE URGENCIA/EMERGENCIA;31
CSSI;2023;4;UNIDADE DE CUIDADOS CONTINUADOS INTEGRADOS;6
CSSI;2023;4;UNIDADE INTERNAÇÃO - CLINICA MÉDICA ALA A;23
CSSI;2023;4;UNIDADE INTERNAÇÃO - CLINICA MÉDICA ALA B;15
CSSI;2023;4;UNIDADE URGENCIA/EMERGENCIA;30
CSSI;2023;5;UNIDADE DE CUIDADOS CONTINUADOS INTEGRADOS;5
CSSI;2023;5;UNIDADE INTERNAÇÃO - CLINICA MÉDICA ALA A;19
CSSI;2023;5;UNIDADE INTERNAÇÃO - CLINICA MÉDICA ALA B;14
CSSI;2023;5;UNIDADE URGENCIA/EMERGENCIA;30
CSSI;2023;6;UNIDADE DE CUIDADOS CONTINUADOS INTEGRADOS;5
CSSI;2023;6;UNIDADE INTERNAÇÃO - CLINICA MÉDICA ALA A;21
CSSI;2023;6;UNIDADE INTERNAÇÃO - CLINICA MÉDICA ALA B;15
CSSI;2023;6;UNIDADE URGENCIA/EMERGENCIA;38
CSSI;2023;7;UNIDADE DE CUIDADOS CONTINUADOS INTEGRADOS;9
CSSI;2023;7;UNIDADE INTERNAÇÃO - CLINICA MÉDICA ALA A;22
CSSI;2023;7;UNIDADE INTERNAÇÃO - CLINICA MÉDICA ALA B;21
CSSI;2023;7;UNIDADE URGENCIA/EMERGENCIA;24
CSSI;2023;8;UNIDADE DE CUIDADOS CONTINUADOS INTEGRADOS;11
CSSI;2023;8;UNIDADE INTERNAÇÃO - CLINICA MÉDICA ALA A;20
CSSI;2023;8;UNIDADE INTERNAÇÃO - CLINICA MÉDICA ALA B;21
CSSI;2023;8;UNIDADE URGENCIA/EMERGENCIA;28
CSSI;2023;9;CLINICA MEDICA ALA A;1
CSSI;2023;9;CLÍNICA MÉDICA ALA C;1
CSSI;2023;9;UNIDADE DE CUIDADOS CONTINUADOS INTEGRADOS;11
CSSI;2023;9;UNIDADE DE CUIDADOS PROLONGADOS - ALA B;3
CSSI;2023;9;UNIDADE INTERNAÇÃO - CLINICA MÉDICA ALA A;16
CSSI;2023;9;UNIDADE INTERNAÇÃO - CLINICA MÉDICA ALA B;8
CSSI;2023;9;UNIDADE URGENCIA/EMERGENCIA;25
CSSI;2023;9;UNIDADE URGÊNCIA/EMERGÊNCIA - OBSERVAÇÃO;1
CSSI;2023;9;UNIDADES DE CUIDADOS PROLONGADOS - UCP;1
CSSI;2023;10;CLINICA MEDICA ALA A;16
CSSI;2023;10;CLÍNICA MÉDICA ALA C;33
CSSI;2023;10;UNIDADE DE CUIDADOS PROLONGADOS - ALA B;9
CSSI;2023;10;UNIDADE URGÊNCIA/EMERGÊNCIA - OBSERVAÇÃO;1
CSSI;2023;10;UNIDADES DE CUIDADOS PROLONGADOS - UCP;11
CSSI;2023;11;CLINICA MEDICA ALA A;7
CSSI;2023;11;CLÍNICA MÉDICA ALA B;1
CSSI;2023;11;CLÍNICA MÉDICA ALA C;32
CSSI;2023;11;UNIDADE DE CUIDADOS PROLONGADOS - ALA B;9
CSSI;2023;11;UNIDADE URGÊNCIA/EMERGÊNCIA - OBSERVAÇÃO;1
CSSI;2023;11;UNIDADES DE CUIDADOS PROLONGADOS - UCP;12
CSSI;2023;12;CLINICA MEDICA ALA A;23
CSSI;2023;12;CLÍNICA MÉDICA ALA B;1
CSSI;2023;12;CLÍNICA MÉDICA ALA C;43
CSSI;2023;12;UNIDADE DE CUIDADOS PROLONGADOS - ALA B;3
CSSI;2023;12;UNIDADE URGÊNCIA/EMERGÊNCIA - OBSERVAÇÃO;2
CSSI;2023;12;UNIDADES DE CUIDADOS PROLONGADOS - UCP;14
HAC;2023;1;AMBULATORIO - ESPECIALIDADES;1
HAC;2023;1;UNIDADE INTERNAÇÃO - CLINICA CIRURGICA;94
HAC;2023;1;UNIDADE INTERNAÇÃO - CLINICA MÉDICA;102
HAC;2023;1;UTI - ADULTO;7
HAC;2023;2;AMBULATORIO - ESPECIALIDADES;1
HAC;2023;2;AMBULATORIO DE ONCOLOGIA CLINICA;1
HAC;2023;2;QUIMIOTERAPIA;2
HAC;2023;2;UNIDADE INTERNAÇÃO - CLINICA CIRURGICA;114
HAC;2023;2;UNIDADE INTERNAÇÃO - CLINICA MÉDICA;99
HAC;2023;2;UTI - ADULTO;7
HAC;2023;3;AMBULATORIO DE ONCOLOGIA CLINICA;1
HAC;2023;3;UNIDADE INTERNAÇÃO - CLINICA CIRURGICA;172
HAC;2023;3;UNIDADE INTERNAÇÃO - CLINICA MÉDICA;115
HAC;2023;3;UTI - ADULTO;10
HAC;2023;4;QUIMIOTERAPIA;1
HAC;2023;4;UNIDADE INTERNAÇÃO - CLINICA CIRURGICA;133
HAC;2023;4;UNIDADE INTERNAÇÃO - CLINICA MÉDICA;117
HAC;2023;4;UTI - ADULTO;7
HAC;2023;5;AMBULATORIO - ESPECIALIDADES;1
HAC;2023;5;QUIMIOTERAPIA;1
HAC;2023;5;UNIDADE INTERNAÇÃO - CLINICA CIRURGICA;144
HAC;2023;5;UNIDADE INTERNAÇÃO - CLINICA MÉDICA;107
HAC;2023;5;UTI - ADULTO;12
HAC;2023;6;QUIMIOTERAPIA;1
HAC;2023;6;UNIDADE INTERNAÇÃO - CLINICA CIRURGICA;154
HAC;2023;6;UNIDADE INTERNAÇÃO - CLINICA MÉDICA;113
HAC;2023;6;UTI - ADULTO;9
HAC;2023;7;AMBULATORIO DE ONCOLOGIA CLINICA;1
HAC;2023;7;UNIDADE INTERNAÇÃO - CLINICA CIRURGICA;160
HAC;2023;7;UNIDADE INTERNAÇÃO - CLINICA MÉDICA;100
HAC;2023;7;UTI - ADULTO;10
HAC;2023;8;AMBULATORIO - ESPECIALIDADES;1
HAC;2023;8;UNIDADE INTERNAÇÃO - CLINICA CIRURGICA;162
HAC;2023;8;UNIDADE INTERNAÇÃO - CLINICA MÉDICA;99
HAC;2023;8;UTI - ADULTO;13
HAC;2023;9;AMBULATORIO - ESPECIALIDADES;3
HAC;2023;9;AMBULATORIO DE ONCOLOGIA CLINICA;1
HAC;2023;9;UNIDADE INTERNAÇÃO - CLINICA CIRURGICA;138
HAC;2023;9;UNIDADE INTERNAÇÃO - CLINICA MÉDICA;133
HAC;2023;9;UTI - ADULTO;8
HAC;2023;10;AMBULATORIO - ESPECIALIDADES;2
HAC;2023;10;UNIDADE INTERNAÇÃO - CLINICA CIRURGICA;152
HAC;2023;10;UNIDADE INTERNAÇÃO - CLINICA MÉDICA;119
HAC;2023;10;UTI - ADULTO;5
HAC;2023;11;AMBULATORIO - ESPECIALIDADES;3
HAC;2023;11;UNIDADE INTERNAÇÃO - CLINICA CIRURGICA;121
HAC;2023;11;UNIDADE INTERNAÇÃO - CLINICA MÉDICA;103
HAC;2023;11;UTI - ADULTO;8
HAC;2023;12;AMBULATORIO - ESPECIALIDADES;2
HAC;2023;12;UNIDADE INTERNAÇÃO - CLINICA CIRURGICA;143
HAC;2023;12;UNIDADE INTERNAÇÃO - CLINICA MÉDICA;112
HAC;2023;12;UTI - ADULTO;8
HCM;2023;1;UNIDADE DE CUIDADOS CONTINUADOS INTEGRADOS;4
HCM;2023;2;UNIDADE DE CUIDADOS CONTINUADOS INTEGRADOS;1
HCM;2023;3;UNIDADE DE CUIDADOS CONTINUADOS INTEGRADOS;1
HCM;2023;4;UNIDADE DE CUIDADOS CONTINUADOS INTEGRADOS;2
HCM;2023;5;UNIDADE DE CUIDADOS CONTINUADOS INTEGRADOS;4
HCM;2023;6;UNIDADE DE CUIDADOS CONTINUADOS INTEGRADOS;5
HCM;2023;7;BLOCO CIRURGICO;1
HCM;2023;7;UNIDADE DE CUIDADOS CONTINUADOS INTEGRADOS;1
HCM;2023;8;UNIDADE DE CUIDADOS CONTINUADOS INTEGRADOS;5
HCM;2023;9;UNIDADE DE CUIDADOS CONTINUADOS INTEGRADOS;4
HCM;2023;10;UNIDADE DE CUIDADOS CONTINUADOS INTEGRADOS;4
HCM;2023;11;UNIDADE DE CUIDADOS CONTINUADOS INTEGRADOS;8
HCM;2023;12;UNIDADE DE CUIDADOS CONTINUADOS INTEGRADOS;4
HEM;2023;1;AMBULATORIO DE INFECTOLOGIA;1
HEM;2023;1;UNIDADE INTERNAÇÃO - DOENÇAS INFECTO-CONTAGIOSAS E PARASITÁRIAS DOENÇAS INFECTO CONTAGIOSAS;145
HEM;2023;1;UTI - ADULTO;13
HEM;2023;2;UNIDADE INTERNAÇÃO - DOENÇAS INFECTO-CONTAGIOSAS E PARASITÁRIAS DOENÇAS INFECTO CONTAGIOSAS;143
HEM;2023;2;UTI - ADULTO;10
HEM;2023;3;UNIDADE INTERNAÇÃO - DOENÇAS INFECTO-CONTAGIOSAS E PARASITÁRIAS DOENÇAS INFECTO CONTAGIOSAS;148
HEM;2023;3;UTI - ADULTO;14
HEM;2023;4;UNIDADE INTERNAÇÃO - DOENÇAS INFECTO-CONTAGIOSAS E PARASITÁRIAS DOENÇAS INFECTO CONTAGIOSAS;146
HEM;2023;4;UTI - ADULTO;4
HEM;2023;5;UNIDADE INTERNAÇÃO - DOENÇAS INFECTO-CONTAGIOSAS E PARASITÁRIAS DOENÇAS INFECTO CONTAGIOSAS;133
HEM;2023;5;UTI - ADULTO;13
HEM;2023;6;UNIDADE INTERNAÇÃO - DOENÇAS INFECTO-CONTAGIOSAS E PARASITÁRIAS DOENÇAS INFECTO CONTAGIOSAS;159
HEM;2023;6;UTI - ADULTO;3
HEM;2023;7;UNIDADE INTERNAÇÃO - DOENÇAS INFECTO-CONTAGIOSAS E PARASITÁRIAS DOENÇAS INFECTO CONTAGIOSAS;122
HEM;2023;7;UTI - ADULTO;10
HEM;2023;8;UNIDADE INTERNAÇÃO - DOENÇAS INFECTO-CONTAGIOSAS E PARASITÁRIAS DOENÇAS INFECTO CONTAGIOSAS;165
HEM;2023;8;UTI - ADULTO;14
HEM;2023;9;UNIDADE INTERNAÇÃO - DOENÇAS INFECTO-CONTAGIOSAS E PARASITÁRIAS DOENÇAS INFECTO CONTAGIOSAS;124
HEM;2023;9;UTI - ADULTO;10
HEM;2023;10;UNIDADE INTERNAÇÃO - DOENÇAS INFECTO-CONTAGIOSAS E PARASITÁRIAS DOENÇAS INFECTO CONTAGIOSAS;115
HEM;2023;10;UTI - ADULTO;10
HEM;2023;11;UNIDADE INTERNAÇÃO - DOENÇAS INFECTO-CONTAGIOSAS E PARASITÁRIAS DOENÇAS INFECTO CONTAGIOSAS;125
HEM;2023;11;UTI - ADULTO;6
HEM;2023;12;UNIDADE INTERNAÇÃO - DOENÇAS INFECTO-CONTAGIOSAS E PARASITÁRIAS DOENÇAS INFECTO CONTAGIOSAS;123
HEM;2023;12;UTI - ADULTO;16
HIJPII;2023;1;UNIDADE INTERNAÇÃO - CLINICA PEDIÁTRICA;204
HIJPII;2023;1;UNIDADE INTERNAÇÃO - CURTO PRAZO;27
HIJPII;2023;1;UNIDADE INTERNAÇÃO - DOENÇAS INFECTO-CONTAGIOSAS E PARASITÁRIAS;95
HIJPII;2023;1;UTI;4
HIJPII;2023;2;UNIDADE INTERNAÇÃO - CLINICA PEDIÁTRICA;273
HIJPII;2023;2;UNIDADE INTERNAÇÃO - CURTO PRAZO;36
HIJPII;2023;2;UNIDADE INTERNAÇÃO - DOENÇAS INFECTO-CONTAGIOSAS E PARASITÁRIAS;134
HIJPII;2023;2;UTI;2
HIJPII;2023;3;UNIDADE INTERNAÇÃO - CLINICA PEDIÁTRICA;310
HIJPII;2023;3;UNIDADE INTERNAÇÃO - CURTO PRAZO;62
HIJPII;2023;3;UNIDADE INTERNAÇÃO - DOENÇAS INFECTO-CONTAGIOSAS E PARASITÁRIAS;152
HIJPII;2023;3;UTI;6
HIJPII;2023;4;UNIDADE INTERNAÇÃO - CLINICA PEDIÁTRICA;258
HIJPII;2023;4;UNIDADE INTERNAÇÃO - CURTO PRAZO;59
HIJPII;2023;4;UNIDADE INTERNAÇÃO - DOENÇAS INFECTO-CONTAGIOSAS E PARASITÁRIAS;152
HIJPII;2023;4;UTI;6
HIJPII;2023;5;UNIDADE INTERNAÇÃO - CLINICA PEDIÁTRICA;267
HIJPII;2023;5;UNIDADE INTERNAÇÃO - CURTO PRAZO;77
HIJPII;2023;5;UNIDADE INTERNAÇÃO - DOENÇAS INFECTO-CONTAGIOSAS E PARASITÁRIAS;139
HIJPII;2023;5;UTI;4
HIJPII;2023;6;UNIDADE INTERNAÇÃO - CLINICA PEDIÁTRICA;225
HIJPII;2023;6;UNIDADE INTERNAÇÃO - CURTO PRAZO;46
HIJPII;2023;6;UNIDADE INTERNAÇÃO - DOENÇAS INFECTO-CONTAGIOSAS E PARASITÁRIAS;118
HIJPII;2023;6;UTI;7
HIJPII;2023;7;UNIDADE INTERNAÇÃO - CLINICA PEDIÁTRICA;242
HIJPII;2023;7;UNIDADE INTERNAÇÃO - CURTO PRAZO;73
HIJPII;2023;7;UNIDADE INTERNAÇÃO - DOENÇAS INFECTO-CONTAGIOSAS E PARASITÁRIAS;133
HIJPII;2023;7;UTI;3
HIJPII;2023;8;UNIDADE INTERNAÇÃO - CLINICA PEDIÁTRICA;200
HIJPII;2023;8;UNIDADE INTERNAÇÃO - CURTO PRAZO;46
HIJPII;2023;8;UNIDADE INTERNAÇÃO - DOENÇAS INFECTO-CONTAGIOSAS E PARASITÁRIAS;119
HIJPII;2023;8;UTI;9
HIJPII;2023;9;UNIDADE INTERNAÇÃO - CLINICA PEDIÁTRICA;227
HIJPII;2023;9;UNIDADE INTERNAÇÃO - CURTO PRAZO;45
HIJPII;2023;9;UNIDADE INTERNAÇÃO - DOENÇAS INFECTO-CONTAGIOSAS E PARASITÁRIAS;122
HIJPII;2023;9;UTI;6
HIJPII;2023;10;UNIDADE INTERNAÇÃO - CLINICA PEDIÁTRICA;229
HIJPII;2023;10;UNIDADE INTERNAÇÃO - CURTO PRAZO;30
HIJPII;2023;10;UNIDADE INTERNAÇÃO - DOENÇAS INFECTO-CONTAGIOSAS E PARASITÁRIAS;89
HIJPII;2023;10;UTI;6
HIJPII;2023;11;UNIDADE INTERNAÇÃO - CLINICA PEDIÁTRICA;211
HIJPII;2023;11;UNIDADE INTERNAÇÃO - CURTO PRAZO;28
HIJPII;2023;11;UNIDADE INTERNAÇÃO - DOENÇAS INFECTO-CONTAGIOSAS E PARASITÁRIAS;91
HIJPII;2023;11;UTI;7
HIJPII;2023;12;UNIDADE INTERNAÇÃO - CLINICA PEDIÁTRICA;219
HIJPII;2023;12;UNIDADE INTERNAÇÃO - CURTO PRAZO;20
HIJPII;2023;12;UNIDADE INTERNAÇÃO - DOENÇAS INFECTO-CONTAGIOSAS E PARASITÁRIAS;92
HIJPII;2023;12;UTI;7
HJK;2023;1;ALOJAMENTO CONJUNTO;208
HJK;2023;1;UCI - UNIDADE DE CUIDADO INTERMEDIARIO NEONATAL CONVENCIONAL;5
HJK;2023;1;UNIDADE INTERNAÇÃO - CLINICA CIRURGICA;77
HJK;2023;1;UNIDADE INTERNAÇÃO - CLINICA MÉDICA;122
HJK;2023;1;UNIDADE INTERNAÇÃO - CLINICA PNEUMOLOGICA;81
HJK;2023;1;UNIDADE INTERNAÇÃO - CLINICA TISIOLÓGICA;20
HJK;2023;1;UNIDADE URGENCIA/EMERGENCIA;119
HJK;2023;1;UTI - ADULTO;12
HJK;2023;1;UTI - NEONATAL;6
HJK;2023;2;ALOJAMENTO CONJUNTO;212
HJK;2023;2;UCI - UNIDADE DE CUIDADO INTERMEDIARIO NEONATAL CONVENCIONAL;10
HJK;2023;2;UNIDADE INTERNAÇÃO - CLINICA CIRURGICA;62
HJK;2023;2;UNIDADE INTERNAÇÃO - CLINICA MÉDICA;115
HJK;2023;2;UNIDADE INTERNAÇÃO - CLINICA PNEUMOLOGICA;100
HJK;2023;2;UNIDADE INTERNAÇÃO - CLINICA TISIOLÓGICA;17
HJK;2023;2;UNIDADE URGENCIA/EMERGENCIA;134
HJK;2023;2;UTI - ADULTO;16
HJK;2023;2;UTI - NEONATAL;2
HJK;2023;3;ALOJAMENTO CONJUNTO;243
HJK;2023;3;UCI - UNIDADE DE CUIDADO INTERMEDIARIO NEONATAL CONVENCIONAL;12
HJK;2023;3;UNIDADE INTERNAÇÃO - CLINICA CIRURGICA;68
HJK;2023;3;UNIDADE INTERNAÇÃO - CLINICA MÉDICA;125
HJK;2023;3;UNIDADE INTERNAÇÃO - CLINICA PNEUMOLOGICA;110
HJK;2023;3;UNIDADE INTERNAÇÃO - CLINICA TISIOLÓGICA;28
HJK;2023;3;UNIDADE URGENCIA/EMERGENCIA;185
HJK;2023;3;UTI - ADULTO;11
HJK;2023;3;UTI - NEONATAL;1
HJK;2023;4;ALOJAMENTO CONJUNTO;225
HJK;2023;4;UCI - UNIDADE DE CUIDADO INTERMEDIARIO NEONATAL CONVENCIONAL;6
HJK;2023;4;UNIDADE INTERNAÇÃO - CLINICA CIRURGICA;72
HJK;2023;4;UNIDADE INTERNAÇÃO - CLINICA MÉDICA;110
HJK;2023;4;UNIDADE INTERNAÇÃO - CLINICA PNEUMOLOGICA;104
HJK;2023;4;UNIDADE INTERNAÇÃO - CLINICA TISIOLÓGICA;22
HJK;2023;4;UNIDADE URGENCIA/EMERGENCIA;167
HJK;2023;4;UTI - ADULTO;15
HJK;2023;4;UTI - NEONATAL;3
HJK;2023;5;ALOJAMENTO CONJUNTO;248
HJK;2023;5;UCI - UNIDADE DE CUIDADO INTERMEDIARIO NEONATAL CONVENCIONAL;7
HJK;2023;5;UNIDADE INTERNAÇÃO - CLINICA CIRURGICA;89
HJK;2023;5;UNIDADE INTERNAÇÃO - CLINICA MÉDICA;102
HJK;2023;5;UNIDADE INTERNAÇÃO - CLINICA PNEUMOLOGICA;111
HJK;2023;5;UNIDADE INTERNAÇÃO - CLINICA TISIOLÓGICA;22
HJK;2023;5;UNIDADE URGENCIA/EMERGENCIA;233
HJK;2023;5;UTI - ADULTO;24
HJK;2023;5;UTI - NEONATAL;1
HJK;2023;6;ALOJAMENTO CONJUNTO;229
HJK;2023;6;UCI - UNIDADE DE CUIDADO INTERMEDIARIO NEONATAL CONVENCIONAL;18
HJK;2023;6;UNIDADE INTERNAÇÃO - CLINICA CIRURGICA;82
HJK;2023;6;UNIDADE INTERNAÇÃO - CLINICA MÉDICA;114
HJK;2023;6;UNIDADE INTERNAÇÃO - CLINICA PNEUMOLOGICA;110
HJK;2023;6;UNIDADE INTERNAÇÃO - CLINICA TISIOLÓGICA;17
HJK;2023;6;UNIDADE URGENCIA/EMERGENCIA;181
HJK;2023;6;UTI - ADULTO;28
HJK;2023;6;UTI - NEONATAL;4
HJK;2023;7;ALOJAMENTO CONJUNTO;270
HJK;2023;7;UCI - UNIDADE DE CUIDADO INTERMEDIARIO NEONATAL CONVENCIONAL;8
HJK;2023;7;UNIDADE INTERNAÇÃO - CLINICA CIRURGICA;79
HJK;2023;7;UNIDADE INTERNAÇÃO - CLINICA MÉDICA;107
HJK;2023;7;UNIDADE INTERNAÇÃO - CLINICA PNEUMOLOGICA;113
HJK;2023;7;UNIDADE INTERNAÇÃO - CLINICA TISIOLÓGICA;19
HJK;2023;7;UNIDADE URGENCIA/EMERGENCIA;221
HJK;2023;7;UTI - ADULTO;18
HJK;2023;7;UTI - NEONATAL;2
HJK;2023;8;ALOJAMENTO CONJUNTO;280
HJK;2023;8;UCI - UNIDADE DE CUIDADO INTERMEDIARIO NEONATAL CONVENCIONAL;5
HJK;2023;8;UNIDADE INTERNAÇÃO - CLINICA CIRURGICA;108
HJK;2023;8;UNIDADE INTERNAÇÃO - CLINICA MÉDICA;111
HJK;2023;8;UNIDADE INTERNAÇÃO - CLINICA PNEUMOLOGICA;123
HJK;2023;8;UNIDADE INTERNAÇÃO - CLINICA TISIOLÓGICA;31
HJK;2023;8;UNIDADE URGENCIA/EMERGENCIA;222
HJK;2023;8;UTI - ADULTO;31
HJK;2023;8;UTI - NEONATAL;1
HJK;2023;9;ALOJAMENTO CONJUNTO;240
HJK;2023;9;UCI - UNIDADE DE CUIDADO INTERMEDIARIO NEONATAL CONVENCIONAL;6
HJK;2023;9;UNIDADE INTERNAÇÃO - CLINICA CIRURGICA;151
HJK;2023;9;UNIDADE INTERNAÇÃO - CLINICA MÉDICA;102
HJK;2023;9;UNIDADE INTERNAÇÃO - CLINICA PNEUMOLOGICA;111
HJK;2023;9;UNIDADE INTERNAÇÃO - CLINICA TISIOLÓGICA;14
HJK;2023;9;UNIDADE URGENCIA/EMERGENCIA;189
HJK;2023;9;UTI - ADULTO;26
HJK;2023;9;UTI - NEONATAL;2
HJK;2023;10;ALOJAMENTO CONJUNTO;251
HJK;2023;10;UCI - UNIDADE DE CUIDADO INTERMEDIARIO NEONATAL CONVENCIONAL;12
HJK;2023;10;UNIDADE INTERNAÇÃO - CLINICA CIRURGICA;131
HJK;2023;10;UNIDADE INTERNAÇÃO - CLINICA MÉDICA;104
HJK;2023;10;UNIDADE INTERNAÇÃO - CLINICA PNEUMOLOGICA;115
HJK;2023;10;UNIDADE INTERNAÇÃO - CLINICA TISIOLÓGICA;25
HJK;2023;10;UNIDADE URGENCIA/EMERGENCIA;255
HJK;2023;10;UTI - ADULTO;31
HJK;2023;11;ALOJAMENTO CONJUNTO;250
HJK;2023;11;UCI - UNIDADE DE CUIDADO INTERMEDIARIO NEONATAL CONVENCIONAL;9
HJK;2023;11;UNIDADE INTERNAÇÃO - CLINICA CIRURGICA;148
HJK;2023;11;UNIDADE INTERNAÇÃO - CLINICA MÉDICA;115
HJK;2023;11;UNIDADE INTERNAÇÃO - CLINICA PNEUMOLOGICA;87
HJK;2023;11;UNIDADE INTERNAÇÃO - CLINICA TISIOLÓGICA;33
HJK;2023;11;UNIDADE URGENCIA/EMERGENCIA;230
HJK;2023;11;UTI - ADULTO;37
HJK;2023;11;UTI - NEONATAL;2
HJK;2023;12;ALOJAMENTO CONJUNTO;253
HJK;2023;12;UCI - UNIDADE DE CUIDADO INTERMEDIARIO NEONATAL CONVENCIONAL;17
HJK;2023;12;UNIDADE INTERNAÇÃO - CLINICA CIRURGICA;132
HJK;2023;12;UNIDADE INTERNAÇÃO - CLINICA MÉDICA;116
HJK;2023;12;UNIDADE INTERNAÇÃO - CLINICA PNEUMOLOGICA;114
HJK;2023;12;UNIDADE INTERNAÇÃO - CLINICA TISIOLÓGICA;20
HJK;2023;12;UNIDADE URGENCIA/EMERGENCIA;233
HJK;2023;12;UTI - ADULTO;40
HJK;2023;12;UTI - NEONATAL;2
HJXXIII;2023;1;BLOCO CIRURGICO;30
HJXXIII;2023;1;PRONTO SOCORRO;430
HJXXIII;2023;1;UNIDADE INTERNAÇÃO - CIRURGIA GERAL 4º ANDAR;176
HJXXIII;2023;1;UNIDADE INTERNAÇÃO - CIRURGIA PLÁSTICA 7º ANDAR;120
HJXXIII;2023;1;UNIDADE INTERNAÇÃO - CLINICA CUIDADOS PROGRESSIVOS 3º ANDAR;4
HJXXIII;2023;1;UNIDADE INTERNAÇÃO - CLINICA MÉDICA 6º ANDAR;54
HJXXIII;2023;1;UNIDADE INTERNAÇÃO - CLINICA NEUROLOGICA 5º ANDAR;61
HJXXIII;2023;1;UNIDADE INTERNAÇÃO - QUEIMADOS GRAVES 9º ANDAR;5
HJXXIII;2023;1;UNIDADE INTERNAÇÃO - QUEIMADOS MÉDIOS - 8º ANDAR;30
HJXXIII;2023;1;UTI;23
HJXXIII;2023;1;UTI -  PEDIATRICO 2º ANDAR;36
HJXXIII;2023;2;BLOCO CIRURGICO;34
HJXXIII;2023;2;PRONTO SOCORRO;452
HJXXIII;2023;2;UNIDADE INTERNAÇÃO - CIRURGIA GERAL 4º ANDAR;123
HJXXIII;2023;2;UNIDADE INTERNAÇÃO - CIRURGIA PLÁSTICA 7º ANDAR;101
HJXXIII;2023;2;UNIDADE INTERNAÇÃO - CLINICA CUIDADOS PROGRESSIVOS 3º ANDAR;7
HJXXIII;2023;2;UNIDADE INTERNAÇÃO - CLINICA MÉDICA 6º ANDAR;46
HJXXIII;2023;2;UNIDADE INTERNAÇÃO - CLINICA NEUROLOGICA 5º ANDAR;74
HJXXIII;2023;2;UNIDADE INTERNAÇÃO - QUEIMADOS GRAVES 9º ANDAR;4
HJXXIII;2023;2;UNIDADE INTERNAÇÃO - QUEIMADOS MÉDIOS - 8º ANDAR;22
HJXXIII;2023;2;UTI;28
HJXXIII;2023;2;UTI -  PEDIATRICO 2º ANDAR;44
HJXXIII;2023;3;BLOCO CIRURGICO;49
HJXXIII;2023;3;PRONTO SOCORRO;523
HJXXIII;2023;3;UNIDADE INTERNAÇÃO - CIRURGIA GERAL 4º ANDAR;150
HJXXIII;2023;3;UNIDADE INTERNAÇÃO - CIRURGIA PLÁSTICA 7º ANDAR;109
HJXXIII;2023;3;UNIDADE INTERNAÇÃO - CLINICA CUIDADOS PROGRESSIVOS 3º ANDAR;7
HJXXIII;2023;3;UNIDADE INTERNAÇÃO - CLINICA MÉDICA 6º ANDAR;44
HJXXIII;2023;3;UNIDADE INTERNAÇÃO - CLINICA NEUROLOGICA 5º ANDAR;54
HJXXIII;2023;3;UNIDADE INTERNAÇÃO - QUEIMADOS GRAVES 9º ANDAR;5
HJXXIII;2023;3;UNIDADE INTERNAÇÃO - QUEIMADOS MÉDIOS - 8º ANDAR;29
HJXXIII;2023;3;UTI;34
HJXXIII;2023;3;UTI -  PEDIATRICO 2º ANDAR;45
HJXXIII;2023;4;BLOCO CIRURGICO;34
HJXXIII;2023;4;PRONTO SOCORRO;453
HJXXIII;2023;4;UNIDADE INTERNAÇÃO - CIRURGIA GERAL 4º ANDAR;137
HJXXIII;2023;4;UNIDADE INTERNAÇÃO - CIRURGIA PLÁSTICA 7º ANDAR;113
HJXXIII;2023;4;UNIDADE INTERNAÇÃO - CLINICA CUIDADOS PROGRESSIVOS 3º ANDAR;12
HJXXIII;2023;4;UNIDADE INTERNAÇÃO - CLINICA MÉDICA 6º ANDAR;46
HJXXIII;2023;4;UNIDADE INTERNAÇÃO - CLINICA NEUROLOGICA 5º ANDAR;50
HJXXIII;2023;4;UNIDADE INTERNAÇÃO - QUEIMADOS GRAVES 9º ANDAR;1
HJXXIII;2023;4;UNIDADE INTERNAÇÃO - QUEIMADOS MÉDIOS - 8º ANDAR;28
HJXXIII;2023;4;UTI;29
HJXXIII;2023;4;UTI -  PEDIATRICO 2º ANDAR;53
HJXXIII;2023;5;BLOCO CIRURGICO;47
HJXXIII;2023;5;PRONTO SOCORRO;554
HJXXIII;2023;5;UNIDADE INTERNAÇÃO - CIRURGIA GERAL 4º ANDAR;170
HJXXIII;2023;5;UNIDADE INTERNAÇÃO - CIRURGIA PLÁSTICA 7º ANDAR;115
HJXXIII;2023;5;UNIDADE INTERNAÇÃO - CLINICA CUIDADOS PROGRESSIVOS 3º ANDAR;14
HJXXIII;2023;5;UNIDADE INTERNAÇÃO - CLINICA MÉDICA 6º ANDAR;40
HJXXIII;2023;5;UNIDADE INTERNAÇÃO - CLINICA NEUROLOGICA 5º ANDAR;46
HJXXIII;2023;5;UNIDADE INTERNAÇÃO - QUEIMADOS GRAVES 9º ANDAR;2
HJXXIII;2023;5;UNIDADE INTERNAÇÃO - QUEIMADOS MÉDIOS - 8º ANDAR;22
HJXXIII;2023;5;UTI;27
HJXXIII;2023;5;UTI -  PEDIATRICO 2º ANDAR;63
HJXXIII;2023;6;BLOCO CIRURGICO;43
HJXXIII;2023;6;PRONTO SOCORRO;493
HJXXIII;2023;6;UNIDADE INTERNAÇÃO - CIRURGIA GERAL 4º ANDAR;140
HJXXIII;2023;6;UNIDADE INTERNAÇÃO - CIRURGIA PLÁSTICA 7º ANDAR;87
HJXXIII;2023;6;UNIDADE INTERNAÇÃO - CLINICA CUIDADOS PROGRESSIVOS 3º ANDAR;6
HJXXIII;2023;6;UNIDADE INTERNAÇÃO - CLINICA MÉDICA 6º ANDAR;30
HJXXIII;2023;6;UNIDADE INTERNAÇÃO - CLINICA NEUROLOGICA 5º ANDAR;43
HJXXIII;2023;6;UNIDADE INTERNAÇÃO - QUEIMADOS GRAVES 9º ANDAR;2
HJXXIII;2023;6;UNIDADE INTERNAÇÃO - QUEIMADOS MÉDIOS - 8º ANDAR;28
HJXXIII;2023;6;UTI;27
HJXXIII;2023;6;UTI -  PEDIATRICO 2º ANDAR;39
HJXXIII;2023;7;BLOCO CIRURGICO;54
HJXXIII;2023;7;PRONTO SOCORRO;513
HJXXIII;2023;7;UNIDADE INTERNAÇÃO - CIRURGIA GERAL 4º ANDAR;150
HJXXIII;2023;7;UNIDADE INTERNAÇÃO - CIRURGIA PLÁSTICA 7º ANDAR;101
HJXXIII;2023;7;UNIDADE INTERNAÇÃO - CLINICA CUIDADOS PROGRESSIVOS 3º ANDAR;5
HJXXIII;2023;7;UNIDADE INTERNAÇÃO - CLINICA MÉDICA 6º ANDAR;36
HJXXIII;2023;7;UNIDADE INTERNAÇÃO - CLINICA NEUROLOGICA 5º ANDAR;46
HJXXIII;2023;7;UNIDADE INTERNAÇÃO - QUEIMADOS GRAVES 9º ANDAR;1
HJXXIII;2023;7;UNIDADE INTERNAÇÃO - QUEIMADOS MÉDIOS - 8º ANDAR;24
HJXXIII;2023;7;UTI;34
HJXXIII;2023;7;UTI -  PEDIATRICO 2º ANDAR;25
HJXXIII;2023;8;BLOCO CIRURGICO;72
HJXXIII;2023;8;PRONTO SOCORRO;546
HJXXIII;2023;8;UNIDADE INTERNAÇÃO - CIRURGIA GERAL 4º ANDAR;103
HJXXIII;2023;8;UNIDADE INTERNAÇÃO - CIRURGIA PLÁSTICA 7º ANDAR;99
HJXXIII;2023;8;UNIDADE INTERNAÇÃO - CLINICA CUIDADOS PROGRESSIVOS 3º ANDAR;2
HJXXIII;2023;8;UNIDADE INTERNAÇÃO - CLINICA MÉDICA 6º ANDAR;39
HJXXIII;2023;8;UNIDADE INTERNAÇÃO - CLINICA NEUROLOGICA 5º ANDAR;47
HJXXIII;2023;8;UNIDADE INTERNAÇÃO - QUEIMADOS GRAVES 9º ANDAR;3
HJXXIII;2023;8;UNIDADE INTERNAÇÃO - QUEIMADOS MÉDIOS - 8º ANDAR;29
HJXXIII;2023;8;UTI;13
HJXXIII;2023;8;UTI -  PEDIATRICO 2º ANDAR;25
HJXXIII;2023;9;BLOCO CIRURGICO;64
HJXXIII;2023;9;PRONTO SOCORRO;537
HJXXIII;2023;9;UNIDADE INTERNAÇÃO - CIRURGIA GERAL 4º ANDAR;143
HJXXIII;2023;9;UNIDADE INTERNAÇÃO - CIRURGIA PLÁSTICA 7º ANDAR;75
HJXXIII;2023;9;UNIDADE INTERNAÇÃO - CLINICA CUIDADOS PROGRESSIVOS 3º ANDAR;6
HJXXIII;2023;9;UNIDADE INTERNAÇÃO - CLINICA MÉDICA 6º ANDAR;23
HJXXIII;2023;9;UNIDADE INTERNAÇÃO - CLINICA NEUROLOGICA 5º ANDAR;49
HJXXIII;2023;9;UNIDADE INTERNAÇÃO - QUEIMADOS GRAVES 9º ANDAR;3
HJXXIII;2023;9;UNIDADE INTERNAÇÃO - QUEIMADOS MÉDIOS - 8º ANDAR;27
HJXXIII;2023;9;UTI;31
HJXXIII;2023;9;UTI -  PEDIATRICO 2º ANDAR;27
HJXXIII;2023;10;BLOCO CIRURGICO;58
HJXXIII;2023;10;PRONTO SOCORRO;592
HJXXIII;2023;10;UNIDADE INTERNAÇÃO - CIRURGIA GERAL 4º ANDAR;136
HJXXIII;2023;10;UNIDADE INTERNAÇÃO - CIRURGIA PLÁSTICA 7º ANDAR;98
HJXXIII;2023;10;UNIDADE INTERNAÇÃO - CLINICA CUIDADOS PROGRESSIVOS 3º ANDAR;3
HJXXIII;2023;10;UNIDADE INTERNAÇÃO - CLINICA MÉDICA 6º ANDAR;37
HJXXIII;2023;10;UNIDADE INTERNAÇÃO - CLINICA NEUROLOGICA 5º ANDAR;55
HJXXIII;2023;10;UNIDADE INTERNAÇÃO - QUEIMADOS GRAVES 9º ANDAR;3
HJXXIII;2023;10;UNIDADE INTERNAÇÃO - QUEIMADOS MÉDIOS - 8º ANDAR;36
HJXXIII;2023;10;UTI;36
HJXXIII;2023;10;UTI -  PEDIATRICO 2º ANDAR;27
HJXXIII;2023;11;BLOCO CIRURGICO;64
HJXXIII;2023;11;PRONTO SOCORRO;565
HJXXIII;2023;11;UNIDADE INTERNAÇÃO - CIRURGIA GERAL 4º ANDAR;134
HJXXIII;2023;11;UNIDADE INTERNAÇÃO - CIRURGIA PLÁSTICA 7º ANDAR;83
HJXXIII;2023;11;UNIDADE INTERNAÇÃO - CLINICA CUIDADOS PROGRESSIVOS 3º ANDAR;5
HJXXIII;2023;11;UNIDADE INTERNAÇÃO - CLINICA MÉDICA 6º ANDAR;34
HJXXIII;2023;11;UNIDADE INTERNAÇÃO - CLINICA NEUROLOGICA 5º ANDAR;59
HJXXIII;2023;11;UNIDADE INTERNAÇÃO - QUEIMADOS GRAVES 9º ANDAR;6
HJXXIII;2023;11;UNIDADE INTERNAÇÃO - QUEIMADOS MÉDIOS - 8º ANDAR;23
HJXXIII;2023;11;UTI;22
HJXXIII;2023;11;UTI -  PEDIATRICO 2º ANDAR;18
HJXXIII;2023;12;BLOCO CIRURGICO;69
HJXXIII;2023;12;PRONTO SOCORRO;564
HJXXIII;2023;12;UNIDADE INTERNAÇÃO - CIRURGIA GERAL 4º ANDAR;118
HJXXIII;2023;12;UNIDADE INTERNAÇÃO - CIRURGIA PLÁSTICA 7º ANDAR;98
HJXXIII;2023;12;UNIDADE INTERNAÇÃO - CLINICA CUIDADOS PROGRESSIVOS 3º ANDAR;8
HJXXIII;2023;12;UNIDADE INTERNAÇÃO - CLINICA MÉDICA 6º ANDAR;33
HJXXIII;2023;12;UNIDADE INTERNAÇÃO - CLINICA NEUROLOGICA 5º ANDAR;68
HJXXIII;2023;12;UNIDADE INTERNAÇÃO - QUEIMADOS GRAVES 9º ANDAR;2
HJXXIII;2023;12;UNIDADE INTERNAÇÃO - QUEIMADOS MÉDIOS - 8º ANDAR;24
HJXXIII;2023;12;UTI;27
HJXXIII;2023;12;UTI -  PEDIATRICO 2º ANDAR;25
HMAL;2023;1;UNIDADE DE INTERNAÇÃO - TRAUMATO/ORTOPEDIA A;67
HMAL;2023;1;UNIDADE DE INTERNAÇÃO - TRAUMATO/ORTOPEDIA B;115
HMAL;2023;2;UNIDADE DE INTERNAÇÃO - TRAUMATO/ORTOPEDIA A;77
HMAL;2023;2;UNIDADE DE INTERNAÇÃO - TRAUMATO/ORTOPEDIA B;107
HMAL;2023;3;UNIDADE DE INTERNAÇÃO - TRAUMATO/ORTOPEDIA A;108
HMAL;2023;3;UNIDADE DE INTERNAÇÃO - TRAUMATO/ORTOPEDIA B;172
HMAL;2023;4;UNIDADE DE INTERNAÇÃO - TRAUMATO/ORTOPEDIA A;81
HMAL;2023;4;UNIDADE DE INTERNAÇÃO - TRAUMATO/ORTOPEDIA B;127
HMAL;2023;5;UNIDADE DE INTERNAÇÃO - TRAUMATO/ORTOPEDIA A;103
HMAL;2023;5;UNIDADE DE INTERNAÇÃO - TRAUMATO/ORTOPEDIA B;136
HMAL;2023;6;UNIDADE DE INTERNAÇÃO - TRAUMATO/ORTOPEDIA A;112
HMAL;2023;6;UNIDADE DE INTERNAÇÃO - TRAUMATO/ORTOPEDIA B;182
HMAL;2023;7;AMBULATORIO DE ORTOPEDIA;1
HMAL;2023;7;UNIDADE DE INTERNAÇÃO - TRAUMATO/ORTOPEDIA A;116
HMAL;2023;7;UNIDADE DE INTERNAÇÃO - TRAUMATO/ORTOPEDIA B;128
HMAL;2023;8;UNIDADE DE INTERNAÇÃO - TRAUMATO/ORTOPEDIA A;147
HMAL;2023;8;UNIDADE DE INTERNAÇÃO - TRAUMATO/ORTOPEDIA B;125
HMAL;2023;9;UNIDADE DE INTERNAÇÃO - TRAUMATO/ORTOPEDIA A;153
HMAL;2023;9;UNIDADE DE INTERNAÇÃO - TRAUMATO/ORTOPEDIA B;108
HMAL;2023;10;UNIDADE DE INTERNAÇÃO - TRAUMATO/ORTOPEDIA A;152
HMAL;2023;10;UNIDADE DE INTERNAÇÃO - TRAUMATO/ORTOPEDIA B;123
HMAL;2023;11;UNIDADE DE INTERNAÇÃO - TRAUMATO/ORTOPEDIA A;144
HMAL;2023;11;UNIDADE DE INTERNAÇÃO - TRAUMATO/ORTOPEDIA B;137
HMAL;2023;12;UNIDADE DE INTERNAÇÃO - TRAUMATO/ORTOPEDIA A;165
HMAL;2023;12;UNIDADE DE INTERNAÇÃO - TRAUMATO/ORTOPEDIA B;152
HRAD;2023;1;ALOJAMENTO CONJUNTO;155
HRAD;2023;1;BLOCO OBSTÉTRICO;6
HRAD;2023;1;UNIDADE DE DECISAO CLINICA;138
HRAD;2023;1;UNIDADE INTERNAÇÃO - CLINICA CIRURGICA;78
HRAD;2023;1;UNIDADE INTERNAÇÃO - CLINICA MÉDICA;62
HRAD;2023;1;UNIDADE INTERNAÇÃO - CLINICA ORTOPÉDICA;113
HRAD;2023;1;UNIDADE INTERNAÇÃO - CLINICA PEDIÁTRICA;51
HRAD;2023;1;UTI - ADULTO;15
HRAD;2023;1;UTI - NEONATAL;4
HRAD;2023;2;ALOJAMENTO CONJUNTO;140
HRAD;2023;2;AMBULATORIO - RETORNOS;1
HRAD;2023;2;BLOCO OBSTÉTRICO;1
HRAD;2023;2;UNIDADE DE DECISAO CLINICA;121
HRAD;2023;2;UNIDADE INTERNAÇÃO - CLINICA CIRURGICA;87
HRAD;2023;2;UNIDADE INTERNAÇÃO - CLINICA MÉDICA;51
HRAD;2023;2;UNIDADE INTERNAÇÃO - CLINICA ORTOPÉDICA;84
HRAD;2023;2;UNIDADE INTERNAÇÃO - CLINICA PEDIÁTRICA;38
HRAD;2023;2;UTI - ADULTO;12
HRAD;2023;2;UTI - NEONATAL;1
HRAD;2023;3;ALOJAMENTO CONJUNTO;168
HRAD;2023;3;BLOCO OBSTÉTRICO;3
HRAD;2023;3;UNIDADE DE DECISAO CLINICA;145
HRAD;2023;3;UNIDADE INTERNAÇÃO - CLINICA CIRURGICA;98
HRAD;2023;3;UNIDADE INTERNAÇÃO - CLINICA MÉDICA;46
HRAD;2023;3;UNIDADE INTERNAÇÃO - CLINICA ORTOPÉDICA;129
HRAD;2023;3;UNIDADE INTERNAÇÃO - CLINICA PEDIÁTRICA;48
HRAD;2023;3;UTI - ADULTO;17
HRAD;2023;3;UTI - NEONATAL;2
HRAD;2023;4;ALOJAMENTO CONJUNTO;175
HRAD;2023;4;AMBULATORIO - RETORNOS;1
HRAD;2023;4;BLOCO OBSTÉTRICO;3
HRAD;2023;4;UNIDADE DE DECISAO CLINICA;162
HRAD;2023;4;UNIDADE INTERNAÇÃO - CLINICA CIRURGICA;99
HRAD;2023;4;UNIDADE INTERNAÇÃO - CLINICA MÉDICA;45
HRAD;2023;4;UNIDADE INTERNAÇÃO - CLINICA ORTOPÉDICA;92
HRAD;2023;4;UNIDADE INTERNAÇÃO - CLINICA PEDIÁTRICA;50
HRAD;2023;4;UTI - ADULTO;18
HRAD;2023;4;UTI - NEONATAL;1
HRAD;2023;5;ALOJAMENTO CONJUNTO;158
HRAD;2023;5;BLOCO OBSTÉTRICO;7
HRAD;2023;5;UNIDADE DE DECISAO CLINICA;139
HRAD;2023;5;UNIDADE INTERNAÇÃO - CLINICA CIRURGICA;112
HRAD;2023;5;UNIDADE INTERNAÇÃO - CLINICA MÉDICA;50
HRAD;2023;5;UNIDADE INTERNAÇÃO - CLINICA ORTOPÉDICA;114
HRAD;2023;5;UNIDADE INTERNAÇÃO - CLINICA PEDIÁTRICA;53
HRAD;2023;5;UTI - ADULTO;12
HRAD;2023;5;UTI - NEONATAL;3
HRAD;2023;6;ALOJAMENTO CONJUNTO;169
HRAD;2023;6;BLOCO OBSTÉTRICO;3
HRAD;2023;6;UNIDADE DE DECISAO CLINICA;150
HRAD;2023;6;UNIDADE INTERNAÇÃO - CLINICA CIRURGICA;103
HRAD;2023;6;UNIDADE INTERNAÇÃO - CLINICA MÉDICA;51
HRAD;2023;6;UNIDADE INTERNAÇÃO - CLINICA ORTOPÉDICA;105
HRAD;2023;6;UNIDADE INTERNAÇÃO - CLINICA PEDIÁTRICA;40
HRAD;2023;6;UTI - ADULTO;10
HRAD;2023;6;UTI - NEONATAL;3
HRAD;2023;7;ALOJAMENTO CONJUNTO;157
HRAD;2023;7;BLOCO OBSTÉTRICO;4
HRAD;2023;7;UNIDADE DE DECISAO CLINICA;127
HRAD;2023;7;UNIDADE INTERNAÇÃO - CLINICA CIRURGICA;98
HRAD;2023;7;UNIDADE INTERNAÇÃO - CLINICA MÉDICA;56
HRAD;2023;7;UNIDADE INTERNAÇÃO - CLINICA ORTOPÉDICA;90
HRAD;2023;7;UNIDADE INTERNAÇÃO - CLINICA PEDIÁTRICA;55
HRAD;2023;7;UTI - ADULTO;6
HRAD;2023;7;UTI - NEONATAL;1
HRAD;2023;8;ALOJAMENTO CONJUNTO;154
HRAD;2023;8;BLOCO OBSTÉTRICO;3
HRAD;2023;8;UNIDADE DE DECISAO CLINICA;154
HRAD;2023;8;UNIDADE INTERNAÇÃO - CLINICA CIRURGICA;86
HRAD;2023;8;UNIDADE INTERNAÇÃO - CLINICA MÉDICA;51
HRAD;2023;8;UNIDADE INTERNAÇÃO - CLINICA ORTOPÉDICA;109
HRAD;2023;8;UNIDADE INTERNAÇÃO - CLINICA PEDIÁTRICA;50
HRAD;2023;8;UTI - ADULTO;13
HRAD;2023;8;UTI - NEONATAL;3
HRAD;2023;9;ALOJAMENTO CONJUNTO;174
HRAD;2023;9;AMBULATORIO - RETORNOS;1
HRAD;2023;9;BLOCO OBSTÉTRICO;3
HRAD;2023;9;UNIDADE DE DECISAO CLINICA;135
HRAD;2023;9;UNIDADE INTERNAÇÃO - CLINICA CIRURGICA;114
HRAD;2023;9;UNIDADE INTERNAÇÃO - CLINICA MÉDICA;58
HRAD;2023;9;UNIDADE INTERNAÇÃO - CLINICA ORTOPÉDICA;117
HRAD;2023;9;UNIDADE INTERNAÇÃO - CLINICA PEDIÁTRICA;46
HRAD;2023;9;UTI - ADULTO;9
HRAD;2023;9;UTI - NEONATAL;3
HRAD;2023;10;ALOJAMENTO CONJUNTO;164
HRAD;2023;10;BLOCO OBSTÉTRICO;5
HRAD;2023;10;UNIDADE DE DECISAO CLINICA;145
HRAD;2023;10;UNIDADE INTERNAÇÃO - CLINICA CIRURGICA;90
HRAD;2023;10;UNIDADE INTERNAÇÃO - CLINICA MÉDICA;53
HRAD;2023;10;UNIDADE INTERNAÇÃO - CLINICA ORTOPÉDICA;118
HRAD;2023;10;UNIDADE INTERNAÇÃO - CLINICA PEDIÁTRICA;53
HRAD;2023;10;UTI - ADULTO;17
HRAD;2023;10;UTI - NEONATAL;3
HRAD;2023;11;ALOJAMENTO CONJUNTO;127
HRAD;2023;11;BLOCO OBSTÉTRICO;1
HRAD;2023;11;UNIDADE DE DECISAO CLINICA;133
HRAD;2023;11;UNIDADE INTERNAÇÃO - CLINICA CIRURGICA;103
HRAD;2023;11;UNIDADE INTERNAÇÃO - CLINICA MÉDICA;55
HRAD;2023;11;UNIDADE INTERNAÇÃO - CLINICA ORTOPÉDICA;128
HRAD;2023;11;UNIDADE INTERNAÇÃO - CLINICA PEDIÁTRICA;31
HRAD;2023;11;UTI - ADULTO;16
HRAD;2023;12;ALOJAMENTO CONJUNTO;158
HRAD;2023;12;BLOCO OBSTÉTRICO;4
HRAD;2023;12;UNIDADE DE DECISAO CLINICA;139
HRAD;2023;12;UNIDADE INTERNAÇÃO - CLINICA CIRURGICA;118
HRAD;2023;12;UNIDADE INTERNAÇÃO - CLINICA MÉDICA;61
HRAD;2023;12;UNIDADE INTERNAÇÃO - CLINICA ORTOPÉDICA;129
HRAD;2023;12;UNIDADE INTERNAÇÃO - CLINICA PEDIÁTRICA;55
HRAD;2023;12;UTI - ADULTO;16
HRAD;2023;12;UTI - NEONATAL;3
HRBJA;2023;1;UNIDADE INTERNAÇÃO - CLINICA CIRURGICA;63
HRBJA;2023;1;UNIDADE INTERNAÇÃO - CLINICA MÉDICA;121
HRBJA;2023;1;UTI - ADULTO;8
HRBJA;2023;2;UNIDADE INTERNAÇÃO - CLINICA CIRURGICA;49
HRBJA;2023;2;UNIDADE INTERNAÇÃO - CLINICA MÉDICA;107
HRBJA;2023;2;UTI - ADULTO;8
HRBJA;2023;3;UNIDADE INTERNAÇÃO - CLINICA CIRURGICA;58
HRBJA;2023;3;UNIDADE INTERNAÇÃO - CLINICA MÉDICA;118
HRBJA;2023;3;UTI - ADULTO;9
HRBJA;2023;4;UNIDADE INTERNAÇÃO - CLINICA CIRURGICA;65
HRBJA;2023;4;UNIDADE INTERNAÇÃO - CLINICA MÉDICA;135
HRBJA;2023;4;UTI - ADULTO;3
HRBJA;2023;5;UNIDADE INTERNAÇÃO - CLINICA CIRURGICA;46
HRBJA;2023;5;UNIDADE INTERNAÇÃO - CLINICA MÉDICA;136
HRBJA;2023;5;UTI - ADULTO;4
HRBJA;2023;6;UNIDADE INTERNAÇÃO - CLINICA CIRURGICA;64
HRBJA;2023;6;UNIDADE INTERNAÇÃO - CLINICA MÉDICA;136
HRBJA;2023;6;UTI - ADULTO;12
HRBJA;2023;7;UNIDADE INTERNAÇÃO - CLINICA CIRURGICA;56
HRBJA;2023;7;UNIDADE INTERNAÇÃO - CLINICA MÉDICA;129
HRBJA;2023;7;UTI - ADULTO;6
HRBJA;2023;8;UNIDADE INTERNAÇÃO - CLINICA CIRURGICA;64
HRBJA;2023;8;UNIDADE INTERNAÇÃO - CLINICA MÉDICA;140
HRBJA;2023;8;UTI - ADULTO;7
HRBJA;2023;9;UNIDADE INTERNAÇÃO - CLINICA CIRURGICA;68
HRBJA;2023;9;UNIDADE INTERNAÇÃO - CLINICA MÉDICA;129
HRBJA;2023;9;UTI - ADULTO;6
HRBJA;2023;10;UNIDADE INTERNAÇÃO - CLINICA CIRURGICA;54
HRBJA;2023;10;UNIDADE INTERNAÇÃO - CLINICA MÉDICA;121
HRBJA;2023;10;UTI - ADULTO;6
HRBJA;2023;11;UNIDADE INTERNAÇÃO - CLINICA CIRURGICA;89
HRBJA;2023;11;UNIDADE INTERNAÇÃO - CLINICA MÉDICA;136
HRBJA;2023;11;UTI - ADULTO;9
HRBJA;2023;12;UNIDADE INTERNAÇÃO - CLINICA CIRURGICA;81
HRBJA;2023;12;UNIDADE INTERNAÇÃO - CLINICA MÉDICA;141
HRBJA;2023;12;UTI - ADULTO;9
HRJP;2023;1;ALOJAMENTO CONJUNTO;128
HRJP;2023;1;BLOCO CIRURGICO;9
HRJP;2023;1;BLOCO OBSTÉTRICO;1
HRJP;2023;1;UNIDADE INTERNAÇÃO - CLINICA CIRURGICA ALA A;30
HRJP;2023;1;UNIDADE INTERNAÇÃO - CLINICA CIRURGICA ALA B;31
HRJP;2023;1;UNIDADE INTERNAÇÃO - CLINICA MÉDICA ALA A;5
HRJP;2023;1;UNIDADE INTERNAÇÃO - CLINICA MÉDICA ALA B;4
HRJP;2023;1;UNIDADE INTERNAÇÃO - CLINICA MÉDICA ALA C;21
HRJP;2023;1;UNIDADE INTERNAÇÃO - CLINICA PEDIÁTRICA;66
HRJP;2023;1;UNIDADE INTERNAÇÃO - CLINICA TISIOLÓGICA ALA B;3
HRJP;2023;1;UNIDADE INTERNAÇÃO - CLINICA TISIOLÓGICA ALA C;3
HRJP;2023;1;UNIDADE INTERNAÇÃO - PSIQUIATRIA ALA A;11
HRJP;2023;1;UNIDADE INTERNAÇÃO - PSIQUIATRIA ALA C;5
HRJP;2023;1;UTI -  PEDIATRICO;2
HRJP;2023;1;UTI - ADULTO;6
HRJP;2023;1;UTI - NEONATAL;3
HRJP;2023;2;ALOJAMENTO CONJUNTO;123
HRJP;2023;2;BLOCO CIRURGICO;11
HRJP;2023;2;BLOCO OBSTÉTRICO;2
HRJP;2023;2;UNIDADE INTERNAÇÃO - CLINICA CIRURGICA ALA A;26
HRJP;2023;2;UNIDADE INTERNAÇÃO - CLINICA CIRURGICA ALA B;22
HRJP;2023;2;UNIDADE INTERNAÇÃO - CLINICA MÉDICA ALA A;9
HRJP;2023;2;UNIDADE INTERNAÇÃO - CLINICA MÉDICA ALA B;22
HRJP;2023;2;UNIDADE INTERNAÇÃO - CLINICA MÉDICA ALA C;29
HRJP;2023;2;UNIDADE INTERNAÇÃO - CLINICA PEDIÁTRICA;65
HRJP;2023;2;UNIDADE INTERNAÇÃO - CLINICA TISIOLÓGICA ALA B;5
HRJP;2023;2;UNIDADE INTERNAÇÃO - CLINICA TISIOLÓGICA ALA C;4
HRJP;2023;2;UNIDADE INTERNAÇÃO - PSIQUIATRIA ALA A;14
HRJP;2023;2;UNIDADE INTERNAÇÃO - PSIQUIATRIA ALA C;5
HRJP;2023;2;UTI -  PEDIATRICO;1
HRJP;2023;2;UTI - ADULTO;12
HRJP;2023;2;UTI - NEONATAL;3
HRJP;2023;3;ALOJAMENTO CONJUNTO;126
HRJP;2023;3;BLOCO CIRURGICO;18
HRJP;2023;3;UNIDADE INTERNAÇÃO - CLINICA CIRURGICA ALA A;37
HRJP;2023;3;UNIDADE INTERNAÇÃO - CLINICA CIRURGICA ALA B;8
HRJP;2023;3;UNIDADE INTERNAÇÃO - CLINICA MÉDICA ALA A;17
HRJP;2023;3;UNIDADE INTERNAÇÃO - CLINICA MÉDICA ALA B;26
HRJP;2023;3;UNIDADE INTERNAÇÃO - CLINICA MÉDICA ALA C;55
HRJP;2023;3;UNIDADE INTERNAÇÃO - CLINICA PEDIÁTRICA;95
HRJP;2023;3;UNIDADE INTERNAÇÃO - CLINICA TISIOLÓGICA ALA B;2
HRJP;2023;3;UNIDADE INTERNAÇÃO - CLINICA TISIOLÓGICA ALA C;8
HRJP;2023;3;UNIDADE INTERNAÇÃO - PSIQUIATRIA ALA A;18
HRJP;2023;3;UNIDADE INTERNAÇÃO - PSIQUIATRIA ALA C;16
HRJP;2023;3;UTI -  PEDIATRICO;1
HRJP;2023;3;UTI - ADULTO;18
HRJP;2023;3;UTI - NEONATAL;2
HRJP;2023;4;ALOJAMENTO CONJUNTO;140
HRJP;2023;4;BLOCO CIRURGICO;10
HRJP;2023;4;BLOCO OBSTÉTRICO;2
HRJP;2023;4;UNIDADE INTERNAÇÃO - CLINICA CIRURGICA ALA A;35
HRJP;2023;4;UNIDADE INTERNAÇÃO - CLINICA CIRURGICA ALA B;20
HRJP;2023;4;UNIDADE INTERNAÇÃO - CLINICA MÉDICA ALA A;17
HRJP;2023;4;UNIDADE INTERNAÇÃO - CLINICA MÉDICA ALA B;19
HRJP;2023;4;UNIDADE INTERNAÇÃO - CLINICA MÉDICA ALA C;34
HRJP;2023;4;UNIDADE INTERNAÇÃO - CLINICA PEDIÁTRICA;88
HRJP;2023;4;UNIDADE INTERNAÇÃO - CLINICA TISIOLÓGICA ALA B;1
HRJP;2023;4;UNIDADE INTERNAÇÃO - CLINICA TISIOLÓGICA ALA C;2
HRJP;2023;4;UNIDADE INTERNAÇÃO - PSIQUIATRIA ALA A;10
HRJP;2023;4;UNIDADE INTERNAÇÃO - PSIQUIATRIA ALA C;3
HRJP;2023;4;UTI -  PEDIATRICO;1
HRJP;2023;4;UTI - ADULTO;18
HRJP;2023;4;UTI - NEONATAL;1
HRJP;2023;5;ALOJAMENTO CONJUNTO;152
HRJP;2023;5;BLOCO CIRURGICO;22
HRJP;2023;5;BLOCO OBSTÉTRICO;1
HRJP;2023;5;UNIDADE INTERNAÇÃO - CLINICA CIRURGICA ALA A;37
HRJP;2023;5;UNIDADE INTERNAÇÃO - CLINICA CIRURGICA ALA B;22
HRJP;2023;5;UNIDADE INTERNAÇÃO - CLINICA MÉDICA ALA A;13
HRJP;2023;5;UNIDADE INTERNAÇÃO - CLINICA MÉDICA ALA B;23
HRJP;2023;5;UNIDADE INTERNAÇÃO - CLINICA MÉDICA ALA C;39
HRJP;2023;5;UNIDADE INTERNAÇÃO - CLINICA PEDIÁTRICA;90
HRJP;2023;5;UNIDADE INTERNAÇÃO - CLINICA TISIOLÓGICA ALA B;3
HRJP;2023;5;UNIDADE INTERNAÇÃO - CLINICA TISIOLÓGICA ALA C;3
HRJP;2023;5;UNIDADE INTERNAÇÃO - PSIQUIATRIA ALA A;7
HRJP;2023;5;UNIDADE INTERNAÇÃO - PSIQUIATRIA ALA C;7
HRJP;2023;5;UTI -  PEDIATRICO;3
HRJP;2023;5;UTI - ADULTO;15
HRJP;2023;5;UTI - NEONATAL;1
HRJP;2023;6;ALOJAMENTO CONJUNTO;129
HRJP;2023;6;BLOCO CIRURGICO;15
HRJP;2023;6;BLOCO OBSTÉTRICO;1
HRJP;2023;6;UNIDADE INTERNAÇÃO - CLINICA CIRURGICA ALA A;26
HRJP;2023;6;UNIDADE INTERNAÇÃO - CLINICA CIRURGICA ALA B;20
HRJP;2023;6;UNIDADE INTERNAÇÃO - CLINICA MÉDICA ALA A;13
HRJP;2023;6;UNIDADE INTERNAÇÃO - CLINICA MÉDICA ALA B;22
HRJP;2023;6;UNIDADE INTERNAÇÃO - CLINICA MÉDICA ALA C;58
HRJP;2023;6;UNIDADE INTERNAÇÃO - CLINICA PEDIÁTRICA;100
HRJP;2023;6;UNIDADE INTERNAÇÃO - CLINICA TISIOLÓGICA ALA B;1
HRJP;2023;6;UNIDADE INTERNAÇÃO - CLINICA TISIOLÓGICA ALA C;7
HRJP;2023;6;UNIDADE INTERNAÇÃO - PSIQUIATRIA ALA A;23
HRJP;2023;6;UNIDADE INTERNAÇÃO - PSIQUIATRIA ALA C;5
HRJP;2023;6;UTI -  PEDIATRICO;1
HRJP;2023;6;UTI - ADULTO;19
HRJP;2023;6;UTI - NEONATAL;1
HRJP;2023;7;ALOJAMENTO CONJUNTO;139
HRJP;2023;7;BLOCO CIRURGICO;12
HRJP;2023;7;UNIDADE INTERNAÇÃO - CLINICA CIRURGICA ALA A;27
HRJP;2023;7;UNIDADE INTERNAÇÃO - CLINICA CIRURGICA ALA B;20
HRJP;2023;7;UNIDADE INTERNAÇÃO - CLINICA MÉDICA ALA A;24
HRJP;2023;7;UNIDADE INTERNAÇÃO - CLINICA MÉDICA ALA B;19
HRJP;2023;7;UNIDADE INTERNAÇÃO - CLINICA MÉDICA ALA C;36
HRJP;2023;7;UNIDADE INTERNAÇÃO - CLINICA PEDIÁTRICA;74
HRJP;2023;7;UNIDADE INTERNAÇÃO - CLINICA TISIOLÓGICA ALA B;2
HRJP;2023;7;UNIDADE INTERNAÇÃO - CLINICA TISIOLÓGICA ALA C;3
HRJP;2023;7;UNIDADE INTERNAÇÃO - PSIQUIATRIA ALA A;17
HRJP;2023;7;UNIDADE INTERNAÇÃO - PSIQUIATRIA ALA C;7
HRJP;2023;7;UTI -  PEDIATRICO;4
HRJP;2023;7;UTI - ADULTO;15
HRJP;2023;7;UTI - NEONATAL;3
HRJP;2023;8;ALOJAMENTO CONJUNTO;122
HRJP;2023;8;BLOCO CIRURGICO;15
HRJP;2023;8;BLOCO OBSTÉTRICO;1
HRJP;2023;8;UNIDADE INTERNAÇÃO - CLINICA CIRURGICA ALA A;36
HRJP;2023;8;UNIDADE INTERNAÇÃO - CLINICA CIRURGICA ALA B;15
HRJP;2023;8;UNIDADE INTERNAÇÃO - CLINICA MÉDICA ALA A;18
HRJP;2023;8;UNIDADE INTERNAÇÃO - CLINICA MÉDICA ALA B;11
HRJP;2023;8;UNIDADE INTERNAÇÃO - CLINICA MÉDICA ALA C;39
HRJP;2023;8;UNIDADE INTERNAÇÃO - CLINICA PEDIÁTRICA;77
HRJP;2023;8;UNIDADE INTERNAÇÃO - CLINICA TISIOLÓGICA ALA B;4
HRJP;2023;8;UNIDADE INTERNAÇÃO - CLINICA TISIOLÓGICA ALA C;5
HRJP;2023;8;UNIDADE INTERNAÇÃO - PSIQUIATRIA ALA A;12
HRJP;2023;8;UNIDADE INTERNAÇÃO - PSIQUIATRIA ALA C;5
HRJP;2023;8;UTI -  PEDIATRICO;2
HRJP;2023;8;UTI - ADULTO;13
HRJP;2023;8;UTI - NEONATAL;2
HRJP;2023;9;ALOJAMENTO CONJUNTO;124
HRJP;2023;9;BLOCO CIRURGICO;13
HRJP;2023;9;BLOCO OBSTÉTRICO;1
HRJP;2023;9;UNIDADE INTERNAÇÃO - CLINICA CIRURGICA ALA A;32
HRJP;2023;9;UNIDADE INTERNAÇÃO - CLINICA CIRURGICA ALA B;18
HRJP;2023;9;UNIDADE INTERNAÇÃO - CLINICA MÉDICA ALA A;9
HRJP;2023;9;UNIDADE INTERNAÇÃO - CLINICA MÉDICA ALA B;18
HRJP;2023;9;UNIDADE INTERNAÇÃO - CLINICA MÉDICA ALA C;41
HRJP;2023;9;UNIDADE INTERNAÇÃO - CLINICA PEDIÁTRICA;73
HRJP;2023;9;UNIDADE INTERNAÇÃO - CLINICA TISIOLÓGICA ALA B;3
HRJP;2023;9;UNIDADE INTERNAÇÃO - CLINICA TISIOLÓGICA ALA C;5
HRJP;2023;9;UNIDADE INTERNAÇÃO - PSIQUIATRIA ALA A;13
HRJP;2023;9;UNIDADE INTERNAÇÃO - PSIQUIATRIA ALA C;5
HRJP;2023;9;UTI -  PEDIATRICO;1
HRJP;2023;9;UTI - ADULTO;12
HRJP;2023;10;ALOJAMENTO CONJUNTO;136
HRJP;2023;10;BLOCO CIRURGICO;14
HRJP;2023;10;BLOCO OBSTÉTRICO;1
HRJP;2023;10;UNIDADE INTERNAÇÃO - CLINICA CIRURGICA ALA A;34
HRJP;2023;10;UNIDADE INTERNAÇÃO - CLINICA CIRURGICA ALA B;14
HRJP;2023;10;UNIDADE INTERNAÇÃO - CLINICA MÉDICA ALA A;11
HRJP;2023;10;UNIDADE INTERNAÇÃO - CLINICA MÉDICA ALA B;14
HRJP;2023;10;UNIDADE INTERNAÇÃO - CLINICA MÉDICA ALA C;30
HRJP;2023;10;UNIDADE INTERNAÇÃO - CLINICA PEDIÁTRICA;86
HRJP;2023;10;UNIDADE INTERNAÇÃO - CLINICA TISIOLÓGICA ALA B;1
HRJP;2023;10;UNIDADE INTERNAÇÃO - CLINICA TISIOLÓGICA ALA C;8
HRJP;2023;10;UNIDADE INTERNAÇÃO - PSIQUIATRIA ALA A;20
HRJP;2023;10;UNIDADE INTERNAÇÃO - PSIQUIATRIA ALA C;4
HRJP;2023;10;UTI -  PEDIATRICO;1
HRJP;2023;10;UTI - ADULTO;14
HRJP;2023;10;UTI - NEONATAL;3
HRJP;2023;11;ALOJAMENTO CONJUNTO;134
HRJP;2023;11;BLOCO CIRURGICO;14
HRJP;2023;11;BLOCO OBSTÉTRICO;3
HRJP;2023;11;UNIDADE INTERNAÇÃO - CLINICA CIRURGICA ALA A;28
HRJP;2023;11;UNIDADE INTERNAÇÃO - CLINICA CIRURGICA ALA B;11
HRJP;2023;11;UNIDADE INTERNAÇÃO - CLINICA MÉDICA ALA A;14
HRJP;2023;11;UNIDADE INTERNAÇÃO - CLINICA MÉDICA ALA B;19
HRJP;2023;11;UNIDADE INTERNAÇÃO - CLINICA MÉDICA ALA C;40
HRJP;2023;11;UNIDADE INTERNAÇÃO - CLINICA PEDIÁTRICA;87
HRJP;2023;11;UNIDADE INTERNAÇÃO - CLINICA TISIOLÓGICA ALA B;1
HRJP;2023;11;UNIDADE INTERNAÇÃO - CLINICA TISIOLÓGICA ALA C;4
HRJP;2023;11;UNIDADE INTERNAÇÃO - PSIQUIATRIA ALA A;12
HRJP;2023;11;UNIDADE INTERNAÇÃO - PSIQUIATRIA ALA C;4
HRJP;2023;11;UTI -  PEDIATRICO;2
HRJP;2023;11;UTI - ADULTO;9
HRJP;2023;11;UTI - NEONATAL;2
HRJP;2023;12;ALOJAMENTO CONJUNTO;123
HRJP;2023;12;BLOCO CIRURGICO;19
HRJP;2023;12;BLOCO OBSTÉTRICO;2
HRJP;2023;12;UNIDADE INTERNAÇÃO - CLINICA CIRURGICA ALA A;19
HRJP;2023;12;UNIDADE INTERNAÇÃO - CLINICA CIRURGICA ALA B;9
HRJP;2023;12;UNIDADE INTERNAÇÃO - CLINICA MÉDICA ALA A;16
HRJP;2023;12;UNIDADE INTERNAÇÃO - CLINICA MÉDICA ALA B;21
HRJP;2023;12;UNIDADE INTERNAÇÃO - CLINICA MÉDICA ALA C;39
HRJP;2023;12;UNIDADE INTERNAÇÃO - CLINICA PEDIÁTRICA;72
HRJP;2023;12;UNIDADE INTERNAÇÃO - CLINICA TISIOLÓGICA ALA B;2
HRJP;2023;12;UNIDADE INTERNAÇÃO - CLINICA TISIOLÓGICA ALA C;6
HRJP;2023;12;UNIDADE INTERNAÇÃO - PSIQUIATRIA ALA A;22
HRJP;2023;12;UNIDADE INTERNAÇÃO - PSIQUIATRIA ALA C;2
HRJP;2023;12;UTI -  PEDIATRICO;1
HRJP;2023;12;UTI - ADULTO;14
HRJP;2023;12;UTI - NEONATAL;3
IRS;2023;1;UNIDADE DE URGÊNCIA - CLINICA PSIQUIÁTRICA SALA DE OBSERVAÇAO;13
IRS;2023;1;UNIDADE INTERNAÇÃO - PSIQUIATRIA ALA A;21
IRS;2023;1;UNIDADE INTERNAÇÃO - PSIQUIATRIA ALA B;18
IRS;2023;1;UNIDADE INTERNAÇÃO - PSIQUIATRIA ALA C;27
IRS;2023;1;UNIDADE INTERNAÇÃO - PSIQUIATRIA ALA E;13
IRS;2023;1;UNIDADE INTERNAÇÃO - PSIQUIATRIA UNIDADE DE TRATAMENTO CLÍNICO;3
IRS;2023;2;UNIDADE DE URGÊNCIA - CLINICA PSIQUIÁTRICA SALA DE OBSERVAÇAO;13
IRS;2023;2;UNIDADE INTERNAÇÃO - PSIQUIATRIA ALA A;13
IRS;2023;2;UNIDADE INTERNAÇÃO - PSIQUIATRIA ALA B;8
IRS;2023;2;UNIDADE INTERNAÇÃO - PSIQUIATRIA ALA C;23
IRS;2023;2;UNIDADE INTERNAÇÃO - PSIQUIATRIA ALA D;1
IRS;2023;2;UNIDADE INTERNAÇÃO - PSIQUIATRIA ALA E;16
IRS;2023;2;UNIDADE INTERNAÇÃO - PSIQUIATRIA ALA F;2
IRS;2023;2;UNIDADE INTERNAÇÃO - PSIQUIATRIA UNIDADE DE TRATAMENTO CLÍNICO;2
IRS;2023;3;UNIDADE DE URGÊNCIA - CLINICA PSIQUIÁTRICA SALA DE OBSERVAÇAO;10
IRS;2023;3;UNIDADE INTERNAÇÃO - PSIQUIATRIA ALA A;20
IRS;2023;3;UNIDADE INTERNAÇÃO - PSIQUIATRIA ALA B;22
IRS;2023;3;UNIDADE INTERNAÇÃO - PSIQUIATRIA ALA C;27
IRS;2023;3;UNIDADE INTERNAÇÃO - PSIQUIATRIA ALA E;14
IRS;2023;3;UNIDADE INTERNAÇÃO - PSIQUIATRIA ALA F;1
IRS;2023;3;UNIDADE INTERNAÇÃO - PSIQUIATRIA UNIDADE DE TRATAMENTO CLÍNICO;3
IRS;2023;4;UNIDADE DE URGÊNCIA - CLINICA PSIQUIÁTRICA SALA DE OBSERVAÇAO;7
IRS;2023;4;UNIDADE INTERNAÇÃO - PSIQUIATRIA ALA A;12
IRS;2023;4;UNIDADE INTERNAÇÃO - PSIQUIATRIA ALA B;12
IRS;2023;4;UNIDADE INTERNAÇÃO - PSIQUIATRIA ALA C;30
IRS;2023;4;UNIDADE INTERNAÇÃO - PSIQUIATRIA ALA E;16
IRS;2023;4;UNIDADE INTERNAÇÃO - PSIQUIATRIA UNIDADE DE TRATAMENTO CLÍNICO;1
IRS;2023;5;UNIDADE DE URGÊNCIA - CLINICA PSIQUIÁTRICA SALA DE OBSERVAÇAO;10
IRS;2023;5;UNIDADE INTERNAÇÃO - PSIQUIATRIA ALA A;18
IRS;2023;5;UNIDADE INTERNAÇÃO - PSIQUIATRIA ALA B;22
IRS;2023;5;UNIDADE INTERNAÇÃO - PSIQUIATRIA ALA C;35
IRS;2023;5;UNIDADE INTERNAÇÃO - PSIQUIATRIA ALA E;16
IRS;2023;5;UNIDADE INTERNAÇÃO - PSIQUIATRIA UNIDADE DE TRATAMENTO CLÍNICO;5
IRS;2023;6;UNIDADE DE URGÊNCIA - CLINICA PSIQUIÁTRICA SALA DE OBSERVAÇAO;11
IRS;2023;6;UNIDADE INTERNAÇÃO - PSIQUIATRIA ALA A;11
IRS;2023;6;UNIDADE INTERNAÇÃO - PSIQUIATRIA ALA B;17
IRS;2023;6;UNIDADE INTERNAÇÃO - PSIQUIATRIA ALA C;30
IRS;2023;6;UNIDADE INTERNAÇÃO - PSIQUIATRIA ALA E;19
IRS;2023;6;UNIDADE INTERNAÇÃO - PSIQUIATRIA UNIDADE DE TRATAMENTO CLÍNICO;4
IRS;2023;7;UNIDADE DE URGÊNCIA - CLINICA PSIQUIÁTRICA SALA DE OBSERVAÇAO;10
IRS;2023;7;UNIDADE INTERNAÇÃO - PSIQUIATRIA ALA A;17
IRS;2023;7;UNIDADE INTERNAÇÃO - PSIQUIATRIA ALA B;13
IRS;2023;7;UNIDADE INTERNAÇÃO - PSIQUIATRIA ALA C;32
IRS;2023;7;UNIDADE INTERNAÇÃO - PSIQUIATRIA ALA E;17
IRS;2023;7;UNIDADE INTERNAÇÃO - PSIQUIATRIA UNIDADE DE TRATAMENTO CLÍNICO;1
IRS;2023;8;ALA A;14
IRS;2023;8;ALA B;12
IRS;2023;8;ALA C;22
IRS;2023;8;ALA E;17
IRS;2023;8;UNIDADE DE URGÊNCIA - CLINICA PSIQUIÁTRICA SALA DE OBSERVAÇAO;1
IRS;2023;8;UNIDADE INTERNAÇÃO - PSIQUIATRIA ALA C;1
IRS;2023;8;UNIDADE URGÊNCIA/EMERGÊNCIA - OBSERVAÇÃO;8
IRS;2023;8;UTC - UNIDADE DE TRATAMENTO CLÍNICO;5
IRS;2023;9;ALA A;17
IRS;2023;9;ALA B;29
IRS;2023;9;ALA C;21
IRS;2023;9;ALA E;11
IRS;2023;9;UNIDADE URGÊNCIA/EMERGÊNCIA - OBSERVAÇÃO;6
IRS;2023;9;UTC - UNIDADE DE TRATAMENTO CLÍNICO;3
IRS;2023;10;ALA A;21
IRS;2023;10;ALA B;20
IRS;2023;10;ALA C;33
IRS;2023;10;ALA E;23
IRS;2023;10;UNIDADE URGÊNCIA/EMERGÊNCIA - OBSERVAÇÃO;10
IRS;2023;10;UTC - UNIDADE DE TRATAMENTO CLÍNICO;2
IRS;2023;11;ALA A;19
IRS;2023;11;ALA B;21
IRS;2023;11;ALA C;30
IRS;2023;11;ALA E;13
IRS;2023;11;UNIDADE URGÊNCIA/EMERGÊNCIA - OBSERVAÇÃO;9
IRS;2023;11;UTC - UNIDADE DE TRATAMENTO CLÍNICO;3
IRS;2023;12;ALA A;19
IRS;2023;12;ALA B;16
IRS;2023;12;ALA C;23
IRS;2023;12;ALA E;17
IRS;2023;12;UNIDADE URGÊNCIA/EMERGÊNCIA - OBSERVAÇÃO;6
IRS;2023;12;UTC - UNIDADE DE TRATAMENTO CLÍNICO;5
MOV;2023;1;ALOJAMENTO CONJUNTO;247
MOV;2023;1;PRÉ-PARTO;7
MOV;2023;1;UNIDADE INTEMEDIARIA NEONATAL;14
MOV;2023;1;UNIDADE INTERNAÇÃO - ALTO RISCO OBSTETRICO;122
MOV;2023;1;UNIDADE INTERNAÇÃO - CLINICA CIRURGICA;104
MOV;2023;1;UNIDADE URGENCIA/EMERGENCIA;10
MOV;2023;1;UTI - ADULTO;15
MOV;2023;1;UTI - NEONATAL;4
MOV;2023;2;ALOJAMENTO CONJUNTO;231
MOV;2023;2;AMBULATORIO CVVS;1
MOV;2023;2;PRE-NATAL DE ALTO RISCO E PUERPERIO PATOLOGICO;1
MOV;2023;2;PRÉ-PARTO;17
MOV;2023;2;UNIDADE INTEMEDIARIA NEONATAL;28
MOV;2023;2;UNIDADE INTERNAÇÃO - ALTO RISCO OBSTETRICO;114
MOV;2023;2;UNIDADE INTERNAÇÃO - CLINICA CIRURGICA;93
MOV;2023;2;UNIDADE URGENCIA/EMERGENCIA;8
MOV;2023;2;UTI - ADULTO;17
MOV;2023;2;UTI - NEONATAL;2
MOV;2023;3;ALOJAMENTO CONJUNTO;266
MOV;2023;3;AMBULATORIO - ESPECIALIDADES;1
MOV;2023;3;AMBULATORIO CVVS;2
MOV;2023;3;PRE-NATAL DE ALTO RISCO E PUERPERIO PATOLOGICO;1
MOV;2023;3;PRÉ-PARTO;33
MOV;2023;3;UNIDADE INTEMEDIARIA NEONATAL;37
MOV;2023;3;UNIDADE INTERNAÇÃO - ALTO RISCO OBSTETRICO;107
MOV;2023;3;UNIDADE INTERNAÇÃO - CLINICA CIRURGICA;127
MOV;2023;3;UNIDADE URGENCIA/EMERGENCIA;11
MOV;2023;3;UTI - ADULTO;25
MOV;2023;3;UTI - NEONATAL;4
MOV;2023;4;ALOJAMENTO CONJUNTO;241
MOV;2023;4;CLINICA CIRÚRGICA;93
MOV;2023;4;PRE-NATAL DE ALTO RISCO E PUERPERIO PATOLOGICO;1
MOV;2023;4;PRÉ-PARTO;7
MOV;2023;4;UNIDADE DE CUIDADO INTERMEDIÁRIO NEONATAL CANGURU;7
MOV;2023;4;UNIDADE DE CUIDADO INTERMEDIÁRIO NEONATAL CONVENCIONAL;18
MOV;2023;4;UNIDADE INTEMEDIARIA NEONATAL;9
MOV;2023;4;UNIDADE INTERNAÇÃO - ALTO RISCO OBSTETRICO;23
MOV;2023;4;UNIDADE INTERNAÇÃO - CLINICA CIRURGICA;25
MOV;2023;4;UNIDADE INTERNACAO ALTO-RISCO OBSTETRICO;83
MOV;2023;4;UNIDADE URGÊNCIA/EMERGÊNCIA - INTERNAÇÃO;7
MOV;2023;4;UTI - ADULTO;22
MOV;2023;4;UTI - NEONATAL;2
MOV;2023;5;ALOJAMENTO CONJUNTO;240
MOV;2023;5;CLINICA CIRÚRGICA;131
MOV;2023;5;PRÉ-PARTO;4
MOV;2023;5;SALA DE ESPERA - BLOCO CIRÚRGICO;1
MOV;2023;5;UNIDADE DE CUIDADO INTERMEDIÁRIO NEONATAL CANGURU;13
MOV;2023;5;UNIDADE DE CUIDADO INTERMEDIÁRIO NEONATAL CONVENCIONAL;21
MOV;2023;5;UNIDADE INTERNACAO ALTO-RISCO OBSTETRICO;110
MOV;2023;5;UNIDADE URGÊNCIA/EMERGÊNCIA - INTERNAÇÃO;1
MOV;2023;5;UTI - ADULTO;23
MOV;2023;5;UTI - NEONATAL;2
MOV;2023;6;ALOJAMENTO CONJUNTO;240
MOV;2023;6;CLINICA CIRÚRGICA;209
MOV;2023;6;PRÉ-PARTO;7
MOV;2023;6;SALA DE ESPERA - BLOCO CIRÚRGICO;1
MOV;2023;6;UNIDADE DE CUIDADO INTERMEDIÁRIO NEONATAL CANGURU;8
MOV;2023;6;UNIDADE DE CUIDADO INTERMEDIÁRIO NEONATAL CONVENCIONAL;17
MOV;2023;6;UNIDADE INTERNACAO ALTO-RISCO OBSTETRICO;113
MOV;2023;6;UNIDADE URGÊNCIA/EMERGÊNCIA - INTERNAÇÃO;16
MOV;2023;6;UTI - ADULTO;21
MOV;2023;7;ALOJAMENTO CONJUNTO;245
MOV;2023;7;CLINICA CIRÚRGICA;147
MOV;2023;7;PRÉ-PARTO;7
MOV;2023;7;SALA DE ESPERA - BLOCO CIRÚRGICO;1
MOV;2023;7;UNIDADE DE CUIDADO INTERMEDIÁRIO NEONATAL CANGURU;10
MOV;2023;7;UNIDADE DE CUIDADO INTERMEDIÁRIO NEONATAL CONVENCIONAL;15
MOV;2023;7;UNIDADE INTERNACAO ALTO-RISCO OBSTETRICO;108
MOV;2023;7;UNIDADE URGÊNCIA/EMERGÊNCIA - INTERNAÇÃO;21
MOV;2023;7;UTI - ADULTO;21
MOV;2023;7;UTI - NEONATAL;5
MOV;2023;8;ALOJAMENTO CONJUNTO;259
MOV;2023;8;CLINICA CIRÚRGICA;156
MOV;2023;8;PRÉ-PARTO;2
MOV;2023;8;SALA DE ESPERA - BLOCO CIRÚRGICO;1
MOV;2023;8;UNIDADE DE CUIDADO INTERMEDIÁRIO NEONATAL CANGURU;5
MOV;2023;8;UNIDADE DE CUIDADO INTERMEDIÁRIO NEONATAL CONVENCIONAL;17
MOV;2023;8;UNIDADE INTERNACAO ALTO-RISCO OBSTETRICO;118
MOV;2023;8;UNIDADE URGÊNCIA/EMERGÊNCIA - INTERNAÇÃO;20
MOV;2023;8;UTI - ADULTO;19
MOV;2023;8;UTI - NEONATAL;2
MOV;2023;9;ALOJAMENTO CONJUNTO;220
MOV;2023;9;CLINICA CIRÚRGICA;161
MOV;2023;9;PRÉ-PARTO;5
MOV;2023;9;UNIDADE DE CUIDADO INTERMEDIÁRIO NEONATAL CANGURU;6
MOV;2023;9;UNIDADE DE CUIDADO INTERMEDIÁRIO NEONATAL CONVENCIONAL;18
MOV;2023;9;UNIDADE INTERNACAO ALTO-RISCO OBSTETRICO;118
MOV;2023;9;UNIDADE URGÊNCIA/EMERGÊNCIA - INTERNAÇÃO;8
MOV;2023;9;UTI - ADULTO;25
MOV;2023;10;ALOJAMENTO CONJUNTO;236
MOV;2023;10;CLINICA CIRÚRGICA;182
MOV;2023;10;PRÉ-PARTO;5
MOV;2023;10;UNIDADE DE CUIDADO INTERMEDIÁRIO NEONATAL CANGURU;12
MOV;2023;10;UNIDADE DE CUIDADO INTERMEDIÁRIO NEONATAL CONVENCIONAL;15
MOV;2023;10;UNIDADE INTERNACAO ALTO-RISCO OBSTETRICO;126
MOV;2023;10;UNIDADE URGÊNCIA/EMERGÊNCIA - INTERNAÇÃO;17
MOV;2023;10;UTI - ADULTO;36
MOV;2023;10;UTI - NEONATAL;5
MOV;2023;11;ALOJAMENTO CONJUNTO;191
MOV;2023;11;CLINICA CIRÚRGICA;174
MOV;2023;11;PRÉ-PARTO;2
MOV;2023;11;UNIDADE DE CUIDADO INTERMEDIÁRIO NEONATAL CANGURU;14
MOV;2023;11;UNIDADE DE CUIDADO INTERMEDIÁRIO NEONATAL CONVENCIONAL;13
MOV;2023;11;UNIDADE INTERNACAO ALTO-RISCO OBSTETRICO;165
MOV;2023;11;UNIDADE URGÊNCIA/EMERGÊNCIA - INTERNAÇÃO;8
MOV;2023;11;UTI - ADULTO;27
MOV;2023;11;UTI - NEONATAL;1
MOV;2023;12;ALOJAMENTO CONJUNTO;193
MOV;2023;12;CLINICA CIRÚRGICA;200
MOV;2023;12;PRÉ-PARTO;2
MOV;2023;12;UNIDADE DE CUIDADO INTERMEDIÁRIO NEONATAL CANGURU;12
MOV;2023;12;UNIDADE DE CUIDADO INTERMEDIÁRIO NEONATAL CONVENCIONAL;11
MOV;2023;12;UNIDADE INTERNACAO ALTO-RISCO OBSTETRICO;175
MOV;2023;12;UNIDADE URGÊNCIA/EMERGÊNCIA - INTERNAÇÃO;14
MOV;2023;12;UTI - ADULTO;26
MOV;2023;12;UTI - NEONATAL;2
CHPB;2024;1;CAC - CENTRO DE ACOLHIMENTO DE CRISE;24
CHPB;2024;1;UNIDADE DE CUIDADOS CONTINUADOS INTEGRADOS;18
CHPB;2024;2;CAC - CENTRO DE ACOLHIMENTO DE CRISE;34
CHPB;2024;2;UNIDADE DE CUIDADOS CONTINUADOS INTEGRADOS;20
CHPB;2024;2;UNIDADE INTERNAÇÃO - PSIQUIATRIA;1
CHPB;2024;3;CAC - CENTRO DE ACOLHIMENTO DE CRISE;18
CHPB;2024;3;UNIDADE DE CUIDADOS CONTINUADOS INTEGRADOS;16
CHPB;2024;3;UNIDADE INTERNAÇÃO - PSIQUIATRIA;1
CHPB;2024;4;CAC - CENTRO DE ACOLHIMENTO DE CRISE;29
CHPB;2024;4;UNIDADE DE CUIDADOS CONTINUADOS INTEGRADOS;20
CHPB;2024;5;CAC - CENTRO DE ACOLHIMENTO DE CRISE;26
CHPB;2024;5;UNIDADE DE CUIDADOS CONTINUADOS INTEGRADOS;14
CHPB;2024;5;UNIDADE INTERNAÇÃO - PSIQUIATRIA;1
CHPB;2024;6;CAC - CENTRO DE ACOLHIMENTO DE CRISE;21
CHPB;2024;6;UIP-MASCULINA/CHPB/CHB;8
CHPB;2024;6;UNIDADE DE CUIDADOS CONTINUADOS INTEGRADOS;13
CHPB;2024;6;UNIDADE DE CUIDADOS PROLONGADOS/CHPB/CHB;1
CHPB;2024;7;UIP-FEMININA/CHPB/CHB;2
CHPB;2024;7;UIP-MASCULINA/CHPB/CHB;27
CHPB;2024;7;UNIDADE DE CUIDADOS PROLONGADOS/CHPB/CHB;18
CHPB;2024;8;LAR INCLUSIVO A/CHPB/CHB;1
CHPB;2024;8;UIP-FEMININA/CHPB/CHB;12
CHPB;2024;8;UIP-MASCULINA/CHPB/CHB;14
CHPB;2024;8;UNIDADE DE CUIDADOS PROLONGADOS/CHPB/CHB;16
CHPB;2024;9;CAC/CHPB/CHB;1
CHPB;2024;9;LAR INCLUSIVO B/CHPB/CHB;1
CHPB;2024;9;UIP-FEMININA/CHPB/CHB;10
CHPB;2024;9;UIP-MASCULINA/CHPB/CHB;20
CHPB;2024;9;UNIDADE DE CUIDADOS PROLONGADOS/CHPB/CHB;13
CHPB;2024;10;LAR INCLUSIVO B/CHPB/CHB;1
CHPB;2024;10;UIP-FEMININA/CHPB/CHB;8
CHPB;2024;10;UIP-MASCULINA/CHPB/CHB;20
CHPB;2024;10;UNIDADE DE CUIDADOS PROLONGADOS/CHPB/CHB;27
CHPB;2024;11;CAC/CHPB/CHB;1
CHPB;2024;11;LAR INCLUSIVO B/CHPB/CHB;1
CHPB;2024;11;UIP-FEMININA/CHPB/CHB;11
CHPB;2024;11;UIP-MASCULINA/CHPB/CHB;17
CHPB;2024;11;UNIDADE DE CUIDADOS PROLONGADOS/CHPB/CHB;17
CHPB;2024;12;LAR INCLUSIVO A/CHPB/CHB;4
CHPB;2024;12;LAR INCLUSIVO B/CHPB/CHB;1
CHPB;2024;12;UIP-FEMININA/CHPB/CHB;12
CHPB;2024;12;UIP-MASCULINA/CHPB/CHB;24
CHPB;2024;12;UNIDADE DE CUIDADOS PROLONGADOS/CHPB/CHB;16
CSPD;2024;1;UNIDADE DE INTERNAÇÃO DE CUIDADOS PROLONGADOS;45
CSPD;2024;2;UNIDADE DE INTERNAÇÃO DE CUIDADOS PROLONGADOS;31
CSPD;2024;3;UNIDADE DE INTERNAÇÃO DE CUIDADOS PROLONGADOS;45
CSPD;2024;4;UNIDADE DE INTERNAÇÃO DE CUIDADOS PROLONGADOS;50
CSPD;2024;5;UNIDADE DE INTERNAÇÃO DE CUIDADOS PROLONGADOS;47
CSPD;2024;6;UNIDADE DE INTERNAÇÃO DE CUIDADOS PROLONGADOS;28
CSPD;2024;7;UNIDADE DE INTERNAÇÃO DE CUIDADOS PROLONGADOS;40
CSSFA;2024;1;UNIDADE DE INTERNACAO CCI Cuidados Continuados Integ;14
CSSFA;2024;2;UNIDADE DE INTERNACAO CCI Cuidados Continuados Integ;10
CSSFA;2024;3;UNIDADE DE INTERNACAO CCI Cuidados Continuados Integ;30
CSSFA;2024;4;UNIDADE DE INTERNACAO CCI Cuidados Continuados Integ;24
CSSFA;2024;5;UNIDADE DE INTERNACAO CCI Cuidados Continuados Integ;24
CSSFA;2024;6;UNIDADE DE INTERNACAO CCI Cuidados Continuados Integ;12
CSSFA;2024;7;UNIDADE DE INTERNACAO CCI Cuidados Continuados Integ;22
CSSFA;2024;8;UNIDADE DE INTERNACAO CCI Cuidados Continuados Integ;35
CSSFA;2024;9;UNIDADE DE INTERNACAO CCI Cuidados Continuados Integ;20
CSSFA;2024;10;UNIDADE DE INTERNACAO CCI Cuidados Continuados Integ;28
CSSFA;2024;11;UNIDADE DE INTERNACAO CCI Cuidados Continuados Integ;19
CSSFA;2024;12;UNIDADE DE INTERNACAO CCI Cuidados Continuados Integ;20
CSSFE;2024;1;UNIDADE DE CUIDADOS PROLONGADOS;4
CSSFE;2024;1;UNIDADE DE INTERNAÇÃO - CLÍNICA MÉDICA;8
CSSFE;2024;2;UNIDADE DE CUIDADOS PROLONGADOS;4
CSSFE;2024;2;UNIDADE DE INTERNAÇÃO - CLÍNICA MÉDICA;11
CSSFE;2024;3;UNIDADE DE CUIDADOS PROLONGADOS;12
CSSFE;2024;3;UNIDADE DE INTERNAÇÃO - CLÍNICA MÉDICA;9
CSSFE;2024;4;UNIDADE DE CUIDADOS PROLONGADOS;13
CSSFE;2024;4;UNIDADE DE INTERNAÇÃO - CLÍNICA MÉDICA;17
CSSFE;2024;5;UNIDADE DE CUIDADOS PROLONGADOS;4
CSSFE;2024;5;UNIDADE DE INTERNAÇÃO - CLÍNICA MÉDICA;14
CSSFE;2024;6;UNIDADE DE CUIDADOS PROLONGADOS;7
CSSFE;2024;6;UNIDADE DE INTERNAÇÃO - CLÍNICA MÉDICA;6
CSSFE;2024;7;UNIDADE DE CUIDADOS PROLONGADOS;2
CSSFE;2024;7;UNIDADE DE INTERNAÇÃO - CLÍNICA MÉDICA;16
CSSFE;2024;8;UNIDADE DE CUIDADOS PROLONGADOS;5
CSSFE;2024;8;UNIDADE DE INTERNAÇÃO - CLÍNICA MÉDICA;6
CSSFE;2024;9;UNIDADE DE CUIDADOS PROLONGADOS;5
CSSFE;2024;9;UNIDADE DE INTERNAÇÃO - CLÍNICA MÉDICA;11
CSSFE;2024;10;UNIDADE DE CUIDADOS PROLONGADOS;1
CSSFE;2024;10;UNIDADE DE INTERNAÇÃO - CLÍNICA MÉDICA;10
CSSFE;2024;11;UNIDADE DE CUIDADOS PROLONGADOS;6
CSSFE;2024;11;UNIDADE DE INTERNAÇÃO - CLÍNICA MÉDICA;10
CSSFE;2024;12;UNIDADE DE CUIDADOS PROLONGADOS;6
CSSFE;2024;12;UNIDADE DE INTERNAÇÃO - CLÍNICA MÉDICA;6
CSSI;2024;1;CLINICA MEDICA ALA A;26
CSSI;2024;1;CLÍNICA MÉDICA ALA C;37
CSSI;2024;1;UNIDADE DE CUIDADOS PROLONGADOS - ALA B;3
CSSI;2024;1;UNIDADE URGÊNCIA/EMERGÊNCIA - OBSERVAÇÃO;1
CSSI;2024;1;UNIDADES DE CUIDADOS PROLONGADOS - UCP;7
CSSI;2024;2;CLINICA MEDICA ALA A;32
CSSI;2024;2;CLÍNICA MÉDICA ALA B;1
CSSI;2024;2;CLÍNICA MÉDICA ALA C;41
CSSI;2024;2;UNIDADE DE CUIDADOS PROLONGADOS - ALA B;13
CSSI;2024;2;UNIDADE URGÊNCIA/EMERGÊNCIA - OBSERVAÇÃO;3
CSSI;2024;2;UNIDADES DE CUIDADOS PROLONGADOS - UCP;13
CSSI;2024;3;CLINICA MEDICA ALA A;33
CSSI;2024;3;CLÍNICA MÉDICA ALA B;1
CSSI;2024;3;CLÍNICA MÉDICA ALA C;44
CSSI;2024;3;UNIDADE DE CUIDADOS PROLONGADOS - ALA B;6
CSSI;2024;3;UNIDADE URGÊNCIA/EMERGÊNCIA - OBSERVAÇÃO;2
CSSI;2024;3;UNIDADES DE CUIDADOS PROLONGADOS - UCP;15
CSSI;2024;4;CLINICA MEDICA ALA A;24
CSSI;2024;4;CLÍNICA MÉDICA ALA B;1
CSSI;2024;4;CLÍNICA MÉDICA ALA C;46
CSSI;2024;4;UNIDADE DE CUIDADOS PROLONGADOS - ALA B;5
CSSI;2024;4;UNIDADE URGÊNCIA/EMERGÊNCIA - OBSERVAÇÃO;2
CSSI;2024;4;UNIDADES DE CUIDADOS PROLONGADOS - UCP;14
CSSI;2024;5;CLINICA MEDICA ALA A;5
CSSI;2024;5;CLÍNICA MÉDICA ALA B;1
CSSI;2024;5;CLÍNICA MÉDICA ALA C;69
CSSI;2024;5;UNIDADE DE CUIDADOS PROLONGADOS - ALA A;6
CSSI;2024;5;UNIDADE DE CUIDADOS PROLONGADOS - ALA B;5
CSSI;2024;5;UNIDADE URGÊNCIA/EMERGÊNCIA - OBSERVAÇÃO;3
CSSI;2024;5;UNIDADES DE CUIDADOS PROLONGADOS - UCP;18
CSSI;2024;6;CLÍNICA MÉDICA ALA B;1
CSSI;2024;6;CLÍNICA MÉDICA ALA C;56
CSSI;2024;6;UNIDADE DE CUIDADOS PROLONGADOS - ALA A;9
CSSI;2024;6;UNIDADE DE CUIDADOS PROLONGADOS - ALA B;3
CSSI;2024;6;UNIDADE URGÊNCIA/EMERGÊNCIA - OBSERVAÇÃO;1
CSSI;2024;6;UNIDADES DE CUIDADOS PROLONGADOS - UCP;16
CSSI;2024;7;CLÍNICA MÉDICA ALA B;1
CSSI;2024;7;CLÍNICA MÉDICA ALA C;42
CSSI;2024;7;UNIDADE DE CUIDADOS PROLONGADOS - ALA A;10
CSSI;2024;7;UNIDADE DE CUIDADOS PROLONGADOS - ALA B;7
CSSI;2024;7;UNIDADES DE CUIDADOS PROLONGADOS - UCP;18
CSSI;2024;8;CLÍNICA MÉDICA ALA B;2
CSSI;2024;8;CLÍNICA MÉDICA ALA C;50
CSSI;2024;8;UNIDADE DE CUIDADOS PROLONGADOS - ALA A;11
CSSI;2024;8;UNIDADE DE CUIDADOS PROLONGADOS - ALA B;9
CSSI;2024;8;UNIDADES DE CUIDADOS PROLONGADOS - UCP;16
CSSI;2024;9;CLÍNICA MÉDICA ALA C;32
CSSI;2024;9;UNIDADE DE CUIDADOS PROLONGADOS - ALA A;14
CSSI;2024;9;UNIDADE DE CUIDADOS PROLONGADOS - ALA B;10
CSSI;2024;9;UNIDADES DE CUIDADOS PROLONGADOS - UCP;18
CSSI;2024;10;CLÍNICA MÉDICA ALA B;1
CSSI;2024;10;CLÍNICA MÉDICA ALA C;42
CSSI;2024;10;UNIDADE DE CUIDADOS PROLONGADOS - ALA A;7
CSSI;2024;10;UNIDADE DE CUIDADOS PROLONGADOS - ALA B;10
CSSI;2024;10;UNIDADES DE CUIDADOS PROLONGADOS - UCP;13
CSSI;2024;11;CLÍNICA MÉDICA ALA B;2
CSSI;2024;11;CLÍNICA MÉDICA ALA C;53
CSSI;2024;11;UNIDADE DE CUIDADOS PROLONGADOS - ALA A;7
CSSI;2024;11;UNIDADE DE CUIDADOS PROLONGADOS - ALA B;9
CSSI;2024;11;UNIDADE URGÊNCIA/EMERGÊNCIA - OBSERVAÇÃO;1
CSSI;2024;11;UNIDADES DE CUIDADOS PROLONGADOS - UCP;6
CSSI;2024;12;CLÍNICA MÉDICA ALA C;59
CSSI;2024;12;UNIDADE DE CUIDADOS PROLONGADOS - ALA A;7
CSSI;2024;12;UNIDADE DE CUIDADOS PROLONGADOS - ALA B;10
CSSI;2024;12;UNIDADE URGÊNCIA/EMERGÊNCIA - OBSERVAÇÃO;1
CSSI;2024;12;UNIDADES DE CUIDADOS PROLONGADOS - UCP;10
HAC;2024;1;AMBULATORIO - ESPECIALIDADES;1
HAC;2024;1;QUIMIOTERAPIA;1
HAC;2024;1;UNIDADE INTERNAÇÃO - CLINICA CIRURGICA;121
HAC;2024;1;UNIDADE INTERNAÇÃO - CLINICA MÉDICA;132
HAC;2024;1;UTI - ADULTO;7
HAC;2024;2;AMBULATORIO - ESPECIALIDADES;2
HAC;2024;2;AMBULATORIO DE ONCOLOGIA CLINICA;1
HAC;2024;2;QUIMIOTERAPIA;2
HAC;2024;2;UNIDADE INTERNAÇÃO - CLINICA CIRURGICA;132
HAC;2024;2;UNIDADE INTERNAÇÃO - CLINICA MÉDICA;149
HAC;2024;2;UTI - ADULTO;5
HAC;2024;3;AMBULATORIO - ESPECIALIDADES;3
HAC;2024;3;UNIDADE INTERNAÇÃO - CLINICA CIRURGICA;151
HAC;2024;3;UNIDADE INTERNAÇÃO - CLINICA MÉDICA;147
HAC;2024;3;UTI - ADULTO;6
HAC;2024;4;AMBULATORIO - ESPECIALIDADES;4
HAC;2024;4;QUIMIOTERAPIA;2
HAC;2024;4;UNIDADE INTERNAÇÃO - CLINICA CIRURGICA;142
HAC;2024;4;UNIDADE INTERNAÇÃO - CLINICA MÉDICA;170
HAC;2024;4;UTI - ADULTO;9
HAC;2024;5;AMBULATORIO - ESPECIALIDADES;1
HAC;2024;5;UNIDADE INTERNAÇÃO - CLINICA CIRURGICA;135
HAC;2024;5;UNIDADE INTERNAÇÃO - CLINICA MÉDICA;165
HAC;2024;5;UTI - ADULTO;10
HAC;2024;6;AMBULATORIO - ESPECIALIDADES;1
HAC;2024;6;QUIMIOTERAPIA;1
HAC;2024;6;UNIDADE INTERNAÇÃO - CLINICA CIRURGICA;138
HAC;2024;6;UNIDADE INTERNAÇÃO - CLINICA MÉDICA;135
HAC;2024;6;UTI - ADULTO;5
HAC;2024;7;AMBULATORIO - ESPECIALIDADES;2
HAC;2024;7;AMBULATORIO DE ONCOLOGIA CLINICA;1
HAC;2024;7;QUIMIOTERAPIA;2
HAC;2024;7;UNIDADE INTERNAÇÃO - CLINICA CIRURGICA;121
HAC;2024;7;UNIDADE INTERNAÇÃO - CLINICA MÉDICA;158
HAC;2024;7;UTI - ADULTO;7
HAC;2024;8;AMBULATORIO - ESPECIALIDADES;2
HAC;2024;8;AMBULATORIO DE ONCOLOGIA CLINICA;1
HAC;2024;8;QUIMIOTERAPIA;1
HAC;2024;8;UNIDADE INTERNAÇÃO - CLINICA CIRURGICA;134
HAC;2024;8;UNIDADE INTERNAÇÃO - CLINICA MÉDICA;174
HAC;2024;8;UTI - ADULTO;12
HAC;2024;9;AMBULATORIO - ESPECIALIDADES;2
HAC;2024;9;AMBULATORIO DE ONCOLOGIA ESPECIALIDADES;1
HAC;2024;9;QUIMIOTERAPIA;2
HAC;2024;9;UNIDADE INTERNAÇÃO - CLINICA CIRURGICA;142
HAC;2024;9;UNIDADE INTERNAÇÃO - CLINICA MÉDICA;137
HAC;2024;9;UTI - ADULTO;9
HAC;2024;10;QUIMIOTERAPIA;2
HAC;2024;10;UNIDADE INTERNAÇÃO - CLINICA CIRURGICA;158
HAC;2024;10;UNIDADE INTERNAÇÃO - CLINICA MÉDICA;159
HAC;2024;10;UTI - ADULTO;6
HAC;2024;11;AMBULATORIO DE ONCOLOGIA ESPECIALIDADES;1
HAC;2024;11;QUIMIOTERAPIA;4
HAC;2024;11;UNIDADE INTERNAÇÃO - CLINICA CIRURGICA;150
HAC;2024;11;UNIDADE INTERNAÇÃO - CLINICA MÉDICA;164
HAC;2024;11;UTI - ADULTO;11
HAC;2024;12;AMBULATORIO - ESPECIALIDADES;2
HAC;2024;12;UNIDADE INTERNAÇÃO - CLINICA CIRURGICA;141
HAC;2024;12;UNIDADE INTERNAÇÃO - CLINICA MÉDICA;144
HAC;2024;12;UTI - ADULTO;8
HCM;2024;1;UNIDADE DE CUIDADOS CONTINUADOS INTEGRADOS;3
HCM;2024;2;UNIDADE DE CUIDADOS CONTINUADOS INTEGRADOS;7
HCM;2024;3;UNIDADE DE CUIDADOS CONTINUADOS INTEGRADOS;23
HCM;2024;4;UNIDADE DE CUIDADOS CONTINUADOS INTEGRADOS;57
HCM;2024;5;UNIDADE DE CUIDADOS CONTINUADOS INTEGRADOS;30
HCM;2024;6;UNIDADE DE CUIDADOS CONTINUADOS INTEGRADOS;13
HCM;2024;7;UNIDADE DE CUIDADOS CONTINUADOS INTEGRADOS;14
HCM;2024;8;UNIDADE DE CUIDADOS CONTINUADOS INTEGRADOS;3
HCM;2024;9;UNIDADE DE CUIDADOS CONTINUADOS INTEGRADOS;5
HCM;2024;10;UNIDADE DE CUIDADOS CONTINUADOS INTEGRADOS;2
HCM;2024;11;UNIDADE DE CUIDADOS CONTINUADOS INTEGRADOS;5
HCM;2024;12;UNIDADE DE CUIDADOS CONTINUADOS INTEGRADOS;10
HEM;2024;1;UNIDADE INTERNAÇÃO - DOENÇAS INFECTO-CONTAGIOSAS E PARASITÁRIAS DOENÇAS INFECTO CONTAGIOSAS;237
HEM;2024;1;UTI - ADULTO;12
HEM;2024;2;UNIDADE INTERNAÇÃO - DOENÇAS INFECTO-CONTAGIOSAS E PARASITÁRIAS DOENÇAS INFECTO CONTAGIOSAS;367
HEM;2024;2;UTI - ADULTO;9
HEM;2024;3;HOSPITAL DIA;1
HEM;2024;3;UNIDADE INTERNAÇÃO - DOENÇAS INFECTO-CONTAGIOSAS E PARASITÁRIAS DOENÇAS INFECTO CONTAGIOSAS;411
HEM;2024;3;UTI - ADULTO;11
HEM;2024;4;UNIDADE INTERNAÇÃO - DOENÇAS INFECTO-CONTAGIOSAS E PARASITÁRIAS DOENÇAS INFECTO CONTAGIOSAS;365
HEM;2024;4;UTI - ADULTO;12
HEM;2024;5;UNIDADE INTERNAÇÃO - DOENÇAS INFECTO-CONTAGIOSAS E PARASITÁRIAS DOENÇAS INFECTO CONTAGIOSAS;245
HEM;2024;5;UTI - ADULTO;11
HEM;2024;6;UNIDADE INTERNAÇÃO - DOENÇAS INFECTO-CONTAGIOSAS E PARASITÁRIAS DOENÇAS INFECTO CONTAGIOSAS;150
HEM;2024;6;UTI - ADULTO;14
HEM;2024;7;UNIDADE INTERNAÇÃO - DOENÇAS INFECTO-CONTAGIOSAS E PARASITÁRIAS DOENÇAS INFECTO CONTAGIOSAS;157
HEM;2024;7;UTI - ADULTO;2
HEM;2024;8;UNIDADE INTERNAÇÃO - DOENÇAS INFECTO-CONTAGIOSAS E PARASITÁRIAS DOENÇAS INFECTO CONTAGIOSAS;133
HEM;2024;8;UTI - ADULTO;4
HEM;2024;9;UNIDADE INTERNAÇÃO - DOENÇAS INFECTO-CONTAGIOSAS E PARASITÁRIAS DOENÇAS INFECTO CONTAGIOSAS;143
HEM;2024;9;UTI - ADULTO;13
HEM;2024;10;UNIDADE INTERNAÇÃO - DOENÇAS INFECTO-CONTAGIOSAS E PARASITÁRIAS DOENÇAS INFECTO CONTAGIOSAS;142
HEM;2024;10;UTI - ADULTO;3
HEM;2024;11;UNIDADE INTERNAÇÃO - DOENÇAS INFECTO-CONTAGIOSAS E PARASITÁRIAS DOENÇAS INFECTO CONTAGIOSAS;138
HEM;2024;11;UTI - ADULTO;10
HEM;2024;12;UNIDADE INTERNAÇÃO - DOENÇAS INFECTO-CONTAGIOSAS E PARASITÁRIAS DOENÇAS INFECTO CONTAGIOSAS;134
HEM;2024;12;UTI - ADULTO;10
HIJPII;2024;1;UNIDADE INTERNAÇÃO - CLINICA PEDIÁTRICA;199
HIJPII;2024;1;UNIDADE INTERNAÇÃO - CURTO PRAZO;30
HIJPII;2024;1;UNIDADE INTERNAÇÃO - DOENÇAS INFECTO-CONTAGIOSAS E PARASITÁRIAS;79
HIJPII;2024;1;UTI;5
HIJPII;2024;2;UNIDADE INTERNAÇÃO - CLINICA PEDIÁTRICA;219
HIJPII;2024;2;UNIDADE INTERNAÇÃO - CURTO PRAZO;51
HIJPII;2024;2;UNIDADE INTERNAÇÃO - DOENÇAS INFECTO-CONTAGIOSAS E PARASITÁRIAS;138
HIJPII;2024;2;UTI;5
HIJPII;2024;3;RADIOLOGIA;1
HIJPII;2024;3;UNIDADE INTERNAÇÃO - CLINICA PEDIÁTRICA;327
HIJPII;2024;3;UNIDADE INTERNAÇÃO - CURTO PRAZO;126
HIJPII;2024;3;UNIDADE INTERNAÇÃO - DOENÇAS INFECTO-CONTAGIOSAS E PARASITÁRIAS;149
HIJPII;2024;3;UTI;3
HIJPII;2024;4;UNIDADE INTERNAÇÃO - CLINICA PEDIÁTRICA;335
HIJPII;2024;4;UNIDADE INTERNAÇÃO - CURTO PRAZO;101
HIJPII;2024;4;UNIDADE INTERNAÇÃO - DOENÇAS INFECTO-CONTAGIOSAS E PARASITÁRIAS;170
HIJPII;2024;4;UTI;3
HIJPII;2024;5;AMBULATORIO - ESPECIALIDADES;2
HIJPII;2024;5;UNIDADE INTERNAÇÃO - CLINICA PEDIÁTRICA;296
HIJPII;2024;5;UNIDADE INTERNAÇÃO - CURTO PRAZO;51
HIJPII;2024;5;UNIDADE INTERNAÇÃO - DOENÇAS INFECTO-CONTAGIOSAS E PARASITÁRIAS;142
HIJPII;2024;5;UTI;7
HIJPII;2024;6;UNIDADE INTERNAÇÃO - CLINICA PEDIÁTRICA;260
HIJPII;2024;6;UNIDADE INTERNAÇÃO - CURTO PRAZO;34
HIJPII;2024;6;UNIDADE INTERNAÇÃO - DOENÇAS INFECTO-CONTAGIOSAS E PARASITÁRIAS;102
HIJPII;2024;6;UTI;4
HIJPII;2024;7;UNIDADE INTERNAÇÃO - CLINICA PEDIÁTRICA;236
HIJPII;2024;7;UNIDADE INTERNAÇÃO - CURTO PRAZO;38
HIJPII;2024;7;UNIDADE INTERNAÇÃO - DOENÇAS INFECTO-CONTAGIOSAS E PARASITÁRIAS;109
HIJPII;2024;7;UTI;6
HIJPII;2024;8;UNIDADE INTERNAÇÃO - CLINICA PEDIÁTRICA;233
HIJPII;2024;8;UNIDADE INTERNAÇÃO - CURTO PRAZO;22
HIJPII;2024;8;UNIDADE INTERNAÇÃO - DOENÇAS INFECTO-CONTAGIOSAS E PARASITÁRIAS;88
HIJPII;2024;8;UTI;7
HIJPII;2024;9;UNIDADE INTERNAÇÃO - CLINICA PEDIÁTRICA;245
HIJPII;2024;9;UNIDADE INTERNAÇÃO - CURTO PRAZO;44
HIJPII;2024;9;UNIDADE INTERNAÇÃO - DOENÇAS INFECTO-CONTAGIOSAS E PARASITÁRIAS;100
HIJPII;2024;9;UTI;6
HIJPII;2024;10;AMBULATORIO ESPECIALIDADES MEDICAS;1
HIJPII;2024;10;UNIDADE INTERNAÇÃO - CLINICA PEDIÁTRICA;225
HIJPII;2024;10;UNIDADE INTERNAÇÃO - CURTO PRAZO;33
HIJPII;2024;10;UNIDADE INTERNAÇÃO - DOENÇAS INFECTO-CONTAGIOSAS E PARASITÁRIAS;119
HIJPII;2024;10;UTI;7
HIJPII;2024;11;UNIDADE INTERNAÇÃO - CLINICA PEDIÁTRICA;222
HIJPII;2024;11;UNIDADE INTERNAÇÃO - CURTO PRAZO;31
HIJPII;2024;11;UNIDADE INTERNAÇÃO - DOENÇAS INFECTO-CONTAGIOSAS E PARASITÁRIAS;96
HIJPII;2024;11;UTI;5
HIJPII;2024;12;AMBULATORIO - ESPECIALIDADES;1
HIJPII;2024;12;UNIDADE INTERNAÇÃO - CLINICA PEDIÁTRICA;240
HIJPII;2024;12;UNIDADE INTERNAÇÃO - CURTO PRAZO;42
HIJPII;2024;12;UNIDADE INTERNAÇÃO - DOENÇAS INFECTO-CONTAGIOSAS E PARASITÁRIAS;111
HIJPII;2024;12;UTI;9
HJK;2024;1;ALOJAMENTO CONJUNTO;255
HJK;2024;1;UCI - UNIDADE DE CUIDADO INTERMEDIARIO NEONATAL CONVENCIONAL;10
HJK;2024;1;UNIDADE INTERNAÇÃO - CLINICA CIRURGICA;141
HJK;2024;1;UNIDADE INTERNAÇÃO - CLINICA MÉDICA;119
HJK;2024;1;UNIDADE INTERNAÇÃO - CLINICA PNEUMOLOGICA;112
HJK;2024;1;UNIDADE INTERNAÇÃO - CLINICA TISIOLÓGICA;24
HJK;2024;1;UNIDADE URGENCIA/EMERGENCIA;223
HJK;2024;1;UTI - ADULTO;28
HJK;2024;2;ALOJAMENTO CONJUNTO;253
HJK;2024;2;UCI - UNIDADE DE CUIDADO INTERMEDIARIO NEONATAL CONVENCIONAL;8
HJK;2024;2;UNIDADE INTERNAÇÃO - CLINICA CIRURGICA;149
HJK;2024;2;UNIDADE INTERNAÇÃO - CLINICA MÉDICA;126
HJK;2024;2;UNIDADE INTERNAÇÃO - CLINICA PNEUMOLOGICA;110
HJK;2024;2;UNIDADE INTERNAÇÃO - CLINICA TISIOLÓGICA;25
HJK;2024;2;UNIDADE URGENCIA/EMERGENCIA;314
HJK;2024;2;UTI - ADULTO;33
HJK;2024;2;UTI - NEONATAL;2
HJK;2024;3;ALOJAMENTO CONJUNTO;294
HJK;2024;3;UCI - UNIDADE DE CUIDADO INTERMEDIARIO NEONATAL CONVENCIONAL;10
HJK;2024;3;UNIDADE INTERNAÇÃO - CLINICA CIRURGICA;189
HJK;2024;3;UNIDADE INTERNAÇÃO - CLINICA MÉDICA;127
HJK;2024;3;UNIDADE INTERNAÇÃO - CLINICA PNEUMOLOGICA;106
HJK;2024;3;UNIDADE INTERNAÇÃO - CLINICA TISIOLÓGICA;56
HJK;2024;3;UNIDADE URGENCIA/EMERGENCIA;395
HJK;2024;3;UTI - ADULTO;35
HJK;2024;3;UTI - NEONATAL;1
HJK;2024;4;ALOJAMENTO CONJUNTO;283
HJK;2024;4;UCI - UNIDADE DE CUIDADO INTERMEDIARIO NEONATAL CONVENCIONAL;10
HJK;2024;4;UNIDADE INTERNAÇÃO - CLINICA CIRURGICA;186
HJK;2024;4;UNIDADE INTERNAÇÃO - CLINICA MÉDICA;120
HJK;2024;4;UNIDADE INTERNAÇÃO - CLINICA PNEUMOLOGICA;117
HJK;2024;4;UNIDADE INTERNAÇÃO - CLINICA TISIOLÓGICA;56
HJK;2024;4;UNIDADE URGENCIA/EMERGENCIA;313
HJK;2024;4;UTI - ADULTO;27
HJK;2024;4;UTI - NEONATAL;4
HJK;2024;5;ALOJAMENTO CONJUNTO;308
HJK;2024;5;UCI - UNIDADE DE CUIDADO INTERMEDIARIO NEONATAL CONVENCIONAL;13
HJK;2024;5;UNIDADE INTERNAÇÃO - CLINICA CIRURGICA;168
HJK;2024;5;UNIDADE INTERNAÇÃO - CLINICA MÉDICA;134
HJK;2024;5;UNIDADE INTERNAÇÃO - CLINICA PNEUMOLOGICA;122
HJK;2024;5;UNIDADE INTERNAÇÃO - CLINICA TISIOLÓGICA;58
HJK;2024;5;UNIDADE URGENCIA/EMERGENCIA;306
HJK;2024;5;UTI - ADULTO;41
HJK;2024;5;UTI - NEONATAL;7
HJK;2024;6;ALOJAMENTO CONJUNTO;263
HJK;2024;6;AMBULATORIO ESPECIALIDADES MEDICAS;1
HJK;2024;6;UCI - UNIDADE DE CUIDADO INTERMEDIARIO NEONATAL CONVENCIONAL;7
HJK;2024;6;UNIDADE INTERNAÇÃO - CLINICA CIRURGICA;190
HJK;2024;6;UNIDADE INTERNAÇÃO - CLINICA MÉDICA;133
HJK;2024;6;UNIDADE INTERNAÇÃO - CLINICA PNEUMOLOGICA;120
HJK;2024;6;UNIDADE INTERNAÇÃO - CLINICA TISIOLÓGICA;50
HJK;2024;6;UNIDADE URGENCIA/EMERGENCIA;247
HJK;2024;6;UTI - ADULTO;38
HJK;2024;6;UTI - NEONATAL;7
HJK;2024;7;ALOJAMENTO CONJUNTO;284
HJK;2024;7;UCI - UNIDADE DE CUIDADO INTERMEDIARIO NEONATAL CONVENCIONAL;16
HJK;2024;7;UNIDADE INTERNAÇÃO - CLINICA CIRURGICA;179
HJK;2024;7;UNIDADE INTERNAÇÃO - CLINICA MÉDICA;137
HJK;2024;7;UNIDADE INTERNAÇÃO - CLINICA PNEUMOLOGICA;105
HJK;2024;7;UNIDADE INTERNAÇÃO - CLINICA TISIOLÓGICA;55
HJK;2024;7;UNIDADE URGENCIA/EMERGENCIA;232
HJK;2024;7;UTI - ADULTO;37
HJK;2024;7;UTI - NEONATAL;3
HJK;2024;8;ALOJAMENTO CONJUNTO;270
HJK;2024;8;UCI - UNIDADE DE CUIDADO INTERMEDIARIO NEONATAL CONVENCIONAL;28
HJK;2024;8;UNIDADE INTERNAÇÃO - CLINICA CIRURGICA;199
HJK;2024;8;UNIDADE INTERNAÇÃO - CLINICA MÉDICA;115
HJK;2024;8;UNIDADE INTERNAÇÃO - CLINICA PNEUMOLOGICA;129
HJK;2024;8;UNIDADE INTERNAÇÃO - CLINICA TISIOLÓGICA;59
HJK;2024;8;UNIDADE URGENCIA/EMERGENCIA;217
HJK;2024;8;UTI - ADULTO;40
HJK;2024;8;UTI - NEONATAL;3
HJK;2024;9;ALOJAMENTO CONJUNTO;237
HJK;2024;9;UCI - UNIDADE DE CUIDADO INTERMEDIARIO NEONATAL CONVENCIONAL;17
HJK;2024;9;UNIDADE INTERNAÇÃO - CLINICA CIRURGICA;179
HJK;2024;9;UNIDADE INTERNAÇÃO - CLINICA MÉDICA;123
HJK;2024;9;UNIDADE INTERNAÇÃO - CLINICA PNEUMOLOGICA;112
HJK;2024;9;UNIDADE INTERNAÇÃO - CLINICA TISIOLÓGICA;63
HJK;2024;9;UNIDADE URGENCIA/EMERGENCIA;226
HJK;2024;9;UTI - ADULTO;34
HJK;2024;9;UTI - NEONATAL;3
HJK;2024;10;ALOJAMENTO CONJUNTO;263
HJK;2024;10;UCI - UNIDADE DE CUIDADO INTERMEDIARIO NEONATAL CONVENCIONAL;19
HJK;2024;10;UNIDADE INTERNAÇÃO - CLINICA CIRURGICA;209
HJK;2024;10;UNIDADE INTERNAÇÃO - CLINICA MÉDICA;143
HJK;2024;10;UNIDADE INTERNAÇÃO - CLINICA PNEUMOLOGICA;115
HJK;2024;10;UNIDADE INTERNAÇÃO - CLINICA TISIOLÓGICA;72
HJK;2024;10;UNIDADE URGENCIA/EMERGENCIA;220
HJK;2024;10;UTI - ADULTO;40
HJK;2024;10;UTI - NEONATAL;4
HJK;2024;11;ALOJAMENTO CONJUNTO;222
HJK;2024;11;UCI - UNIDADE DE CUIDADO INTERMEDIARIO NEONATAL CONVENCIONAL;13
HJK;2024;11;UNIDADE INTERNAÇÃO - CLINICA CIRURGICA;198
HJK;2024;11;UNIDADE INTERNAÇÃO - CLINICA MÉDICA;147
HJK;2024;11;UNIDADE INTERNAÇÃO - CLINICA PNEUMOLOGICA;134
HJK;2024;11;UNIDADE INTERNAÇÃO - CLINICA TISIOLÓGICA;55
HJK;2024;11;UNIDADE URGENCIA/EMERGENCIA;193
HJK;2024;11;UTI - ADULTO;28
HJK;2024;11;UTI - NEONATAL;1
HJK;2024;12;ALOJAMENTO CONJUNTO;261
HJK;2024;12;UCI - UNIDADE DE CUIDADO INTERMEDIARIO NEONATAL CONVENCIONAL;21
HJK;2024;12;UNIDADE INTERNAÇÃO - CLINICA CIRURGICA;155
HJK;2024;12;UNIDADE INTERNAÇÃO - CLINICA MÉDICA;148
HJK;2024;12;UNIDADE INTERNAÇÃO - CLINICA PNEUMOLOGICA;135
HJK;2024;12;UNIDADE INTERNAÇÃO - CLINICA TISIOLÓGICA;55
HJK;2024;12;UNIDADE URGENCIA/EMERGENCIA;231
HJK;2024;12;UTI - ADULTO;49
HJK;2024;12;UTI - NEONATAL;3
HJXXIII;2024;1;BLOCO CIRURGICO;54
HJXXIII;2024;1;PRONTO SOCORRO;491
HJXXIII;2024;1;UNIDADE INTERNAÇÃO - CIRURGIA GERAL 4º ANDAR;117
HJXXIII;2024;1;UNIDADE INTERNAÇÃO - CIRURGIA PLÁSTICA 7º ANDAR;89
HJXXIII;2024;1;UNIDADE INTERNAÇÃO - CLINICA CUIDADOS PROGRESSIVOS 3º ANDAR;6
HJXXIII;2024;1;UNIDADE INTERNAÇÃO - CLINICA MÉDICA 6º ANDAR;46
HJXXIII;2024;1;UNIDADE INTERNAÇÃO - CLINICA NEUROLOGICA 5º ANDAR;46
HJXXIII;2024;1;UNIDADE INTERNAÇÃO - QUEIMADOS GRAVES 9º ANDAR;4
HJXXIII;2024;1;UNIDADE INTERNAÇÃO - QUEIMADOS MÉDIOS - 8º ANDAR;26
HJXXIII;2024;1;UTI;24
HJXXIII;2024;1;UTI -  PEDIATRICO 2º ANDAR;16
HJXXIII;2024;2;BLOCO CIRURGICO;47
HJXXIII;2024;2;PRONTO SOCORRO;484
HJXXIII;2024;2;UNIDADE INTERNAÇÃO - CIRURGIA GERAL 4º ANDAR;103
HJXXIII;2024;2;UNIDADE INTERNAÇÃO - CIRURGIA PLÁSTICA 7º ANDAR;101
HJXXIII;2024;2;UNIDADE INTERNAÇÃO - CLINICA CUIDADOS PROGRESSIVOS 3º ANDAR;12
HJXXIII;2024;2;UNIDADE INTERNAÇÃO - CLINICA MÉDICA 6º ANDAR;47
HJXXIII;2024;2;UNIDADE INTERNAÇÃO - CLINICA NEUROLOGICA 5º ANDAR;47
HJXXIII;2024;2;UNIDADE INTERNAÇÃO - QUEIMADOS GRAVES 9º ANDAR;1
HJXXIII;2024;2;UNIDADE INTERNAÇÃO - QUEIMADOS MÉDIOS - 8º ANDAR;30
HJXXIII;2024;2;UTI;21
HJXXIII;2024;2;UTI -  PEDIATRICO 2º ANDAR;18
HJXXIII;2024;3;BLOCO CIRURGICO;57
HJXXIII;2024;3;PRONTO SOCORRO;615
HJXXIII;2024;3;UNIDADE INTERNAÇÃO - CIRURGIA GERAL 4º ANDAR;121
HJXXIII;2024;3;UNIDADE INTERNAÇÃO - CIRURGIA PLÁSTICA 7º ANDAR;100
HJXXIII;2024;3;UNIDADE INTERNAÇÃO - CLINICA CUIDADOS PROGRESSIVOS 3º ANDAR;16
HJXXIII;2024;3;UNIDADE INTERNAÇÃO - CLINICA MÉDICA 6º ANDAR;49
HJXXIII;2024;3;UNIDADE INTERNAÇÃO - CLINICA NEUROLOGICA 5º ANDAR;63
HJXXIII;2024;3;UNIDADE INTERNAÇÃO - QUEIMADOS GRAVES 9º ANDAR;3
HJXXIII;2024;3;UNIDADE INTERNAÇÃO - QUEIMADOS MÉDIOS - 8º ANDAR;27
HJXXIII;2024;3;UTI;29
HJXXIII;2024;3;UTI -  PEDIATRICO 2º ANDAR;28
HJXXIII;2024;4;BLOCO CIRURGICO;43
HJXXIII;2024;4;PRONTO SOCORRO;528
HJXXIII;2024;4;UNIDADE INTERNAÇÃO - CIRURGIA GERAL 4º ANDAR;145
HJXXIII;2024;4;UNIDADE INTERNAÇÃO - CIRURGIA PLÁSTICA 7º ANDAR;109
HJXXIII;2024;4;UNIDADE INTERNAÇÃO - CLINICA CUIDADOS PROGRESSIVOS 3º ANDAR;16
HJXXIII;2024;4;UNIDADE INTERNAÇÃO - CLINICA MÉDICA 6º ANDAR;54
HJXXIII;2024;4;UNIDADE INTERNAÇÃO - CLINICA NEUROLOGICA 5º ANDAR;77
HJXXIII;2024;4;UNIDADE INTERNAÇÃO - QUEIMADOS GRAVES 9º ANDAR;6
HJXXIII;2024;4;UNIDADE INTERNAÇÃO - QUEIMADOS MÉDIOS - 8º ANDAR;22
HJXXIII;2024;4;UTI;21
HJXXIII;2024;4;UTI -  PEDIATRICO 2º ANDAR;51
HJXXIII;2024;5;BLOCO CIRURGICO;61
HJXXIII;2024;5;PRONTO SOCORRO;515
HJXXIII;2024;5;UNIDADE INTERNAÇÃO - CIRURGIA GERAL 4º ANDAR;142
HJXXIII;2024;5;UNIDADE INTERNAÇÃO - CIRURGIA PLÁSTICA 7º ANDAR;140
HJXXIII;2024;5;UNIDADE INTERNAÇÃO - CLINICA CUIDADOS PROGRESSIVOS 3º ANDAR;10
HJXXIII;2024;5;UNIDADE INTERNAÇÃO - CLINICA MÉDICA 6º ANDAR;48
HJXXIII;2024;5;UNIDADE INTERNAÇÃO - CLINICA NEUROLOGICA 5º ANDAR;81
HJXXIII;2024;5;UNIDADE INTERNAÇÃO - QUEIMADOS GRAVES 9º ANDAR;2
HJXXIII;2024;5;UNIDADE INTERNAÇÃO - QUEIMADOS MÉDIOS - 8º ANDAR;33
HJXXIII;2024;5;UTI;38
HJXXIII;2024;5;UTI -  PEDIATRICO 2º ANDAR;45
HJXXIII;2024;6;BLOCO CIRURGICO;49
HJXXIII;2024;6;PRONTO SOCORRO;507
HJXXIII;2024;6;UNIDADE INTERNAÇÃO - CIRURGIA GERAL 4º ANDAR;153
HJXXIII;2024;6;UNIDADE INTERNAÇÃO - CIRURGIA PLÁSTICA 7º ANDAR;97
HJXXIII;2024;6;UNIDADE INTERNAÇÃO - CLINICA CUIDADOS PROGRESSIVOS 3º ANDAR;12
HJXXIII;2024;6;UNIDADE INTERNAÇÃO - CLINICA MÉDICA 6º ANDAR;40
HJXXIII;2024;6;UNIDADE INTERNAÇÃO - CLINICA NEUROLOGICA 5º ANDAR;64
HJXXIII;2024;6;UNIDADE INTERNAÇÃO - QUEIMADOS GRAVES 9º ANDAR;1
HJXXIII;2024;6;UNIDADE INTERNAÇÃO - QUEIMADOS MÉDIOS - 8º ANDAR;28
HJXXIII;2024;6;UTI;16
HJXXIII;2024;6;UTI -  PEDIATRICO 2º ANDAR;25
HJXXIII;2024;7;BLOCO CIRURGICO;59
HJXXIII;2024;7;PRONTO SOCORRO;602
HJXXIII;2024;7;UNIDADE INTERNAÇÃO - CIRURGIA GERAL 4º ANDAR;119
HJXXIII;2024;7;UNIDADE INTERNAÇÃO - CIRURGIA PLÁSTICA 7º ANDAR;102
HJXXIII;2024;7;UNIDADE INTERNAÇÃO - CLINICA CUIDADOS PROGRESSIVOS 3º ANDAR;4
HJXXIII;2024;7;UNIDADE INTERNAÇÃO - CLINICA MÉDICA 6º ANDAR;29
HJXXIII;2024;7;UNIDADE INTERNAÇÃO - CLINICA NEUROLOGICA 5º ANDAR;53
HJXXIII;2024;7;UNIDADE INTERNAÇÃO - QUEIMADOS MÉDIOS - 8º ANDAR;31
HJXXIII;2024;7;UTI;36
HJXXIII;2024;7;UTI -  PEDIATRICO 2º ANDAR;37
HJXXIII;2024;8;BLOCO CIRURGICO;54
HJXXIII;2024;8;PRONTO SOCORRO;541
HJXXIII;2024;8;UNIDADE INTERNAÇÃO - CIRURGIA GERAL 4º ANDAR;131
HJXXIII;2024;8;UNIDADE INTERNAÇÃO - CIRURGIA PLÁSTICA 7º ANDAR;73
HJXXIII;2024;8;UNIDADE INTERNAÇÃO - CLINICA CUIDADOS PROGRESSIVOS 3º ANDAR;12
HJXXIII;2024;8;UNIDADE INTERNAÇÃO - CLINICA MÉDICA 6º ANDAR;39
HJXXIII;2024;8;UNIDADE INTERNAÇÃO - CLINICA NEUROLOGICA 5º ANDAR;74
HJXXIII;2024;8;UNIDADE INTERNAÇÃO - QUEIMADOS GRAVES 9º ANDAR;2
HJXXIII;2024;8;UNIDADE INTERNAÇÃO - QUEIMADOS MÉDIOS - 8º ANDAR;18
HJXXIII;2024;8;UTI;20
HJXXIII;2024;8;UTI -  PEDIATRICO 2º ANDAR;24
HJXXIII;2024;9;BLOCO CIRURGICO;57
HJXXIII;2024;9;PRONTO SOCORRO;525
HJXXIII;2024;9;UNIDADE INTERNAÇÃO - CIRURGIA GERAL 4º ANDAR;120
HJXXIII;2024;9;UNIDADE INTERNAÇÃO - CIRURGIA PLÁSTICA 7º ANDAR;102
HJXXIII;2024;9;UNIDADE INTERNAÇÃO - CLINICA CUIDADOS PROGRESSIVOS 3º ANDAR;10
HJXXIII;2024;9;UNIDADE INTERNAÇÃO - CLINICA MÉDICA 6º ANDAR;42
HJXXIII;2024;9;UNIDADE INTERNAÇÃO - CLINICA NEUROLOGICA 5º ANDAR;51
HJXXIII;2024;9;UNIDADE INTERNAÇÃO - QUEIMADOS GRAVES 9º ANDAR;1
HJXXIII;2024;9;UNIDADE INTERNAÇÃO - QUEIMADOS MÉDIOS - 8º ANDAR;31
HJXXIII;2024;9;UTI;23
HJXXIII;2024;9;UTI -  PEDIATRICO 2º ANDAR;14
HJXXIII;2024;10;BLOCO CIRURGICO;48
HJXXIII;2024;10;PRONTO SOCORRO;574
HJXXIII;2024;10;UNIDADE INTERNAÇÃO - CIRURGIA GERAL 4º ANDAR;125
HJXXIII;2024;10;UNIDADE INTERNAÇÃO - CIRURGIA PLÁSTICA 7º ANDAR;87
HJXXIII;2024;10;UNIDADE INTERNAÇÃO - CLINICA CUIDADOS PROGRESSIVOS 3º ANDAR;7
HJXXIII;2024;10;UNIDADE INTERNAÇÃO - CLINICA MÉDICA 6º ANDAR;45
HJXXIII;2024;10;UNIDADE INTERNAÇÃO - CLINICA NEUROLOGICA 5º ANDAR;68
HJXXIII;2024;10;UNIDADE INTERNAÇÃO - QUEIMADOS MÉDIOS - 8º ANDAR;27
HJXXIII;2024;10;UTI;17
HJXXIII;2024;10;UTI -  PEDIATRICO 2º ANDAR;11
HJXXIII;2024;11;BLOCO CIRURGICO;28
HJXXIII;2024;11;PRONTO SOCORRO;525
HJXXIII;2024;11;UNIDADE INTERNAÇÃO - CIRURGIA GERAL 4º ANDAR;123
HJXXIII;2024;11;UNIDADE INTERNAÇÃO - CIRURGIA PLÁSTICA 7º ANDAR;82
HJXXIII;2024;11;UNIDADE INTERNAÇÃO - CLINICA CUIDADOS PROGRESSIVOS 3º ANDAR;9
HJXXIII;2024;11;UNIDADE INTERNAÇÃO - CLINICA MÉDICA 6º ANDAR;40
HJXXIII;2024;11;UNIDADE INTERNAÇÃO - CLINICA NEUROLOGICA 5º ANDAR;68
HJXXIII;2024;11;UNIDADE INTERNAÇÃO - QUEIMADOS GRAVES 9º ANDAR;2
HJXXIII;2024;11;UNIDADE INTERNAÇÃO - QUEIMADOS MÉDIOS - 8º ANDAR;27
HJXXIII;2024;11;UTI;29
HJXXIII;2024;11;UTI -  PEDIATRICO 2º ANDAR;19
HJXXIII;2024;12;BLOCO CIRURGICO;33
HJXXIII;2024;12;PRONTO SOCORRO;604
HJXXIII;2024;12;UNIDADE INTERNAÇÃO - CIRURGIA GERAL 4º ANDAR;133
HJXXIII;2024;12;UNIDADE INTERNAÇÃO - CIRURGIA PLÁSTICA 7º ANDAR;86
HJXXIII;2024;12;UNIDADE INTERNAÇÃO - CLINICA CUIDADOS PROGRESSIVOS 3º ANDAR;8
HJXXIII;2024;12;UNIDADE INTERNAÇÃO - CLINICA MÉDICA 6º ANDAR;41
HJXXIII;2024;12;UNIDADE INTERNAÇÃO - CLINICA NEUROLOGICA 5º ANDAR;59
HJXXIII;2024;12;UNIDADE INTERNAÇÃO - QUEIMADOS GRAVES 9º ANDAR;2
HJXXIII;2024;12;UNIDADE INTERNAÇÃO - QUEIMADOS MÉDIOS - 8º ANDAR;23
HJXXIII;2024;12;UTI;32
HJXXIII;2024;12;UTI -  PEDIATRICO 2º ANDAR;22
HMAL;2024;1;UNIDADE DE INTERNAÇÃO - TRAUMATO/ORTOPEDIA A;125
HMAL;2024;1;UNIDADE DE INTERNAÇÃO - TRAUMATO/ORTOPEDIA B;116
HMAL;2024;2;UNIDADE DE INTERNAÇÃO - TRAUMATO/ORTOPEDIA A;113
HMAL;2024;2;UNIDADE DE INTERNAÇÃO - TRAUMATO/ORTOPEDIA B;99
HMAL;2024;3;UNIDADE DE INTERNAÇÃO - TRAUMATO/ORTOPEDIA A;125
HMAL;2024;3;UNIDADE DE INTERNAÇÃO - TRAUMATO/ORTOPEDIA B;121
HMAL;2024;4;UNIDADE DE INTERNAÇÃO - TRAUMATO/ORTOPEDIA A;137
HMAL;2024;4;UNIDADE DE INTERNAÇÃO - TRAUMATO/ORTOPEDIA B;119
HMAL;2024;5;UNIDADE DE INTERNAÇÃO - TRAUMATO/ORTOPEDIA A;144
HMAL;2024;5;UNIDADE DE INTERNAÇÃO - TRAUMATO/ORTOPEDIA B;130
HMAL;2024;6;UNIDADE DE INTERNAÇÃO - TRAUMATO/ORTOPEDIA A;114
HMAL;2024;6;UNIDADE DE INTERNAÇÃO - TRAUMATO/ORTOPEDIA B;117
HMAL;2024;7;UNIDADE DE INTERNAÇÃO - TRAUMATO/ORTOPEDIA A;119
HMAL;2024;7;UNIDADE DE INTERNAÇÃO - TRAUMATO/ORTOPEDIA B;106
HMAL;2024;8;UNIDADE DE INTERNAÇÃO - TRAUMATO/ORTOPEDIA A;124
HMAL;2024;8;UNIDADE DE INTERNAÇÃO - TRAUMATO/ORTOPEDIA B;124
HMAL;2024;9;AMBULATORIO DE ORTOPEDIA;1
HMAL;2024;9;UNIDADE DE INTERNAÇÃO - TRAUMATO/ORTOPEDIA A;121
HMAL;2024;9;UNIDADE DE INTERNAÇÃO - TRAUMATO/ORTOPEDIA B;82
HMAL;2024;10;UNIDADE DE INTERNAÇÃO - TRAUMATO/ORTOPEDIA A;127
HMAL;2024;10;UNIDADE DE INTERNAÇÃO - TRAUMATO/ORTOPEDIA B;121
HMAL;2024;11;UNIDADE DE INTERNAÇÃO - TRAUMATO/ORTOPEDIA A;103
HMAL;2024;11;UNIDADE DE INTERNAÇÃO - TRAUMATO/ORTOPEDIA B;85
HMAL;2024;12;UNIDADE DE INTERNAÇÃO - TRAUMATO/ORTOPEDIA A;83
HMAL;2024;12;UNIDADE DE INTERNAÇÃO - TRAUMATO/ORTOPEDIA B;82
HRAD;2024;1;ALOJAMENTO CONJUNTO;157
HRAD;2024;1;BLOCO OBSTÉTRICO;2
HRAD;2024;1;UNIDADE DE DECISAO CLINICA;144
HRAD;2024;1;UNIDADE INTERNAÇÃO - CLINICA CIRURGICA;101
HRAD;2024;1;UNIDADE INTERNAÇÃO - CLINICA MÉDICA;78
HRAD;2024;1;UNIDADE INTERNAÇÃO - CLINICA ORTOPÉDICA;99
HRAD;2024;1;UNIDADE INTERNAÇÃO - CLINICA PEDIÁTRICA;45
HRAD;2024;1;UTI - ADULTO;12
HRAD;2024;1;UTI - NEONATAL;3
HRAD;2024;2;ALOJAMENTO CONJUNTO;141
HRAD;2024;2;BLOCO OBSTÉTRICO;1
HRAD;2024;2;UNIDADE DE DECISAO CLINICA;111
HRAD;2024;2;UNIDADE INTERNAÇÃO - CLINICA CIRURGICA;103
HRAD;2024;2;UNIDADE INTERNAÇÃO - CLINICA MÉDICA;42
HRAD;2024;2;UNIDADE INTERNAÇÃO - CLINICA ORTOPÉDICA;114
HRAD;2024;2;UNIDADE INTERNAÇÃO - CLINICA PEDIÁTRICA;44
HRAD;2024;2;UTI - ADULTO;6
HRAD;2024;2;UTI - NEONATAL;3
HRAD;2024;3;ALOJAMENTO CONJUNTO;158
HRAD;2024;3;BLOCO OBSTÉTRICO;3
HRAD;2024;3;UNIDADE DE DECISAO CLINICA;139
HRAD;2024;3;UNIDADE INTERNAÇÃO - CLINICA CIRURGICA;98
HRAD;2024;3;UNIDADE INTERNAÇÃO - CLINICA MÉDICA;60
HRAD;2024;3;UNIDADE INTERNAÇÃO - CLINICA ORTOPÉDICA;137
HRAD;2024;3;UNIDADE INTERNAÇÃO - CLINICA PEDIÁTRICA;49
HRAD;2024;3;UTI - ADULTO;11
HRAD;2024;3;UTI - NEONATAL;1
HRAD;2024;4;ALOJAMENTO CONJUNTO;139
HRAD;2024;4;BLOCO OBSTÉTRICO;4
HRAD;2024;4;UNIDADE DE DECISAO CLINICA;131
HRAD;2024;4;UNIDADE INTERNAÇÃO - CLINICA CIRURGICA;105
HRAD;2024;4;UNIDADE INTERNAÇÃO - CLINICA MÉDICA;66
HRAD;2024;4;UNIDADE INTERNAÇÃO - CLINICA ORTOPÉDICA;104
HRAD;2024;4;UNIDADE INTERNAÇÃO - CLINICA PEDIÁTRICA;42
HRAD;2024;4;UTI - ADULTO;15
HRAD;2024;4;UTI - NEONATAL;1
HRAD;2024;5;ALOJAMENTO CONJUNTO;159
HRAD;2024;5;AMBULATORIO - RETORNOS;2
HRAD;2024;5;BLOCO OBSTÉTRICO;5
HRAD;2024;5;UNIDADE DE DECISAO CLINICA;149
HRAD;2024;5;UNIDADE INTERNAÇÃO - CLINICA CIRURGICA;89
HRAD;2024;5;UNIDADE INTERNAÇÃO - CLINICA MÉDICA;57
HRAD;2024;5;UNIDADE INTERNAÇÃO - CLINICA ORTOPÉDICA;115
HRAD;2024;5;UNIDADE INTERNAÇÃO - CLINICA PEDIÁTRICA;52
HRAD;2024;5;UTI - ADULTO;5
HRAD;2024;5;UTI - NEONATAL;3
HRAD;2024;6;ALOJAMENTO CONJUNTO;158
HRAD;2024;6;AMBULATORIO - RETORNOS;1
HRAD;2024;6;BLOCO OBSTÉTRICO;2
HRAD;2024;6;UNIDADE DE DECISAO CLINICA;158
HRAD;2024;6;UNIDADE INTERNAÇÃO - CLINICA CIRURGICA;76
HRAD;2024;6;UNIDADE INTERNAÇÃO - CLINICA MÉDICA;64
HRAD;2024;6;UNIDADE INTERNAÇÃO - CLINICA ORTOPÉDICA;113
HRAD;2024;6;UNIDADE INTERNAÇÃO - CLINICA PEDIÁTRICA;41
HRAD;2024;6;UTI - ADULTO;12
HRAD;2024;6;UTI - NEONATAL;2
HRAD;2024;7;ALOJAMENTO CONJUNTO;134
HRAD;2024;7;UNIDADE DE DECISAO CLINICA;118
HRAD;2024;7;UNIDADE INTERNAÇÃO - CLINICA CIRURGICA;98
HRAD;2024;7;UNIDADE INTERNAÇÃO - CLINICA MÉDICA;76
HRAD;2024;7;UNIDADE INTERNAÇÃO - CLINICA ORTOPÉDICA;142
HRAD;2024;7;UNIDADE INTERNAÇÃO - CLINICA PEDIÁTRICA;53
HRAD;2024;7;UTI - ADULTO;18
HRAD;2024;7;UTI - NEONATAL;2
HRAD;2024;8;ALOJAMENTO CONJUNTO;147
HRAD;2024;8;BLOCO OBSTÉTRICO;1
HRAD;2024;8;UNIDADE DE DECISAO CLINICA;105
HRAD;2024;8;UNIDADE INTERNAÇÃO - CLINICA CIRURGICA;118
HRAD;2024;8;UNIDADE INTERNAÇÃO - CLINICA MÉDICA;89
HRAD;2024;8;UNIDADE INTERNAÇÃO - CLINICA ORTOPÉDICA;153
HRAD;2024;8;UNIDADE INTERNAÇÃO - CLINICA PEDIÁTRICA;53
HRAD;2024;8;UTI - ADULTO;17
HRAD;2024;8;UTI - NEONATAL;1
HRAD;2024;9;ALOJAMENTO CONJUNTO;157
HRAD;2024;9;AMBULATORIO - RETORNOS;1
HRAD;2024;9;UNIDADE DE DECISAO CLINICA;116
HRAD;2024;9;UNIDADE INTERNAÇÃO - CLINICA CIRURGICA;108
HRAD;2024;9;UNIDADE INTERNAÇÃO - CLINICA MÉDICA;85
HRAD;2024;9;UNIDADE INTERNAÇÃO - CLINICA ORTOPÉDICA;133
HRAD;2024;9;UNIDADE INTERNAÇÃO - CLINICA PEDIÁTRICA;59
HRAD;2024;9;UTI - ADULTO;11
HRAD;2024;9;UTI - NEONATAL;5
HRAD;2024;10;ALOJAMENTO CONJUNTO;146
HRAD;2024;10;UNIDADE DE DECISAO CLINICA;122
HRAD;2024;10;UNIDADE INTERNAÇÃO - CLINICA CIRURGICA;118
HRAD;2024;10;UNIDADE INTERNAÇÃO - CLINICA MÉDICA;97
HRAD;2024;10;UNIDADE INTERNAÇÃO - CLINICA ORTOPÉDICA;143
HRAD;2024;10;UNIDADE INTERNAÇÃO - CLINICA PEDIÁTRICA;70
HRAD;2024;10;UTI - ADULTO;15
HRAD;2024;10;UTI - NEONATAL;3
HRAD;2024;11;ALOJAMENTO CONJUNTO;161
HRAD;2024;11;BLOCO OBSTÉTRICO;1
HRAD;2024;11;UNIDADE DE DECISAO CLINICA;121
HRAD;2024;11;UNIDADE INTERNAÇÃO - CLINICA CIRURGICA;96
HRAD;2024;11;UNIDADE INTERNAÇÃO - CLINICA MÉDICA;91
HRAD;2024;11;UNIDADE INTERNAÇÃO - CLINICA ORTOPÉDICA;139
HRAD;2024;11;UNIDADE INTERNAÇÃO - CLINICA PEDIÁTRICA;62
HRAD;2024;11;UTI - ADULTO;10
HRAD;2024;11;UTI - NEONATAL;4
HRAD;2024;12;ALOJAMENTO CONJUNTO;165
HRAD;2024;12;BLOCO OBSTÉTRICO;1
HRAD;2024;12;UNIDADE DE DECISAO CLINICA;129
HRAD;2024;12;UNIDADE INTERNAÇÃO - CLINICA CIRURGICA;105
HRAD;2024;12;UNIDADE INTERNAÇÃO - CLINICA MÉDICA;81
HRAD;2024;12;UNIDADE INTERNAÇÃO - CLINICA ORTOPÉDICA;135
HRAD;2024;12;UNIDADE INTERNAÇÃO - CLINICA PEDIÁTRICA;64
HRAD;2024;12;UTI - ADULTO;9
HRAD;2024;12;UTI - NEONATAL;5
HRBJA;2024;1;UNIDADE INTERNAÇÃO - CLINICA CIRURGICA;74
HRBJA;2024;1;UNIDADE INTERNAÇÃO - CLINICA MÉDICA;169
HRBJA;2024;1;UTI - ADULTO;9
HRBJA;2024;2;UNIDADE INTERNAÇÃO - CLINICA CIRURGICA;52
HRBJA;2024;2;UNIDADE INTERNAÇÃO - CLINICA MÉDICA;151
HRBJA;2024;2;UTI - ADULTO;6
HRBJA;2024;3;UNIDADE INTERNAÇÃO - CLINICA CIRURGICA;65
HRBJA;2024;3;UNIDADE INTERNAÇÃO - CLINICA MÉDICA;144
HRBJA;2024;3;UTI - ADULTO;5
HRBJA;2024;4;UNIDADE INTERNAÇÃO - CLINICA CIRURGICA;62
HRBJA;2024;4;UNIDADE INTERNAÇÃO - CLINICA MÉDICA;142
HRBJA;2024;4;UTI - ADULTO;8
HRBJA;2024;5;UNIDADE INTERNAÇÃO - CLINICA CIRURGICA;97
HRBJA;2024;5;UNIDADE INTERNAÇÃO - CLINICA MÉDICA;121
HRBJA;2024;5;UTI - ADULTO;6
HRBJA;2024;6;CLINICA CIRURGICA/HRB/CHB;20
HRBJA;2024;6;CLINICA MEDICA/HRB/CHB;10
HRBJA;2024;6;TRAUMATO-ORTOPEDIA CIRURGICA/CHPB/CHB;3
HRBJA;2024;6;UNIDADE INTERNAÇÃO - CLINICA CIRURGICA;63
HRBJA;2024;6;UNIDADE INTERNAÇÃO - CLINICA MÉDICA;84
HRBJA;2024;6;UTI - ADULTO;8
HRBJA;2024;6;UTI ADULTO/HRB/CHB;2
HRBJA;2024;6;UUE/INTERNAÇÃO/HRB/CHB;9
HRBJA;2024;7;CLINICA CIRURGICA/HRB/CHB;80
HRBJA;2024;7;CLINICA MEDICA/HRB/CHB;75
HRBJA;2024;7;TRAUMATO-ORTOPEDIA CIRURGICA/CHPB/CHB;9
HRBJA;2024;7;UTI ADULTO/HRB/CHB;15
HRBJA;2024;7;UUE/INTERNAÇÃO/HRB/CHB;128
HRBJA;2024;8;CLINICA CIRURGICA/HRB/CHB;100
HRBJA;2024;8;CLINICA MEDICA/HRB/CHB;80
HRBJA;2024;8;TRAUMATO-ORTOPEDIA CIRURGICA/CHPB/CHB;10
HRBJA;2024;8;UTI ADULTO/HRB/CHB;13
HRBJA;2024;8;UUE/INTERNAÇÃO/HRB/CHB;176
HRBJA;2024;9;CLINICA CIRURGICA/HRB/CHB;81
HRBJA;2024;9;CLINICA MEDICA/HRB/CHB;83
HRBJA;2024;9;TRAUMATO-ORTOPEDIA CIRURGICA/CHPB/CHB;9
HRBJA;2024;9;UTI ADULTO/HRB/CHB;9
HRBJA;2024;9;UUE/INTERNAÇÃO/HRB/CHB;171
HRBJA;2024;10;CLINICA CIRURGICA/HRB/CHB;101
HRBJA;2024;10;CLINICA MEDICA/HRB/CHB;57
HRBJA;2024;10;TRAUMATO-ORTOPEDIA CIRURGICA/CHPB/CHB;9
HRBJA;2024;10;UTI ADULTO/HRB/CHB;14
HRBJA;2024;10;UUE/INTERNAÇÃO/HRB/CHB;63
HRBJA;2024;11;CLINICA CIRURGICA/HRB/CHB;101
HRBJA;2024;11;CLINICA MEDICA/HRB/CHB;94
HRBJA;2024;11;TRAUMATO-ORTOPEDIA CIRURGICA/CHPB/CHB;13
HRBJA;2024;11;UTI ADULTO/HRB/CHB;11
HRBJA;2024;11;UUE/INTERNAÇÃO/HRB/CHB;12
HRBJA;2024;12;CLINICA CIRURGICA/HRB/CHB;119
HRBJA;2024;12;CLINICA MEDICA/HRB/CHB;114
HRBJA;2024;12;TRAUMATO-ORTOPEDIA CIRURGICA/CHPB/CHB;13
HRBJA;2024;12;UTI ADULTO/HRB/CHB;15
HRBJA;2024;12;UUE/INTERNAÇÃO/HRB/CHB;12
HRJP;2024;1;ALOJAMENTO CONJUNTO;143
HRJP;2024;1;BLOCO CIRURGICO;11
HRJP;2024;1;BLOCO OBSTÉTRICO;4
HRJP;2024;1;UNIDADE INTERNAÇÃO - CLINICA CIRURGICA ALA A;9
HRJP;2024;1;UNIDADE INTERNAÇÃO - CLINICA CIRURGICA ALA B;7
HRJP;2024;1;UNIDADE INTERNAÇÃO - CLINICA MÉDICA ALA A;14
HRJP;2024;1;UNIDADE INTERNAÇÃO - CLINICA MÉDICA ALA B;8
HRJP;2024;1;UNIDADE INTERNAÇÃO - CLINICA MÉDICA ALA C;41
HRJP;2024;1;UNIDADE INTERNAÇÃO - CLINICA PEDIÁTRICA;54
HRJP;2024;1;UNIDADE INTERNAÇÃO - CLINICA TISIOLÓGICA ALA B;4
HRJP;2024;1;UNIDADE INTERNAÇÃO - CLINICA TISIOLÓGICA ALA C;4
HRJP;2024;1;UNIDADE INTERNAÇÃO - PSIQUIATRIA ALA A;15
HRJP;2024;1;UNIDADE INTERNAÇÃO - PSIQUIATRIA ALA C;1
HRJP;2024;1;UTI -  PEDIATRICO;1
HRJP;2024;1;UTI - ADULTO;14
HRJP;2024;1;UTI - NEONATAL;4
HRJP;2024;2;ALOJAMENTO CONJUNTO;126
HRJP;2024;2;BLOCO CIRURGICO;14
HRJP;2024;2;UNIDADE INTERNAÇÃO - CLINICA CIRURGICA ALA A;17
HRJP;2024;2;UNIDADE INTERNAÇÃO - CLINICA CIRURGICA ALA B;23
HRJP;2024;2;UNIDADE INTERNAÇÃO - CLINICA MÉDICA ALA A;22
HRJP;2024;2;UNIDADE INTERNAÇÃO - CLINICA MÉDICA ALA B;12
HRJP;2024;2;UNIDADE INTERNAÇÃO - CLINICA MÉDICA ALA C;19
HRJP;2024;2;UNIDADE INTERNAÇÃO - CLINICA PEDIÁTRICA;72
HRJP;2024;2;UNIDADE INTERNAÇÃO - CLINICA TISIOLÓGICA ALA B;1
HRJP;2024;2;UNIDADE INTERNAÇÃO - CLINICA TISIOLÓGICA ALA C;3
HRJP;2024;2;UNIDADE INTERNAÇÃO - PSIQUIATRIA ALA A;26
HRJP;2024;2;UNIDADE INTERNAÇÃO - PSIQUIATRIA ALA C;4
HRJP;2024;2;UTI -  PEDIATRICO;1
HRJP;2024;2;UTI - ADULTO;13
HRJP;2024;2;UTI - NEONATAL;1
HRJP;2024;3;ALOJAMENTO CONJUNTO;131
HRJP;2024;3;BLOCO CIRURGICO;14
HRJP;2024;3;UNIDADE INTERNAÇÃO - CLINICA CIRURGICA ALA A;14
HRJP;2024;3;UNIDADE INTERNAÇÃO - CLINICA CIRURGICA ALA B;20
HRJP;2024;3;UNIDADE INTERNAÇÃO - CLINICA MÉDICA ALA A;36
HRJP;2024;3;UNIDADE INTERNAÇÃO - CLINICA MÉDICA ALA B;19
HRJP;2024;3;UNIDADE INTERNAÇÃO - CLINICA MÉDICA ALA C;55
HRJP;2024;3;UNIDADE INTERNAÇÃO - CLINICA PEDIÁTRICA;66
HRJP;2024;3;UNIDADE INTERNAÇÃO - CLINICA TISIOLÓGICA ALA B;1
HRJP;2024;3;UNIDADE INTERNAÇÃO - CLINICA TISIOLÓGICA ALA C;11
HRJP;2024;3;UNIDADE INTERNAÇÃO - PSIQUIATRIA ALA A;31
HRJP;2024;3;UNIDADE INTERNAÇÃO - PSIQUIATRIA ALA C;5
HRJP;2024;3;UTI -  PEDIATRICO;5
HRJP;2024;3;UTI - ADULTO;18
HRJP;2024;3;UTI - NEONATAL;4
HRJP;2024;4;ALOJAMENTO CONJUNTO;127
HRJP;2024;4;BLOCO CIRURGICO;10
HRJP;2024;4;UNIDADE INTERNAÇÃO - CLINICA CIRURGICA ALA A;14
HRJP;2024;4;UNIDADE INTERNAÇÃO - CLINICA CIRURGICA ALA B;15
HRJP;2024;4;UNIDADE INTERNAÇÃO - CLINICA MÉDICA ALA A;46
HRJP;2024;4;UNIDADE INTERNAÇÃO - CLINICA MÉDICA ALA B;22
HRJP;2024;4;UNIDADE INTERNAÇÃO - CLINICA MÉDICA ALA C;71
HRJP;2024;4;UNIDADE INTERNAÇÃO - CLINICA PEDIÁTRICA;80
HRJP;2024;4;UNIDADE INTERNAÇÃO - CLINICA TISIOLÓGICA ALA B;1
HRJP;2024;4;UNIDADE INTERNAÇÃO - CLINICA TISIOLÓGICA ALA C;12
HRJP;2024;4;UNIDADE INTERNAÇÃO - PSIQUIATRIA ALA A;38
HRJP;2024;4;UNIDADE INTERNAÇÃO - PSIQUIATRIA ALA C;11
HRJP;2024;4;UTI -  PEDIATRICO;3
HRJP;2024;4;UTI - ADULTO;10
HRJP;2024;4;UTI - NEONATAL;1
HRJP;2024;5;ALOJAMENTO CONJUNTO;138
HRJP;2024;5;BLOCO CIRURGICO;9
HRJP;2024;5;BLOCO OBSTÉTRICO;1
HRJP;2024;5;UNIDADE INTERNAÇÃO - CLINICA CIRURGICA ALA A;6
HRJP;2024;5;UNIDADE INTERNAÇÃO - CLINICA CIRURGICA ALA B;6
HRJP;2024;5;UNIDADE INTERNAÇÃO - CLINICA CIRURGICA ALA C;28
HRJP;2024;5;UNIDADE INTERNAÇÃO - CLINICA MÉDICA ALA A;56
HRJP;2024;5;UNIDADE INTERNAÇÃO - CLINICA MÉDICA ALA B;22
HRJP;2024;5;UNIDADE INTERNAÇÃO - CLINICA MÉDICA ALA C;49
HRJP;2024;5;UNIDADE INTERNAÇÃO - CLINICA PEDIÁTRICA;90
HRJP;2024;5;UNIDADE INTERNAÇÃO - CLINICA TISIOLÓGICA ALA B;1
HRJP;2024;5;UNIDADE INTERNAÇÃO - CLINICA TISIOLÓGICA ALA C;7
HRJP;2024;5;UNIDADE INTERNAÇÃO - PSIQUIATRIA ALA A;12
HRJP;2024;5;UNIDADE INTERNAÇÃO - PSIQUIATRIA ALA C;2
HRJP;2024;5;UTI -  PEDIATRICO;3
HRJP;2024;5;UTI - ADULTO;17
HRJP;2024;5;UTI - NEONATAL;1
HRJP;2024;6;ALOJAMENTO CONJUNTO;142
HRJP;2024;6;BLOCO CIRURGICO;18
HRJP;2024;6;BLOCO OBSTÉTRICO;1
HRJP;2024;6;UNIDADE INTERNAÇÃO - CLINICA CIRURGICA ALA A;17
HRJP;2024;6;UNIDADE INTERNAÇÃO - CLINICA CIRURGICA ALA B;5
HRJP;2024;6;UNIDADE INTERNAÇÃO - CLINICA CIRURGICA ALA C;27
HRJP;2024;6;UNIDADE INTERNAÇÃO - CLINICA MÉDICA ALA A;34
HRJP;2024;6;UNIDADE INTERNAÇÃO - CLINICA MÉDICA ALA B;20
HRJP;2024;6;UNIDADE INTERNAÇÃO - CLINICA MÉDICA ALA C;26
HRJP;2024;6;UNIDADE INTERNAÇÃO - CLINICA PEDIÁTRICA;87
HRJP;2024;6;UNIDADE INTERNAÇÃO - CLINICA TISIOLÓGICA ALA C;4
HRJP;2024;6;UNIDADE INTERNAÇÃO - PSIQUIATRIA ALA A;8
HRJP;2024;6;UNIDADE INTERNAÇÃO - PSIQUIATRIA ALA C;4
HRJP;2024;6;UTI -  PEDIATRICO;3
HRJP;2024;6;UTI - ADULTO;11
HRJP;2024;6;UTI - NEONATAL;3
HRJP;2024;7;ALOJAMENTO CONJUNTO;124
HRJP;2024;7;BLOCO CIRURGICO;14
HRJP;2024;7;UNIDADE INTERNAÇÃO - CLINICA CIRURGICA ALA A;12
HRJP;2024;7;UNIDADE INTERNAÇÃO - CLINICA CIRURGICA ALA B;9
HRJP;2024;7;UNIDADE INTERNAÇÃO - CLINICA CIRURGICA ALA C;34
HRJP;2024;7;UNIDADE INTERNAÇÃO - CLINICA MÉDICA ALA A;30
HRJP;2024;7;UNIDADE INTERNAÇÃO - CLINICA MÉDICA ALA B;17
HRJP;2024;7;UNIDADE INTERNAÇÃO - CLINICA MÉDICA ALA C;39
HRJP;2024;7;UNIDADE INTERNAÇÃO - CLINICA PEDIÁTRICA;69
HRJP;2024;7;UNIDADE INTERNAÇÃO - CLINICA TISIOLÓGICA ALA B;3
HRJP;2024;7;UNIDADE INTERNAÇÃO - CLINICA TISIOLÓGICA ALA C;3
HRJP;2024;7;UNIDADE INTERNAÇÃO - PSIQUIATRIA ALA A;14
HRJP;2024;7;UNIDADE INTERNAÇÃO - PSIQUIATRIA ALA C;3
HRJP;2024;7;UTI -  PEDIATRICO;1
HRJP;2024;7;UTI - ADULTO;15
HRJP;2024;8;ALOJAMENTO CONJUNTO;128
HRJP;2024;8;BLOCO CIRURGICO;10
HRJP;2024;8;UNIDADE INTERNAÇÃO - CLINICA CIRURGICA ALA A;5
HRJP;2024;8;UNIDADE INTERNAÇÃO - CLINICA CIRURGICA ALA B;2
HRJP;2024;8;UNIDADE INTERNAÇÃO - CLINICA CIRURGICA ALA C;21
HRJP;2024;8;UNIDADE INTERNAÇÃO - CLINICA MÉDICA ALA A;42
HRJP;2024;8;UNIDADE INTERNAÇÃO - CLINICA MÉDICA ALA B;23
HRJP;2024;8;UNIDADE INTERNAÇÃO - CLINICA MÉDICA ALA C;34
HRJP;2024;8;UNIDADE INTERNAÇÃO - CLINICA PEDIÁTRICA;66
HRJP;2024;8;UNIDADE INTERNAÇÃO - CLINICA TISIOLÓGICA ALA B;1
HRJP;2024;8;UNIDADE INTERNAÇÃO - CLINICA TISIOLÓGICA ALA C;6
HRJP;2024;8;UNIDADE INTERNAÇÃO - PSIQUIATRIA ALA A;11
HRJP;2024;8;UNIDADE INTERNAÇÃO - PSIQUIATRIA ALA C;2
HRJP;2024;8;UTI -  PEDIATRICO;3
HRJP;2024;8;UTI - ADULTO;12
HRJP;2024;8;UTI - NEONATAL;2
HRJP;2024;9;ALOJAMENTO CONJUNTO;149
HRJP;2024;9;BLOCO CIRURGICO;9
HRJP;2024;9;BLOCO OBSTÉTRICO;1
HRJP;2024;9;UNIDADE INTERNAÇÃO - CLINICA CIRURGICA ALA A;13
HRJP;2024;9;UNIDADE INTERNAÇÃO - CLINICA CIRURGICA ALA B;9
HRJP;2024;9;UNIDADE INTERNAÇÃO - CLINICA CIRURGICA ALA C;28
HRJP;2024;9;UNIDADE INTERNAÇÃO - CLINICA MÉDICA ALA A;40
HRJP;2024;9;UNIDADE INTERNAÇÃO - CLINICA MÉDICA ALA B;20
HRJP;2024;9;UNIDADE INTERNAÇÃO - CLINICA MÉDICA ALA C;26
HRJP;2024;9;UNIDADE INTERNAÇÃO - CLINICA PEDIÁTRICA;88
HRJP;2024;9;UNIDADE INTERNAÇÃO - CLINICA TISIOLÓGICA ALA B;2
HRJP;2024;9;UNIDADE INTERNAÇÃO - CLINICA TISIOLÓGICA ALA C;3
HRJP;2024;9;UNIDADE INTERNAÇÃO - PSIQUIATRIA ALA A;9
HRJP;2024;9;UNIDADE INTERNAÇÃO - PSIQUIATRIA ALA C;3
HRJP;2024;9;UTI -  PEDIATRICO;3
HRJP;2024;9;UTI - ADULTO;14
HRJP;2024;9;UTI - NEONATAL;2
HRJP;2024;10;ALOJAMENTO CONJUNTO;139
HRJP;2024;10;BLOCO CIRURGICO;16
HRJP;2024;10;BLOCO OBSTÉTRICO;2
HRJP;2024;10;UNIDADE INTERNAÇÃO - CLINICA CIRURGICA ALA A;25
HRJP;2024;10;UNIDADE INTERNAÇÃO - CLINICA CIRURGICA ALA B;7
HRJP;2024;10;UNIDADE INTERNAÇÃO - CLINICA CIRURGICA ALA C;21
HRJP;2024;10;UNIDADE INTERNAÇÃO - CLINICA MÉDICA ALA A;40
HRJP;2024;10;UNIDADE INTERNAÇÃO - CLÍNICA MÉDICA ALA A;1
HRJP;2024;10;UNIDADE INTERNAÇÃO - CLINICA MÉDICA ALA B;26
HRJP;2024;10;UNIDADE INTERNAÇÃO - CLINICA MÉDICA ALA C;49
HRJP;2024;10;UNIDADE INTERNAÇÃO - CLINICA PEDIÁTRICA;102
HRJP;2024;10;UNIDADE INTERNAÇÃO - CLINICA TISIOLÓGICA ALA B;2
HRJP;2024;10;UNIDADE INTERNAÇÃO - CLINICA TISIOLÓGICA ALA C;2
HRJP;2024;10;UNIDADE INTERNAÇÃO - PSIQUIATRIA ALA A;21
HRJP;2024;10;UNIDADE INTERNAÇÃO - PSIQUIATRIA ALA C;4
HRJP;2024;10;UTI -  PEDIATRICO;4
HRJP;2024;10;UTI - ADULTO;13
HRJP;2024;10;UTI - NEONATAL;4
HRJP;2024;11;ALOJAMENTO CONJUNTO;19
HRJP;2024;11;ALOJAMENTO CONJUNTO /UNIDADE DE INTERNAÇÃO;112
HRJP;2024;11;BLOCO CIRURGICO;2
HRJP;2024;11;UNIDADE DE INTERNAÇÃO - CLÍNICA DIP ALA C;16
HRJP;2024;11;UNIDADE INTERNAÇÃO - CLINICA CIRURGICA ALA A;2
HRJP;2024;11;UNIDADE INTERNAÇÃO - CLÍNICA CIRÚRGICA ALA A;19
HRJP;2024;11;UNIDADE INTERNAÇÃO - CLÍNICA CIRÚRGICA ALA B;7
HRJP;2024;11;UNIDADE INTERNAÇÃO - CLINICA CIRURGICA ALA C;4
HRJP;2024;11;UNIDADE INTERNAÇÃO - CLÍNICA CIRÚRGICA ALA C;13
HRJP;2024;11;UNIDADE INTERNAÇÃO - CLINICA MÉDICA ALA A;7
HRJP;2024;11;UNIDADE INTERNAÇÃO - CLÍNICA MÉDICA ALA A;38
HRJP;2024;11;UNIDADE INTERNAÇÃO - CLINICA MÉDICA ALA B;4
HRJP;2024;11;UNIDADE INTERNAÇÃO - CLÍNICA MÉDICA ALA B;29
HRJP;2024;11;UNIDADE INTERNAÇÃO - CLINICA MÉDICA ALA C;6
HRJP;2024;11;UNIDADE INTERNAÇÃO - CLÍNICA MÉDICA ALA C;18
HRJP;2024;11;UNIDADE INTERNAÇÃO - CLINICA PEDIÁTRICA;12
HRJP;2024;11;UNIDADE INTERNAÇÃO - CLÍNICA PEDIÁTRICA;61
HRJP;2024;11;UNIDADE INTERNAÇÃO - CLÍNICA PSIQUIÁTRICA ALA A;11
HRJP;2024;11;UNIDADE INTERNAÇÃO - CLÍNICA PSIQUIÁTRICA ALA C;4
HRJP;2024;11;UNIDADE INTERNAÇÃO - CLÍNICA TISIOLÓGICA ALA B;4
HRJP;2024;11;UNIDADE INTERNAÇÃO - CLÍNICA TISIOLÓGICA ALA C;3
HRJP;2024;11;UNIDADE INTERNAÇÃO - PSIQUIATRIA ALA A;1
HRJP;2024;11;UNIDADE INTERNAÇÃO - PSIQUIATRIA ALA C;1
HRJP;2024;11;UTI - ADULTO;9
HRJP;2024;11;UTI - NEONATAL I;2
HRJP;2024;12;ALOJAMENTO CONJUNTO /UNIDADE DE INTERNAÇÃO;122
HRJP;2024;12;UNIDADE DE INTERNAÇÃO - CLÍNICA DIP ALA C;14
HRJP;2024;12;UNIDADE INTERNAÇÃO - CLÍNICA CIRÚRGICA ALA A;17
HRJP;2024;12;UNIDADE INTERNAÇÃO - CLÍNICA CIRÚRGICA ALA B;3
HRJP;2024;12;UNIDADE INTERNAÇÃO - CLÍNICA CIRÚRGICA ALA C;18
HRJP;2024;12;UNIDADE INTERNAÇÃO - CLÍNICA MÉDICA ALA A;44
HRJP;2024;12;UNIDADE INTERNAÇÃO - CLÍNICA MÉDICA ALA B;29
HRJP;2024;12;UNIDADE INTERNAÇÃO - CLÍNICA MÉDICA ALA C;22
HRJP;2024;12;UNIDADE INTERNAÇÃO - CLÍNICA PEDIÁTRICA;66
HRJP;2024;12;UNIDADE INTERNAÇÃO - CLÍNICA PSIQUIÁTRICA ALA A;6
HRJP;2024;12;UNIDADE INTERNAÇÃO - CLÍNICA PSIQUIÁTRICA ALA C;2
HRJP;2024;12;UNIDADE INTERNAÇÃO - CLÍNICA TISIOLÓGICA ALA B;3
HRJP;2024;12;UNIDADE INTERNAÇÃO - CLÍNICA TISIOLÓGICA ALA C;7
HRJP;2024;12;UTI - ADULTO;20
HRJP;2024;12;UTI - PEDIÁTRICO;2
IRS;2024;1;ALA A;14
IRS;2024;1;ALA B;14
IRS;2024;1;ALA C;13
IRS;2024;1;ALA D;10
IRS;2024;1;ALA E;18
IRS;2024;1;UNIDADE URGÊNCIA/EMERGÊNCIA - OBSERVAÇÃO;11
IRS;2024;1;UTC - UNIDADE DE TRATAMENTO CLÍNICO;1
IRS;2024;2;ALA A;22
IRS;2024;2;ALA B;20
IRS;2024;2;ALA C;28
IRS;2024;2;ALA E;4
IRS;2024;2;ALA F;5
IRS;2024;2;UNIDADE URGÊNCIA/EMERGÊNCIA - OBSERVAÇÃO;12
IRS;2024;2;UTC - UNIDADE DE TRATAMENTO CLÍNICO;2
IRS;2024;3;ALA A;11
IRS;2024;3;ALA B;18
IRS;2024;3;ALA C;13
IRS;2024;3;ALA E;17
IRS;2024;3;UNIDADE URGÊNCIA/EMERGÊNCIA - OBSERVAÇÃO;16
IRS;2024;3;UTC - UNIDADE DE TRATAMENTO CLÍNICO;6
IRS;2024;4;ALA A;15
IRS;2024;4;ALA B;14
IRS;2024;4;ALA C;15
IRS;2024;4;ALA E;15
IRS;2024;4;UNIDADE URGÊNCIA/EMERGÊNCIA - OBSERVAÇÃO;13
IRS;2024;4;UTC - UNIDADE DE TRATAMENTO CLÍNICO;3
IRS;2024;5;ALA A;14
IRS;2024;5;ALA B;11
IRS;2024;5;ALA C;12
IRS;2024;5;ALA E;16
IRS;2024;5;UNIDADE URGÊNCIA/EMERGÊNCIA - OBSERVAÇÃO;18
IRS;2024;5;UTC - UNIDADE DE TRATAMENTO CLÍNICO;3
IRS;2024;6;ALA A;12
IRS;2024;6;ALA B;7
IRS;2024;6;ALA C;13
IRS;2024;6;ALA E;19
IRS;2024;6;ALA F;3
IRS;2024;6;UNIDADE URGÊNCIA/EMERGÊNCIA - OBSERVAÇÃO;14
IRS;2024;6;UTC - UNIDADE DE TRATAMENTO CLÍNICO;4
IRS;2024;7;ALA A;16
IRS;2024;7;ALA B;13
IRS;2024;7;ALA C;17
IRS;2024;7;ALA E;18
IRS;2024;7;UNIDADE URGÊNCIA/EMERGÊNCIA - OBSERVAÇÃO;11
IRS;2024;7;UTC - UNIDADE DE TRATAMENTO CLÍNICO;7
IRS;2024;8;ALA A;13
IRS;2024;8;ALA B;16
IRS;2024;8;ALA C;21
IRS;2024;8;ALA E;12
IRS;2024;8;UNIDADE URGÊNCIA/EMERGÊNCIA - OBSERVAÇÃO;8
IRS;2024;8;UTC - UNIDADE DE TRATAMENTO CLÍNICO;3
IRS;2024;9;ALA A;10
IRS;2024;9;ALA B;12
IRS;2024;9;ALA C;21
IRS;2024;9;ALA E;13
IRS;2024;9;UNIDADE URGÊNCIA/EMERGÊNCIA - OBSERVAÇÃO;9
IRS;2024;9;UTC - UNIDADE DE TRATAMENTO CLÍNICO;6
IRS;2024;10;ALA A;17
IRS;2024;10;ALA B;12
IRS;2024;10;ALA C;23
IRS;2024;10;ALA D;8
IRS;2024;10;ALA E;1
IRS;2024;10;UNIDADE URGÊNCIA/EMERGÊNCIA - OBSERVAÇÃO;10
IRS;2024;10;UTC - UNIDADE DE TRATAMENTO CLÍNICO;5
IRS;2024;11;ALA A;13
IRS;2024;11;ALA B;12
IRS;2024;11;ALA C;17
IRS;2024;11;ALA D;13
IRS;2024;11;UNIDADE URGÊNCIA/EMERGÊNCIA - OBSERVAÇÃO;8
IRS;2024;11;UTC - UNIDADE DE TRATAMENTO CLÍNICO;6
IRS;2024;12;ALA A;14
IRS;2024;12;ALA B;16
IRS;2024;12;ALA C;17
IRS;2024;12;ALA D;9
IRS;2024;12;UNIDADE URGÊNCIA/EMERGÊNCIA - OBSERVAÇÃO;7
IRS;2024;12;UTC - UNIDADE DE TRATAMENTO CLÍNICO;4
MOV;2024;1;ALOJAMENTO CONJUNTO;220
MOV;2024;1;CLINICA CIRÚRGICA;177
MOV;2024;1;PRÉ-PARTO;1
MOV;2024;1;UNIDADE DE CUIDADO INTERMEDIÁRIO NEONATAL CANGURU;4
MOV;2024;1;UNIDADE DE CUIDADO INTERMEDIÁRIO NEONATAL CONVENCIONAL;10
MOV;2024;1;UNIDADE INTERNACAO ALTO-RISCO OBSTETRICO;95
MOV;2024;1;UNIDADE URGÊNCIA/EMERGÊNCIA - INTERNAÇÃO;23
MOV;2024;1;UTI - ADULTO;38
MOV;2024;1;UTI - NEONATAL;1
MOV;2024;2;ALOJAMENTO CONJUNTO;241
MOV;2024;2;CLINICA CIRÚRGICA;154
MOV;2024;2;PRÉ-PARTO;3
MOV;2024;2;UNIDADE DE CUIDADO INTERMEDIÁRIO NEONATAL CANGURU;7
MOV;2024;2;UNIDADE DE CUIDADO INTERMEDIÁRIO NEONATAL CONVENCIONAL;14
MOV;2024;2;UNIDADE INTERNACAO ALTO-RISCO OBSTETRICO;136
MOV;2024;2;UNIDADE URGÊNCIA/EMERGÊNCIA - INTERNAÇÃO;22
MOV;2024;2;UTI - ADULTO;27
MOV;2024;2;UTI - NEONATAL;2
MOV;2024;3;ALOJAMENTO CONJUNTO;271
MOV;2024;3;CLINICA CIRÚRGICA;148
MOV;2024;3;PRÉ-PARTO;1
MOV;2024;3;UNIDADE DE CUIDADO INTERMEDIÁRIO NEONATAL CONVENCIONAL;19
MOV;2024;3;UNIDADE INTERNACAO ALTO-RISCO OBSTETRICO;171
MOV;2024;3;UNIDADE URGÊNCIA/EMERGÊNCIA - INTERNAÇÃO;19
MOV;2024;3;UTI - ADULTO;18
MOV;2024;3;UTI - NEONATAL;3
MOV;2024;4;ALOJAMENTO CONJUNTO;266
MOV;2024;4;CLINICA CIRÚRGICA;197
MOV;2024;4;PRÉ-PARTO;4
MOV;2024;4;SALA DE ESPERA - BLOCO CIRÚRGICO;1
MOV;2024;4;UNIDADE DE CUIDADO INTERMEDIÁRIO NEONATAL CANGURU;1
MOV;2024;4;UNIDADE DE CUIDADO INTERMEDIÁRIO NEONATAL CONVENCIONAL;27
MOV;2024;4;UNIDADE INTERNACAO ALTO-RISCO OBSTETRICO;71
MOV;2024;4;UNIDADE URGÊNCIA/EMERGÊNCIA - INTERNAÇÃO;26
MOV;2024;4;UTI - ADULTO;20
MOV;2024;4;UTI - NEONATAL;5
MOV;2024;5;ALOJAMENTO CONJUNTO;244
MOV;2024;5;CLINICA CIRÚRGICA;201
MOV;2024;5;PRÉ-PARTO;10
MOV;2024;5;UNIDADE DE CUIDADO INTERMEDIÁRIO NEONATAL CANGURU;9
MOV;2024;5;UNIDADE DE CUIDADO INTERMEDIÁRIO NEONATAL CONVENCIONAL;19
MOV;2024;5;UNIDADE INTERNACAO ALTO-RISCO OBSTETRICO;107
MOV;2024;5;UNIDADE URGÊNCIA/EMERGÊNCIA - INTERNAÇÃO;13
MOV;2024;5;UTI - ADULTO;24
MOV;2024;5;UTI - NEONATAL;4
MOV;2024;6;ALOJAMENTO CONJUNTO;211
MOV;2024;6;CLINICA CIRÚRGICA;158
MOV;2024;6;PRÉ-PARTO;3
MOV;2024;6;UNIDADE DE CUIDADO INTERMEDIÁRIO NEONATAL CANGURU;8
MOV;2024;6;UNIDADE DE CUIDADO INTERMEDIÁRIO NEONATAL CONVENCIONAL;15
MOV;2024;6;UNIDADE INTERNACAO ALTO-RISCO OBSTETRICO;107
MOV;2024;6;UNIDADE URGÊNCIA/EMERGÊNCIA - INTERNAÇÃO;18
MOV;2024;6;UTI - ADULTO;36
MOV;2024;6;UTI - NEONATAL;2
MOV;2024;7;ALOJAMENTO CONJUNTO;228
MOV;2024;7;CLINICA CIRÚRGICA;156
MOV;2024;7;PRÉ-PARTO;1
MOV;2024;7;UNIDADE DE CUIDADO INTERMEDIÁRIO NEONATAL CANGURU;6
MOV;2024;7;UNIDADE DE CUIDADO INTERMEDIÁRIO NEONATAL CONVENCIONAL;16
MOV;2024;7;UNIDADE INTERNACAO ALTO-RISCO OBSTETRICO;118
MOV;2024;7;UNIDADE URGÊNCIA/EMERGÊNCIA - INTERNAÇÃO;25
MOV;2024;7;UTI - ADULTO;19
MOV;2024;8;ALOJAMENTO CONJUNTO;224
MOV;2024;8;CLINICA CIRÚRGICA;180
MOV;2024;8;PRÉ-PARTO;4
MOV;2024;8;UNIDADE DE CUIDADO INTERMEDIÁRIO NEONATAL CANGURU;13
MOV;2024;8;UNIDADE DE CUIDADO INTERMEDIÁRIO NEONATAL CONVENCIONAL;19
MOV;2024;8;UNIDADE INTERNACAO ALTO-RISCO OBSTETRICO;97
MOV;2024;8;UNIDADE URGÊNCIA/EMERGÊNCIA - INTERNAÇÃO;15
MOV;2024;8;UTI - ADULTO;28
MOV;2024;8;UTI - NEONATAL;1
MOV;2024;9;ALOJAMENTO CONJUNTO;240
MOV;2024;9;CLINICA CIRÚRGICA;178
MOV;2024;9;PRÉ-PARTO;9
MOV;2024;9;UNIDADE DE CUIDADO INTERMEDIÁRIO NEONATAL CANGURU;9
MOV;2024;9;UNIDADE DE CUIDADO INTERMEDIÁRIO NEONATAL CONVENCIONAL;28
MOV;2024;9;UNIDADE INTERNACAO ALTO-RISCO OBSTETRICO;117
MOV;2024;9;UNIDADE URGÊNCIA/EMERGÊNCIA - INTERNAÇÃO;19
MOV;2024;9;UTI - ADULTO;25
MOV;2024;9;UTI - NEONATAL;3
MOV;2024;10;ALOJAMENTO CONJUNTO;208
MOV;2024;10;CLINICA CIRÚRGICA;156
MOV;2024;10;PRÉ-PARTO;1
MOV;2024;10;UNIDADE DE CUIDADO INTERMEDIÁRIO NEONATAL CANGURU;8
MOV;2024;10;UNIDADE DE CUIDADO INTERMEDIÁRIO NEONATAL CONVENCIONAL;15
MOV;2024;10;UNIDADE INTERNACAO ALTO-RISCO OBSTETRICO;88
MOV;2024;10;UNIDADE URGÊNCIA/EMERGÊNCIA - INTERNAÇÃO;26
MOV;2024;10;UTI - ADULTO;32
MOV;2024;10;UTI - NEONATAL;6
MOV;2024;11;ALOJAMENTO CONJUNTO;217
MOV;2024;11;CLINICA CIRÚRGICA;132
MOV;2024;11;PRÉ-PARTO;1
MOV;2024;11;UNIDADE DE CUIDADO INTERMEDIÁRIO NEONATAL CANGURU;10
MOV;2024;11;UNIDADE DE CUIDADO INTERMEDIÁRIO NEONATAL CONVENCIONAL;20
MOV;2024;11;UNIDADE INTERNACAO ALTO-RISCO OBSTETRICO;76
MOV;2024;11;UNIDADE URGÊNCIA/EMERGÊNCIA - INTERNAÇÃO;22
MOV;2024;11;UTI - ADULTO;32
MOV;2024;11;UTI - NEONATAL;6
MOV;2024;12;ALOJAMENTO CONJUNTO;233
MOV;2024;12;CLINICA CIRÚRGICA;110
MOV;2024;12;PRÉ-PARTO;3
MOV;2024;12;UNIDADE DE CUIDADO INTERMEDIÁRIO NEONATAL CANGURU;14
MOV;2024;12;UNIDADE DE CUIDADO INTERMEDIÁRIO NEONATAL CONVENCIONAL;20
MOV;2024;12;UNIDADE INTERNACAO ALTO-RISCO OBSTETRICO;117
MOV;2024;12;UNIDADE URGÊNCIA/EMERGÊNCIA - INTERNAÇÃO;18
MOV;2024;12;UTI - ADULTO;23
MOV;2024;12;UTI - NEONATAL;3
CHPB;2025;1;CAC/CHPB/CHB;1
CHPB;2025;1;LAR INCLUSIVO A/CHPB/CHB;1
CHPB;2025;1;LAR INCLUSIVO B/CHPB/CHB;4
CHPB;2025;1;UIP-FEMININA/CHPB/CHB;7
CHPB;2025;1;UIP-MASCULINA/CHPB/CHB;14
CHPB;2025;1;UNIDADE DE CUIDADOS PROLONGADOS/CHPB/CHB;15
CHPB;2025;2;UIP-FEMININA/CHPB/CHB;11
CHPB;2025;2;UIP-MASCULINA/CHPB/CHB;16
CHPB;2025;2;UNIDADE DE CUIDADOS PROLONGADOS/CHPB/CHB;16
CHPB;2025;3;LAR INCLUSIVO B/CHPB/CHB;1
CHPB;2025;3;UIP-FEMININA/CHPB/CHB;11
CHPB;2025;3;UIP-MASCULINA/CHPB/CHB;21
CHPB;2025;3;UNIDADE DE CUIDADOS PROLONGADOS/CHPB/CHB;16
CHPB;2025;4;LAR INCLUSIVO B/CHPB/CHB;1
CHPB;2025;4;UIP-FEMININA/CHPB/CHB;13
CHPB;2025;4;UIP-MASCULINA/CHPB/CHB;17
CHPB;2025;4;UNIDADE DE CUIDADOS PROLONGADOS/CHPB/CHB;22
CHPB;2025;5;LAR INCLUSIVO A/CHPB/CHB;1
CHPB;2025;5;LAR INCLUSIVO B/CHPB/CHB;1
CHPB;2025;5;UIP-FEMININA/CHPB/CHB;8
CHPB;2025;5;UIP-MASCULINA/CHPB/CHB;15
CHPB;2025;5;UNIDADE DE CUIDADOS PROLONGADOS/CHPB/CHB;22
CHPB;2025;6;LAR INCLUSIVO A/CHPB/CHB;1
CHPB;2025;6;UIP-FEMININA/CHPB/CHB;11
CHPB;2025;6;UIP-MASCULINA/CHPB/CHB;22
CHPB;2025;6;UNIDADE DE CUIDADOS PROLONGADOS/CHPB/CHB;21
CHPB;2025;7;UIP-FEMININA/CHPB/CHB;7
CHPB;2025;7;UIP-MASCULINA/CHPB/CHB;11
CHPB;2025;7;UNIDADE DE CUIDADOS PROLONGADOS/CHPB/CHB;24
CHPB;2025;8;UIP-FEMININA/CHPB/CHB;12
CHPB;2025;8;UIP-MASCULINA/CHPB/CHB;15
CHPB;2025;8;UNIDADE DE CUIDADOS PROLONGADOS/CHPB/CHB;19
CHPB;2025;9;LAR INCLUSIVO A/CHPB/CHB;1
CHPB;2025;9;UIP-FEMININA/CHPB/CHB;5
CHPB;2025;9;UIP-MASCULINA/CHPB/CHB;10
CHPB;2025;9;UNIDADE DE CUIDADOS PROLONGADOS/CHPB/CHB;15
CHPB;2025;10;CAC/CHPB/CHB;1
CHPB;2025;10;UIP-FEMININA/CHPB/CHB;7
CHPB;2025;10;UIP-MASCULINA/CHPB/CHB;17
CHPB;2025;10;UNIDADE DE CUIDADOS PROLONGADOS/CHPB/CHB;18
CHPB;2025;11;UIP-FEMININA/CHPB/CHB;3
CHPB;2025;11;UIP-MASCULINA/CHPB/CHB;15
CHPB;2025;11;UNIDADE DE CUIDADOS PROLONGADOS/CHPB/CHB;15
CHPB;2025;12;UIP-FEMININA/CHPB/CHB;11
CHPB;2025;12;UIP-MASCULINA/CHPB/CHB;8
CHPB;2025;12;UNIDADE DE CUIDADOS PROLONGADOS/CHPB/CHB;21
CSSFA;2025;1;UNIDADE DE INTERNACAO CCI Cuidados Continuados Integ;21
CSSFA;2025;2;UNIDADE DE INTERNACAO CCI Cuidados Continuados Integ;17
CSSFA;2025;3;UNIDADE DE INTERNACAO CCI Cuidados Continuados Integ;13
CSSFA;2025;4;UNIDADE DE INTERNACAO CCI Cuidados Continuados Integ;18
CSSFA;2025;5;UNIDADE DE INTERNACAO CCI Cuidados Continuados Integ;19
CSSFA;2025;6;UNIDADE DE INTERNACAO CCI Cuidados Continuados Integ;17
CSSFA;2025;7;UNIDADE DE INTERNACAO CCI Cuidados Continuados Integ;20
CSSFA;2025;8;UNIDADE DE INTERNACAO CCI Cuidados Continuados Integ;26
CSSFA;2025;9;UNIDADE DE INTERNACAO CCI Cuidados Continuados Integ;15
CSSFA;2025;10;UNIDADE DE INTERNACAO CCI Cuidados Continuados Integ;16
CSSFA;2025;11;UNIDADE DE INTERNACAO CCI Cuidados Continuados Integ;19
CSSFA;2025;12;UNIDADE DE INTERNACAO CCI Cuidados Continuados Integ;18
CSSFE;2025;1;UNIDADE DE CUIDADOS PROLONGADOS;5
CSSFE;2025;1;UNIDADE DE INTERNAÇÃO - CLÍNICA MÉDICA;4
CSSFE;2025;2;UNIDADE DE CUIDADOS PROLONGADOS;4
CSSFE;2025;2;UNIDADE DE INTERNAÇÃO - CLÍNICA MÉDICA;7
CSSI;2025;1;CLÍNICA MÉDICA ALA C;44
CSSI;2025;1;UNIDADE DE CUIDADOS PROLONGADOS - ALA A;8
CSSI;2025;1;UNIDADE DE CUIDADOS PROLONGADOS - ALA B;4
CSSI;2025;1;UNIDADE URGÊNCIA/EMERGÊNCIA - OBSERVAÇÃO;3
CSSI;2025;1;UNIDADES DE CUIDADOS PROLONGADOS - UCP;11
CSSI;2025;2;CLÍNICA MÉDICA ALA B;3
CSSI;2025;2;CLÍNICA MÉDICA ALA C;41
CSSI;2025;2;UNIDADE DE CUIDADOS PROLONGADOS - ALA A;3
CSSI;2025;2;UNIDADE DE CUIDADOS PROLONGADOS - ALA B;5
CSSI;2025;2;UNIDADE URGÊNCIA/EMERGÊNCIA - OBSERVAÇÃO;6
CSSI;2025;2;UNIDADES DE CUIDADOS PROLONGADOS - UCP;10
CSSI;2025;3;CLÍNICA MÉDICA ALA C;54
CSSI;2025;3;UNIDADE DE CUIDADOS PROLONGADOS - ALA A;9
CSSI;2025;3;UNIDADE DE CUIDADOS PROLONGADOS - ALA B;1
CSSI;2025;3;UNIDADE URGÊNCIA/EMERGÊNCIA - OBSERVAÇÃO;9
CSSI;2025;3;UNIDADES DE CUIDADOS PROLONGADOS - UCP;9
CSSI;2025;4;CLÍNICA MÉDICA ALA C;47
CSSI;2025;4;UNIDADE DE CUIDADOS PROLONGADOS - ALA A;7
CSSI;2025;4;UNIDADE DE CUIDADOS PROLONGADOS - ALA B;6
CSSI;2025;4;UNIDADE URGÊNCIA/EMERGÊNCIA - OBSERVAÇÃO;3
CSSI;2025;4;UNIDADES DE CUIDADOS PROLONGADOS - UCP;7
CSSI;2025;5;CLÍNICA MÉDICA ALA C;42
CSSI;2025;5;UNIDADE DE CUIDADOS PROLONGADOS - ALA B;8
CSSI;2025;5;UNIDADES DE CUIDADOS PROLONGADOS - UCP;11
CSSI;2025;6;CLINICA MEDICA ALA A;5
CSSI;2025;6;CLÍNICA MÉDICA ALA C;36
CSSI;2025;6;UNIDADE DE CUIDADOS PROLONGADOS - ALA A;8
CSSI;2025;6;UNIDADE DE CUIDADOS PROLONGADOS - ALA B;6
CSSI;2025;6;UNIDADE URGÊNCIA/EMERGÊNCIA - OBSERVAÇÃO;3
CSSI;2025;6;UNIDADES DE CUIDADOS PROLONGADOS - UCP;10
CSSI;2025;7;CLINICA MEDICA ALA A;11
CSSI;2025;7;CLÍNICA MÉDICA ALA B;1
CSSI;2025;7;CLÍNICA MÉDICA ALA C;34
CSSI;2025;7;UNIDADE DE CUIDADOS PROLONGADOS - ALA A;6
CSSI;2025;7;UNIDADE DE CUIDADOS PROLONGADOS - ALA B;6
CSSI;2025;7;UNIDADE URGÊNCIA/EMERGÊNCIA - OBSERVAÇÃO;2
CSSI;2025;7;UNIDADES DE CUIDADOS PROLONGADOS - UCP;8
CSSI;2025;8;CLINICA MEDICA ALA A;30
CSSI;2025;8;CLÍNICA MÉDICA ALA B;2
CSSI;2025;8;CLÍNICA MÉDICA ALA C;15
CSSI;2025;8;UNIDADE DE CUIDADOS PROLONGADOS - ALA A;1
CSSI;2025;8;UNIDADE DE CUIDADOS PROLONGADOS - ALA B;9
CSSI;2025;8;UNIDADE URGÊNCIA/EMERGÊNCIA - OBSERVAÇÃO;3
CSSI;2025;8;UNIDADES DE CUIDADOS PROLONGADOS - UCP;10
CSSI;2025;9;CLINICA MEDICA ALA A;20
CSSI;2025;9;CLÍNICA MÉDICA ALA C;23
CSSI;2025;9;UNIDADE DE CUIDADOS PROLONGADOS - ALA A;3
CSSI;2025;9;UNIDADE DE CUIDADOS PROLONGADOS - ALA B;9
CSSI;2025;9;UNIDADE URGÊNCIA/EMERGÊNCIA - OBSERVAÇÃO;3
CSSI;2025;9;UNIDADES DE CUIDADOS PROLONGADOS - UCP;9
CSSI;2025;10;CLINICA MEDICA ALA A;5
CSSI;2025;10;CLÍNICA MÉDICA ALA C;43
CSSI;2025;10;UNIDADE DE CUIDADOS PROLONGADOS - ALA A;6
CSSI;2025;10;UNIDADE DE CUIDADOS PROLONGADOS - ALA B;5
CSSI;2025;10;UNIDADE URGÊNCIA/EMERGÊNCIA - OBSERVAÇÃO;3
CSSI;2025;10;UNIDADES DE CUIDADOS PROLONGADOS - UCP;9
CSSI;2025;11;CLINICA MEDICA ALA A;9
CSSI;2025;11;CLÍNICA MÉDICA ALA B;1
CSSI;2025;11;CLÍNICA MÉDICA ALA C;32
CSSI;2025;11;UNIDADE DE CUIDADOS PROLONGADOS - ALA A;9
CSSI;2025;11;UNIDADE DE CUIDADOS PROLONGADOS - ALA B;4
CSSI;2025;11;UNIDADE URGÊNCIA/EMERGÊNCIA - OBSERVAÇÃO;2
CSSI;2025;11;UNIDADES DE CUIDADOS PROLONGADOS - UCP;7
CSSI;2025;12;CLINICA MEDICA ALA A;9
CSSI;2025;12;CLÍNICA MÉDICA ALA B;3
CSSI;2025;12;CLÍNICA MÉDICA ALA C;37
CSSI;2025;12;UNIDADE DE CUIDADOS PROLONGADOS - ALA A;1
CSSI;2025;12;UNIDADE DE CUIDADOS PROLONGADOS - ALA B;8
CSSI;2025;12;UNIDADE URGÊNCIA/EMERGÊNCIA - OBSERVAÇÃO;1
CSSI;2025;12;UNIDADES DE CUIDADOS PROLONGADOS - UCP;4
HAC;2025;1;AMBULATORIO DE ONCOLOGIA CLINICA;1
HAC;2025;1;UNIDADE INTERNAÇÃO - CLINICA CIRURGICA;131
HAC;2025;1;UNIDADE INTERNAÇÃO - CLINICA MÉDICA;177
HAC;2025;1;UTI - ADULTO;9
HAC;2025;2;AMBULATORIO - ESPECIALIDADES;2
HAC;2025;2;UNIDADE INTERNAÇÃO - CLINICA CIRURGICA;109
HAC;2025;2;UNIDADE INTERNAÇÃO - CLINICA MÉDICA;156
HAC;2025;2;UTI - ADULTO;8
HAC;2025;3;AMBULATORIO - ESPECIALIDADES;1
HAC;2025;3;UNIDADE INTERNAÇÃO - CLINICA CIRURGICA;119
HAC;2025;3;UNIDADE INTERNAÇÃO - CLINICA MÉDICA;198
HAC;2025;3;UTI - ADULTO;5
HAC;2025;4;AMBULATORIO - ESPECIALIDADES;2
HAC;2025;4;AMBULATORIO DE ONCOLOGIA ESPECIALIDADES;1
HAC;2025;4;UNIDADE INTERNAÇÃO - CLINICA CIRURGICA;139
HAC;2025;4;UNIDADE INTERNAÇÃO - CLINICA MÉDICA;180
HAC;2025;4;UTI - ADULTO;7
HAC;2025;5;AMBULATORIO DE ONCOLOGIA CLINICA;1
HAC;2025;5;QUIMIOTERAPIA;1
HAC;2025;5;UNIDADE INTERNAÇÃO - CLINICA CIRURGICA;122
HAC;2025;5;UNIDADE INTERNAÇÃO - CLINICA MÉDICA;190
HAC;2025;5;UTI - ADULTO;14
HAC;2025;6;AMBULATORIO - ESPECIALIDADES;1
HAC;2025;6;QUIMIOTERAPIA;1
HAC;2025;6;UNIDADE INTERNAÇÃO - CLINICA CIRURGICA;122
HAC;2025;6;UNIDADE INTERNAÇÃO - CLINICA MÉDICA;176
HAC;2025;6;UTI - ADULTO;6
HAC;2025;7;AMBULATORIO - ESPECIALIDADES;3
HAC;2025;7;UNIDADE INTERNAÇÃO - CLINICA CIRURGICA;101
HAC;2025;7;UNIDADE INTERNAÇÃO - CLINICA MÉDICA;214
HAC;2025;7;UTI - ADULTO;8
HAC;2025;8;AMBULATORIO - ESPECIALIDADES;1
HAC;2025;8;AMBULATORIO DE ONCOLOGIA CLINICA;4
HAC;2025;8;UNIDADE INTERNAÇÃO - CLINICA CIRURGICA;121
HAC;2025;8;UNIDADE INTERNAÇÃO - CLINICA MÉDICA;173
HAC;2025;8;UTI - ADULTO;12
HAC;2025;9;AMBULATORIO - ESPECIALIDADES;1
HAC;2025;9;UNIDADE INTERNAÇÃO - CLINICA CIRURGICA;106
HAC;2025;9;UNIDADE INTERNAÇÃO - CLINICA MÉDICA;195
HAC;2025;9;UTI - ADULTO;8
HAC;2025;10;AMBULATORIO DE ONCOLOGIA CLINICA;1
HAC;2025;10;CTI ADULTO;7
HAC;2025;10;UDC - OBSERVAÇÃO;8
HAC;2025;10;UNIDADE DE INTERNAÇÃO - CLÍNICA CIRÚRGICA;62
HAC;2025;10;UNIDADE DE INTERNAÇÃO - CLÍNICA MÉDICA;121
HAC;2025;10;UNIDADE INTERNAÇÃO - CLINICA CIRURGICA;54
HAC;2025;10;UNIDADE INTERNAÇÃO - CLINICA MÉDICA;81
HAC;2025;10;UTI - ADULTO;5
HAC;2025;11;CTI ADULTO;6
HAC;2025;11;UDC - OBSERVAÇÃO;27
HAC;2025;11;UNIDADE DE INTERNAÇÃO - CLÍNICA CIRÚRGICA;96
HAC;2025;11;UNIDADE DE INTERNAÇÃO - CLÍNICA MÉDICA;175
HAC;2025;12;CTI ADULTO;7
HAC;2025;12;UDC - OBSERVAÇÃO;12
HAC;2025;12;UNIDADE DE INTERNAÇÃO - CLÍNICA CIRÚRGICA;111
HAC;2025;12;UNIDADE DE INTERNAÇÃO - CLÍNICA MÉDICA;167
HCM;2025;1;UNIDADE DE CUIDADOS CONTINUADOS INTEGRADOS;4
HCM;2025;2;UNIDADE DE CUIDADOS CONTINUADOS INTEGRADOS;10
HCM;2025;3;UNIDADE DE CUIDADOS CONTINUADOS INTEGRADOS;7
HCM;2025;4;UNIDADE DE CUIDADOS CONTINUADOS INTEGRADOS;10
HCM;2025;5;UNIDADE DE CUIDADOS CONTINUADOS INTEGRADOS;6
HCM;2025;6;UNIDADE DE CUIDADOS CONTINUADOS INTEGRADOS;7
HCM;2025;7;UNIDADE DE CUIDADOS CONTINUADOS INTEGRADOS;12
HCM;2025;8;UNIDADE DE CUIDADOS CONTINUADOS INTEGRADOS;9
HCM;2025;9;BLOCO CIRURGICO;2
HCM;2025;9;UNIDADE DE CUIDADOS CONTINUADOS INTEGRADOS;11
HCM;2025;9;UNIDADE INTERNAÇÃO - CLINICA CIRURGICA;6
HCM;2025;10;UNIDADE DE CUIDADOS CONTINUADOS INTEGRADOS;6
HCM;2025;10;UNIDADE INTERNAÇÃO - CLINICA CIRURGICA;6
HCM;2025;11;BLOCO CIRURGICO;2
HCM;2025;11;UCC - ALA C;5
HCM;2025;11;UICP - ALA A;3
HCM;2025;11;UICP - ALA B;1
HCM;2025;11;UNIDADE DE CUIDADOS CONTINUADOS INTEGRADOS;5
HCM;2025;11;UNIDADE INTERNAÇÃO - CLINICA CIRURGICA;8
HCM;2025;12;UCC - ALA C;9
HCM;2025;12;UICP - ALA A;4
HCM;2025;12;UICP - ALA B;4
HCM;2025;12;UICP - ALA C;1
HEM;2025;1;AMBULATORIO DE INFECTOLOGIA;2
HEM;2025;1;UNIDADE INTERNAÇÃO - DOENÇAS INFECTO-CONTAGIOSAS E PARASITÁRIAS DOENÇAS INFECTO CONTAGIOSAS;135
HEM;2025;1;UTI - ADULTO;6
HEM;2025;2;UNIDADE INTERNAÇÃO - DOENÇAS INFECTO-CONTAGIOSAS E PARASITÁRIAS DOENÇAS INFECTO CONTAGIOSAS;123
HEM;2025;2;UTI - ADULTO;10
HEM;2025;3;UNIDADE INTERNAÇÃO - DOENÇAS INFECTO-CONTAGIOSAS E PARASITÁRIAS DOENÇAS INFECTO CONTAGIOSAS;147
HEM;2025;3;UTI - ADULTO;11
HEM;2025;4;UNIDADE INTERNAÇÃO - DOENÇAS INFECTO-CONTAGIOSAS E PARASITÁRIAS DOENÇAS INFECTO CONTAGIOSAS;159
HEM;2025;4;UTI - ADULTO;13
HEM;2025;5;UNIDADE INTERNAÇÃO - DOENÇAS INFECTO-CONTAGIOSAS E PARASITÁRIAS DOENÇAS INFECTO CONTAGIOSAS;164
HEM;2025;5;UTI - ADULTO;14
HEM;2025;6;ALA A;41
HEM;2025;6;ALA C;49
HEM;2025;6;ALA D;14
HEM;2025;6;CTI - ADULTO;12
HEM;2025;6;UNIDADE INTERNAÇÃO - DOENÇAS INFECTO-CONTAGIOSAS E PARASITÁRIAS DOENÇAS INFECTO CONTAGIOSAS;49
HEM;2025;6;UTI - ADULTO;5
HEM;2025;7;ALA A;81
HEM;2025;7;ALA C;77
HEM;2025;7;ALA D;16
HEM;2025;7;CTI - ADULTO;10
HEM;2025;8;ALA A;65
HEM;2025;8;ALA C;72
HEM;2025;8;ALA D;14
HEM;2025;8;CTI - ADULTO;14
HEM;2025;9;ALA A;79
HEM;2025;9;ALA C;79
HEM;2025;9;ALA D;13
HEM;2025;9;CTI - ADULTO;13
HEM;2025;10;ALA A;76
HEM;2025;10;ALA C;81
HEM;2025;10;ALA D;22
HEM;2025;10;CTI - ADULTO;15
HEM;2025;11;ALA A;59
HEM;2025;11;ALA C;70
HEM;2025;11;ALA D;12
HEM;2025;11;CTI - ADULTO;12
HEM;2025;12;ALA A;67
HEM;2025;12;ALA C;70
HEM;2025;12;ALA D;23
HEM;2025;12;CTI - ADULTO;10
HIJPII;2025;1;UNIDADE INTERNAÇÃO - CLINICA PEDIÁTRICA;239
HIJPII;2025;1;UNIDADE INTERNAÇÃO - CURTO PRAZO;23
HIJPII;2025;1;UNIDADE INTERNAÇÃO - DOENÇAS INFECTO-CONTAGIOSAS E PARASITÁRIAS;78
HIJPII;2025;1;UTI;4
HIJPII;2025;2;UNIDADE INTERNAÇÃO - CLINICA PEDIÁTRICA;208
HIJPII;2025;2;UNIDADE INTERNAÇÃO - CURTO PRAZO;16
HIJPII;2025;2;UNIDADE INTERNAÇÃO - DOENÇAS INFECTO-CONTAGIOSAS E PARASITÁRIAS;119
HIJPII;2025;2;UTI;3
HIJPII;2025;3;AMBULATORIO - ESPECIALIDADES;1
HIJPII;2025;3;UNIDADE INTERNAÇÃO - CLINICA PEDIÁTRICA;263
HIJPII;2025;3;UNIDADE INTERNAÇÃO - CURTO PRAZO;32
HIJPII;2025;3;UNIDADE INTERNAÇÃO - DOENÇAS INFECTO-CONTAGIOSAS E PARASITÁRIAS;150
HIJPII;2025;3;UTI;4
HIJPII;2025;4;AMBULATORIO - ESPECIALIDADES;2
HIJPII;2025;4;UNIDADE INTERNAÇÃO - CLINICA PEDIÁTRICA;326
HIJPII;2025;4;UNIDADE INTERNAÇÃO - CURTO PRAZO;49
HIJPII;2025;4;UNIDADE INTERNAÇÃO - DOENÇAS INFECTO-CONTAGIOSAS E PARASITÁRIAS;153
HIJPII;2025;4;UTI;9
HIJPII;2025;5;AMBULATORIO - ESPECIALIDADES;1
HIJPII;2025;5;UNIDADE INTERNAÇÃO - CLINICA PEDIÁTRICA;330
HIJPII;2025;5;UNIDADE INTERNAÇÃO - CURTO PRAZO;61
HIJPII;2025;5;UNIDADE INTERNAÇÃO - DOENÇAS INFECTO-CONTAGIOSAS E PARASITÁRIAS;169
HIJPII;2025;5;UTI;7
HIJPII;2025;6;AMBULATORIO - ESPECIALIDADES;2
HIJPII;2025;6;UNIDADE INTERNAÇÃO - CLINICA PEDIÁTRICA;301
HIJPII;2025;6;UNIDADE INTERNAÇÃO - CURTO PRAZO;40
HIJPII;2025;6;UNIDADE INTERNAÇÃO - DOENÇAS INFECTO-CONTAGIOSAS E PARASITÁRIAS;156
HIJPII;2025;6;UTI;4
HIJPII;2025;7;UNIDADE INTERNAÇÃO - CLINICA PEDIÁTRICA;239
HIJPII;2025;7;UNIDADE INTERNAÇÃO - CURTO PRAZO;20
HIJPII;2025;7;UNIDADE INTERNAÇÃO - DOENÇAS INFECTO-CONTAGIOSAS E PARASITÁRIAS;119
HIJPII;2025;7;UTI;5
HIJPII;2025;8;UNIDADE INTERNAÇÃO - CLINICA PEDIÁTRICA;202
HIJPII;2025;8;UNIDADE INTERNAÇÃO - CURTO PRAZO;25
HIJPII;2025;8;UNIDADE INTERNAÇÃO - DOENÇAS INFECTO-CONTAGIOSAS E PARASITÁRIAS;90
HIJPII;2025;8;UTI;2
HIJPII;2025;9;UNIDADE INTERNAÇÃO - CLINICA PEDIÁTRICA;183
HIJPII;2025;9;UNIDADE INTERNAÇÃO - CURTO PRAZO;22
HIJPII;2025;9;UNIDADE INTERNAÇÃO - DOENÇAS INFECTO-CONTAGIOSAS E PARASITÁRIAS;93
HIJPII;2025;9;UTI;3
HIJPII;2025;10;AMBULATORIO - ESPECIALIDADES;1
HIJPII;2025;10;UNIDADE INTERNAÇÃO - CLINICA PEDIÁTRICA;201
HIJPII;2025;10;UNIDADE INTERNAÇÃO - CURTO PRAZO;20
HIJPII;2025;10;UNIDADE INTERNAÇÃO - DOENÇAS INFECTO-CONTAGIOSAS E PARASITÁRIAS;105
HIJPII;2025;10;UTI;5
HIJPII;2025;11;AMBULATORIO - ESPECIALIDADES;1
HIJPII;2025;11;UNIDADE INTERNAÇÃO - CLINICA PEDIÁTRICA;198
HIJPII;2025;11;UNIDADE INTERNAÇÃO - CURTO PRAZO;20
HIJPII;2025;11;UNIDADE INTERNAÇÃO - DOENÇAS INFECTO-CONTAGIOSAS E PARASITÁRIAS;117
HIJPII;2025;11;UTI;12
HIJPII;2025;12;UNIDADE INTERNAÇÃO - CLINICA PEDIÁTRICA;210
HIJPII;2025;12;UNIDADE INTERNAÇÃO - CURTO PRAZO;27
HIJPII;2025;12;UNIDADE INTERNAÇÃO - DOENÇAS INFECTO-CONTAGIOSAS E PARASITÁRIAS;129
HIJPII;2025;12;UTI;7
HJK;2025;1;ALOJAMENTO CONJUNTO;285
HJK;2025;1;AMBULATORIO - ASSISTENCIA SAÚDE DA MULHER;1
HJK;2025;1;UCI - UNIDADE DE CUIDADO INTERMEDIARIO NEONATAL CONVENCIONAL;28
HJK;2025;1;UNIDADE INTERNAÇÃO - CLINICA CIRURGICA;164
HJK;2025;1;UNIDADE INTERNAÇÃO - CLINICA MÉDICA;118
HJK;2025;1;UNIDADE INTERNAÇÃO - CLINICA PNEUMOLOGICA;113
HJK;2025;1;UNIDADE INTERNAÇÃO - CLINICA TISIOLÓGICA;41
HJK;2025;1;UNIDADE URGENCIA/EMERGENCIA;252
HJK;2025;1;UTI - ADULTO;32
HJK;2025;1;UTI - NEONATAL;3
HJK;2025;2;ALOJAMENTO CONJUNTO;284
HJK;2025;2;UCI - UNIDADE DE CUIDADO INTERMEDIARIO NEONATAL CONVENCIONAL;13
HJK;2025;2;UNIDADE INTERNAÇÃO - CLINICA CIRURGICA;171
HJK;2025;2;UNIDADE INTERNAÇÃO - CLINICA MÉDICA;117
HJK;2025;2;UNIDADE INTERNAÇÃO - CLINICA PNEUMOLOGICA;94
HJK;2025;2;UNIDADE INTERNAÇÃO - CLINICA TISIOLÓGICA;50
HJK;2025;2;UNIDADE URGENCIA/EMERGENCIA;210
HJK;2025;2;UTI - ADULTO;31
HJK;2025;2;UTI - NEONATAL;2
HJK;2025;3;ALOJAMENTO CONJUNTO;284
HJK;2025;3;UCI - UNIDADE DE CUIDADO INTERMEDIARIO NEONATAL CONVENCIONAL;37
HJK;2025;3;UNIDADE INTERNAÇÃO - CLINICA CIRURGICA;197
HJK;2025;3;UNIDADE INTERNAÇÃO - CLINICA MÉDICA;121
HJK;2025;3;UNIDADE INTERNAÇÃO - CLINICA PNEUMOLOGICA;109
HJK;2025;3;UNIDADE INTERNAÇÃO - CLINICA TISIOLÓGICA;51
HJK;2025;3;UNIDADE URGENCIA/EMERGENCIA;261
HJK;2025;3;UTI - ADULTO;39
HJK;2025;3;UTI - NEONATAL;6
HJK;2025;4;ALOJAMENTO CONJUNTO;301
HJK;2025;4;UCI - UNIDADE DE CUIDADO INTERMEDIARIO NEONATAL CONVENCIONAL;20
HJK;2025;4;UNIDADE INTERNAÇÃO - CLINICA CIRURGICA;135
HJK;2025;4;UNIDADE INTERNAÇÃO - CLINICA MÉDICA;135
HJK;2025;4;UNIDADE INTERNAÇÃO - CLINICA PNEUMOLOGICA;124
HJK;2025;4;UNIDADE INTERNAÇÃO - CLINICA TISIOLÓGICA;61
HJK;2025;4;UNIDADE URGENCIA/EMERGENCIA;249
HJK;2025;4;UTI - ADULTO;27
HJK;2025;4;UTI - NEONATAL;2
HJK;2025;5;ALOJAMENTO CONJUNTO;279
HJK;2025;5;UCI - UNIDADE DE CUIDADO INTERMEDIARIO NEONATAL CONVENCIONAL;19
HJK;2025;5;UNIDADE INTERNAÇÃO - CLINICA CIRURGICA;169
HJK;2025;5;UNIDADE INTERNAÇÃO - CLINICA MÉDICA;102
HJK;2025;5;UNIDADE INTERNAÇÃO - CLINICA PNEUMOLOGICA;122
HJK;2025;5;UNIDADE INTERNAÇÃO - CLINICA TISIOLÓGICA;60
HJK;2025;5;UNIDADE URGENCIA/EMERGENCIA;244
HJK;2025;5;UTI - ADULTO;36
HJK;2025;5;UTI - NEONATAL;18
HJK;2025;6;ALOJAMENTO CONJUNTO;274
HJK;2025;6;UCI - UNIDADE DE CUIDADO INTERMEDIARIO NEONATAL CONVENCIONAL;15
HJK;2025;6;UNIDADE INTERNAÇÃO - CLINICA CIRURGICA;165
HJK;2025;6;UNIDADE INTERNAÇÃO - CLINICA MÉDICA;118
HJK;2025;6;UNIDADE INTERNAÇÃO - CLINICA PNEUMOLOGICA;118
HJK;2025;6;UNIDADE INTERNAÇÃO - CLINICA TISIOLÓGICA;48
HJK;2025;6;UNIDADE URGENCIA/EMERGENCIA;245
HJK;2025;6;UTI - ADULTO;45
HJK;2025;6;UTI - NEONATAL;14
HJK;2025;7;ALOJAMENTO CONJUNTO;277
HJK;2025;7;UCI - UNIDADE DE CUIDADO INTERMEDIARIO NEONATAL CONVENCIONAL;19
HJK;2025;7;UNIDADE INTERNAÇÃO - CLINICA CIRURGICA;164
HJK;2025;7;UNIDADE INTERNAÇÃO - CLINICA MÉDICA;142
HJK;2025;7;UNIDADE INTERNAÇÃO - CLINICA PNEUMOLOGICA;128
HJK;2025;7;UNIDADE INTERNAÇÃO - CLINICA TISIOLÓGICA;65
HJK;2025;7;UNIDADE URGENCIA/EMERGENCIA;236
HJK;2025;7;UTI - ADULTO;53
HJK;2025;7;UTI - NEONATAL;18
HJK;2025;8;ALOJAMENTO CONJUNTO;245
HJK;2025;8;PRÉ-PARTO;13
HJK;2025;8;UCI - UNIDADE DE CUIDADO INTERMEDIARIO NEONATAL CANGURU;10
HJK;2025;8;UCI - UNIDADE DE CUIDADO INTERMEDIARIO NEONATAL CONVENCIONAL;18
HJK;2025;8;UNIDADE INTERNAÇÃO - CLINICA CIRURGICA;171
HJK;2025;8;UNIDADE INTERNAÇÃO - CLINICA MÉDICA;147
HJK;2025;8;UNIDADE INTERNAÇÃO - CLINICA PNEUMOLOGICA;117
HJK;2025;8;UNIDADE INTERNAÇÃO - CLINICA TISIOLÓGICA;60
HJK;2025;8;UNIDADE URGENCIA/EMERGENCIA;264
HJK;2025;8;UTI - ADULTO;39
HJK;2025;8;UTI - NEONATAL;4
HJK;2025;9;ALOJAMENTO CONJUNTO;259
HJK;2025;9;AMBULATORIO - ASSISTENCIA SAÚDE DA MULHER;1
HJK;2025;9;PRÉ-PARTO;21
HJK;2025;9;UCI - UNIDADE DE CUIDADO INTERMEDIARIO NEONATAL CANGURU;27
HJK;2025;9;UCI - UNIDADE DE CUIDADO INTERMEDIARIO NEONATAL CONVENCIONAL;9
HJK;2025;9;UNIDADE INTERNAÇÃO - CLINICA CIRURGICA;157
HJK;2025;9;UNIDADE INTERNAÇÃO - CLINICA MÉDICA;119
HJK;2025;9;UNIDADE INTERNAÇÃO - CLINICA PNEUMOLOGICA;130
HJK;2025;9;UNIDADE INTERNAÇÃO - CLINICA TISIOLÓGICA;67
HJK;2025;9;UNIDADE URGENCIA/EMERGENCIA;240
HJK;2025;9;UTI - ADULTO;44
HJK;2025;9;UTI - NEONATAL;5
HJK;2025;10;ALOJAMENTO CONJUNTO;225
HJK;2025;10;PRÉ-PARTO;26
HJK;2025;10;UCI - UNIDADE DE CUIDADO INTERMEDIARIO NEONATAL CANGURU;30
HJK;2025;10;UCI - UNIDADE DE CUIDADO INTERMEDIARIO NEONATAL CONVENCIONAL;9
HJK;2025;10;UNIDADE INTERNAÇÃO - CLINICA CIRURGICA;189
HJK;2025;10;UNIDADE INTERNAÇÃO - CLINICA MÉDICA;130
HJK;2025;10;UNIDADE INTERNAÇÃO - CLINICA PNEUMOLOGICA;114
HJK;2025;10;UNIDADE INTERNAÇÃO - CLINICA TISIOLÓGICA;75
HJK;2025;10;UNIDADE URGENCIA/EMERGENCIA;242
HJK;2025;10;UTI - ADULTO;50
HJK;2025;10;UTI - NEONATAL;1
HJK;2025;11;ALOJAMENTO CONJUNTO;225
HJK;2025;11;PRÉ-PARTO;27
HJK;2025;11;UCI - UNIDADE DE CUIDADO INTERMEDIARIO NEONATAL CANGURU;21
HJK;2025;11;UCI - UNIDADE DE CUIDADO INTERMEDIARIO NEONATAL CONVENCIONAL;10
HJK;2025;11;UNIDADE INTERNAÇÃO - CLINICA CIRURGICA;152
HJK;2025;11;UNIDADE INTERNAÇÃO - CLINICA MÉDICA;125
HJK;2025;11;UNIDADE INTERNAÇÃO - CLINICA PNEUMOLOGICA;111
HJK;2025;11;UNIDADE INTERNAÇÃO - CLINICA TISIOLÓGICA;37
HJK;2025;11;UNIDADE URGENCIA/EMERGENCIA;226
HJK;2025;11;UTI - ADULTO;58
HJK;2025;11;UTI - NEONATAL;3
HJK;2025;12;ALOJAMENTO CONJUNTO;244
HJK;2025;12;PRÉ-PARTO;34
HJK;2025;12;UCI - UNIDADE DE CUIDADO INTERMEDIARIO NEONATAL CANGURU;34
HJK;2025;12;UCI - UNIDADE DE CUIDADO INTERMEDIARIO NEONATAL CONVENCIONAL;6
HJK;2025;12;UNIDADE INTERNAÇÃO - CLINICA CIRURGICA;168
HJK;2025;12;UNIDADE INTERNAÇÃO - CLINICA MÉDICA;165
HJK;2025;12;UNIDADE INTERNAÇÃO - CLINICA PNEUMOLOGICA;104
HJK;2025;12;UNIDADE INTERNAÇÃO - CLINICA TISIOLÓGICA;69
HJK;2025;12;UNIDADE URGENCIA/EMERGENCIA;238
HJK;2025;12;UTI - ADULTO;56
HJK;2025;12;UTI - NEONATAL;4
HJXXIII;2025;1;BLOCO CIRURGICO;52
HJXXIII;2025;1;PRONTO SOCORRO;700
HJXXIII;2025;1;UNIDADE INTERNAÇÃO - CIRURGIA GERAL 4º ANDAR;109
HJXXIII;2025;1;UNIDADE INTERNAÇÃO - CIRURGIA PLÁSTICA 7º ANDAR;86
HJXXIII;2025;1;UNIDADE INTERNAÇÃO - CLINICA CUIDADOS PROGRESSIVOS 3º ANDAR;22
HJXXIII;2025;1;UNIDADE INTERNAÇÃO - CLINICA MÉDICA 6º ANDAR;39
HJXXIII;2025;1;UNIDADE INTERNAÇÃO - CLINICA NEUROLOGICA 5º ANDAR;58
HJXXIII;2025;1;UNIDADE INTERNAÇÃO - QUEIMADOS GRAVES 9º ANDAR;1
HJXXIII;2025;1;UNIDADE INTERNAÇÃO - QUEIMADOS MÉDIOS - 8º ANDAR;37
HJXXIII;2025;1;UTI;35
HJXXIII;2025;1;UTI -  PEDIATRICO 2º ANDAR;18
HJXXIII;2025;2;BLOCO CIRURGICO;29
HJXXIII;2025;2;PRONTO SOCORRO;588
HJXXIII;2025;2;UNIDADE INTERNAÇÃO - CIRURGIA GERAL 4º ANDAR;114
HJXXIII;2025;2;UNIDADE INTERNAÇÃO - CIRURGIA PLÁSTICA 7º ANDAR;81
HJXXIII;2025;2;UNIDADE INTERNAÇÃO - CLINICA CUIDADOS PROGRESSIVOS 3º ANDAR;8
HJXXIII;2025;2;UNIDADE INTERNAÇÃO - CLINICA MÉDICA 6º ANDAR;39
HJXXIII;2025;2;UNIDADE INTERNAÇÃO - CLINICA NEUROLOGICA 5º ANDAR;56
HJXXIII;2025;2;UNIDADE INTERNAÇÃO - QUEIMADOS GRAVES 9º ANDAR;1
HJXXIII;2025;2;UNIDADE INTERNAÇÃO - QUEIMADOS MÉDIOS - 8º ANDAR;25
HJXXIII;2025;2;UTI;36
HJXXIII;2025;2;UTI -  PEDIATRICO 2º ANDAR;17
HJXXIII;2025;3;BLOCO CIRURGICO;33
HJXXIII;2025;3;PRONTO SOCORRO;633
HJXXIII;2025;3;UNIDADE INTERNAÇÃO - CIRURGIA GERAL 4º ANDAR;126
HJXXIII;2025;3;UNIDADE INTERNAÇÃO - CIRURGIA PLÁSTICA 7º ANDAR;80
HJXXIII;2025;3;UNIDADE INTERNAÇÃO - CLINICA CUIDADOS PROGRESSIVOS 3º ANDAR;22
HJXXIII;2025;3;UNIDADE INTERNAÇÃO - CLINICA MÉDICA 6º ANDAR;33
HJXXIII;2025;3;UNIDADE INTERNAÇÃO - CLINICA NEUROLOGICA 5º ANDAR;65
HJXXIII;2025;3;UNIDADE INTERNAÇÃO - QUEIMADOS GRAVES 9º ANDAR;4
HJXXIII;2025;3;UNIDADE INTERNAÇÃO - QUEIMADOS MÉDIOS - 8º ANDAR;36
HJXXIII;2025;3;UTI;46
HJXXIII;2025;3;UTI -  PEDIATRICO 2º ANDAR;23
HJXXIII;2025;4;BLOCO CIRURGICO;32
HJXXIII;2025;4;PRONTO SOCORRO;672
HJXXIII;2025;4;UNIDADE INTERNAÇÃO - CIRURGIA GERAL 4º ANDAR;113
HJXXIII;2025;4;UNIDADE INTERNAÇÃO - CIRURGIA PLÁSTICA 7º ANDAR;68
HJXXIII;2025;4;UNIDADE INTERNAÇÃO - CLINICA CUIDADOS PROGRESSIVOS 3º ANDAR;20
HJXXIII;2025;4;UNIDADE INTERNAÇÃO - CLINICA MÉDICA 6º ANDAR;61
HJXXIII;2025;4;UNIDADE INTERNAÇÃO - CLINICA NEUROLOGICA 5º ANDAR;96
HJXXIII;2025;4;UNIDADE INTERNAÇÃO - QUEIMADOS GRAVES 9º ANDAR;2
HJXXIII;2025;4;UNIDADE INTERNAÇÃO - QUEIMADOS MÉDIOS - 8º ANDAR;33
HJXXIII;2025;4;UTI;34
HJXXIII;2025;4;UTI -  PEDIATRICO 2º ANDAR;35
HJXXIII;2025;5;BLOCO CIRURGICO;41
HJXXIII;2025;5;PRONTO SOCORRO;626
HJXXIII;2025;5;UNIDADE INTERNAÇÃO - CIRURGIA GERAL 4º ANDAR;131
HJXXIII;2025;5;UNIDADE INTERNAÇÃO - CIRURGIA PLÁSTICA 7º ANDAR;113
HJXXIII;2025;5;UNIDADE INTERNAÇÃO - CLINICA CUIDADOS PROGRESSIVOS 3º ANDAR;15
HJXXIII;2025;5;UNIDADE INTERNAÇÃO - CLINICA MÉDICA 6º ANDAR;60
HJXXIII;2025;5;UNIDADE INTERNAÇÃO - CLINICA NEUROLOGICA 5º ANDAR;77
HJXXIII;2025;5;UNIDADE INTERNAÇÃO - QUEIMADOS GRAVES 9º ANDAR;1
HJXXIII;2025;5;UNIDADE INTERNAÇÃO - QUEIMADOS MÉDIOS - 8º ANDAR;30
HJXXIII;2025;5;UTI;31
HJXXIII;2025;5;UTI -  PEDIATRICO 2º ANDAR;57
HJXXIII;2025;6;BLOCO CIRURGICO;35
HJXXIII;2025;6;PRONTO SOCORRO;623
HJXXIII;2025;6;UNIDADE INTERNAÇÃO - CIRURGIA GERAL 4º ANDAR;114
HJXXIII;2025;6;UNIDADE INTERNAÇÃO - CIRURGIA PLÁSTICA 7º ANDAR;78
HJXXIII;2025;6;UNIDADE INTERNAÇÃO - CLINICA CUIDADOS PROGRESSIVOS 3º ANDAR;16
HJXXIII;2025;6;UNIDADE INTERNAÇÃO - CLINICA MÉDICA 6º ANDAR;51
HJXXIII;2025;6;UNIDADE INTERNAÇÃO - CLINICA NEUROLOGICA 5º ANDAR;75
HJXXIII;2025;6;UNIDADE INTERNAÇÃO - QUEIMADOS MÉDIOS - 8º ANDAR;36
HJXXIII;2025;6;UTI;30
HJXXIII;2025;6;UTI -  PEDIATRICO 2º ANDAR;84
HJXXIII;2025;7;BLOCO CIRURGICO;51
HJXXIII;2025;7;PRONTO SOCORRO;691
HJXXIII;2025;7;UNIDADE INTERNAÇÃO - CIRURGIA GERAL 4º ANDAR;94
HJXXIII;2025;7;UNIDADE INTERNAÇÃO - CIRURGIA PLÁSTICA 7º ANDAR;76
HJXXIII;2025;7;UNIDADE INTERNAÇÃO - CLINICA CUIDADOS PROGRESSIVOS 3º ANDAR;25
HJXXIII;2025;7;UNIDADE INTERNAÇÃO - CLINICA MÉDICA 6º ANDAR;55
HJXXIII;2025;7;UNIDADE INTERNAÇÃO - CLINICA NEUROLOGICA 5º ANDAR;86
HJXXIII;2025;7;UNIDADE INTERNAÇÃO - QUEIMADOS GRAVES 9º ANDAR;4
HJXXIII;2025;7;UNIDADE INTERNAÇÃO - QUEIMADOS MÉDIOS - 8º ANDAR;32
HJXXIII;2025;7;UTI;30
HJXXIII;2025;7;UTI -  PEDIATRICO 2º ANDAR;25
HJXXIII;2025;8;BLOCO CIRURGICO;68
HJXXIII;2025;8;PRONTO SOCORRO;673
HJXXIII;2025;8;UNIDADE INTERNAÇÃO - CIRURGIA GERAL 4º ANDAR;106
HJXXIII;2025;8;UNIDADE INTERNAÇÃO - CIRURGIA PLÁSTICA 7º ANDAR;85
HJXXIII;2025;8;UNIDADE INTERNAÇÃO - CLINICA CUIDADOS PROGRESSIVOS 3º ANDAR;31
HJXXIII;2025;8;UNIDADE INTERNAÇÃO - CLINICA MÉDICA 6º ANDAR;51
HJXXIII;2025;8;UNIDADE INTERNAÇÃO - CLINICA NEUROLOGICA 5º ANDAR;91
HJXXIII;2025;8;UNIDADE INTERNAÇÃO - QUEIMADOS GRAVES 9º ANDAR;1
HJXXIII;2025;8;UNIDADE INTERNAÇÃO - QUEIMADOS MÉDIOS - 8º ANDAR;35
HJXXIII;2025;8;UTI;21
HJXXIII;2025;8;UTI -  PEDIATRICO 2º ANDAR;38
HJXXIII;2025;9;BLOCO CIRURGICO;53
HJXXIII;2025;9;PRONTO SOCORRO;592
HJXXIII;2025;9;UNIDADE INTERNAÇÃO - CIRURGIA GERAL 4º ANDAR;106
HJXXIII;2025;9;UNIDADE INTERNAÇÃO - CIRURGIA PLÁSTICA 7º ANDAR;120
HJXXIII;2025;9;UNIDADE INTERNAÇÃO - CLINICA CUIDADOS PROGRESSIVOS 3º ANDAR;16
HJXXIII;2025;9;UNIDADE INTERNAÇÃO - CLINICA MÉDICA 6º ANDAR;62
HJXXIII;2025;9;UNIDADE INTERNAÇÃO - CLINICA NEUROLOGICA 5º ANDAR;81
HJXXIII;2025;9;UNIDADE INTERNAÇÃO - QUEIMADOS MÉDIOS - 8º ANDAR;35
HJXXIII;2025;9;UTI;25
HJXXIII;2025;9;UTI -  PEDIATRICO 2º ANDAR;15
HJXXIII;2025;10;BLOCO CIRURGICO;65
HJXXIII;2025;10;PRONTO SOCORRO;698
HJXXIII;2025;10;UNIDADE INTERNAÇÃO - CIRURGIA GERAL 4º ANDAR;109
HJXXIII;2025;10;UNIDADE INTERNAÇÃO - CIRURGIA PLÁSTICA 7º ANDAR;105
HJXXIII;2025;10;UNIDADE INTERNAÇÃO - CLINICA CUIDADOS PROGRESSIVOS 3º ANDAR;20
HJXXIII;2025;10;UNIDADE INTERNAÇÃO - CLINICA MÉDICA 6º ANDAR;72
HJXXIII;2025;10;UNIDADE INTERNAÇÃO - CLINICA NEUROLOGICA 5º ANDAR;68
HJXXIII;2025;10;UNIDADE INTERNAÇÃO - QUEIMADOS GRAVES 9º ANDAR;1
HJXXIII;2025;10;UNIDADE INTERNAÇÃO - QUEIMADOS MÉDIOS - 8º ANDAR;29
HJXXIII;2025;10;UTI;34
HJXXIII;2025;10;UTI -  PEDIATRICO 2º ANDAR;14
HJXXIII;2025;11;BLOCO CIRURGICO;56
HJXXIII;2025;11;PRONTO SOCORRO;593
HJXXIII;2025;11;UNIDADE INTERNAÇÃO - CIRURGIA GERAL 4º ANDAR;78
HJXXIII;2025;11;UNIDADE INTERNAÇÃO - CIRURGIA PLÁSTICA 7º ANDAR;82
HJXXIII;2025;11;UNIDADE INTERNAÇÃO - CLINICA CUIDADOS PROGRESSIVOS 3º ANDAR;15
HJXXIII;2025;11;UNIDADE INTERNAÇÃO - CLINICA MÉDICA 6º ANDAR;56
HJXXIII;2025;11;UNIDADE INTERNAÇÃO - CLINICA NEUROLOGICA 5º ANDAR;52
HJXXIII;2025;11;UNIDADE INTERNAÇÃO - QUEIMADOS GRAVES 9º ANDAR;1
HJXXIII;2025;11;UNIDADE INTERNAÇÃO - QUEIMADOS MÉDIOS - 8º ANDAR;35
HJXXIII;2025;11;UTI;34
HJXXIII;2025;11;UTI -  PEDIATRICO 2º ANDAR;25
HJXXIII;2025;12;BLOCO CIRURGICO;51
HJXXIII;2025;12;PRONTO SOCORRO;632
HJXXIII;2025;12;UNIDADE INTERNAÇÃO - CIRURGIA GERAL 4º ANDAR;126
HJXXIII;2025;12;UNIDADE INTERNAÇÃO - CIRURGIA PLÁSTICA 7º ANDAR;93
HJXXIII;2025;12;UNIDADE INTERNAÇÃO - CLINICA CUIDADOS PROGRESSIVOS 3º ANDAR;16
HJXXIII;2025;12;UNIDADE INTERNAÇÃO - CLINICA MÉDICA 6º ANDAR;60
HJXXIII;2025;12;UNIDADE INTERNAÇÃO - CLINICA NEUROLOGICA 5º ANDAR;86
HJXXIII;2025;12;UNIDADE INTERNAÇÃO - QUEIMADOS GRAVES 9º ANDAR;6
HJXXIII;2025;12;UNIDADE INTERNAÇÃO - QUEIMADOS MÉDIOS - 8º ANDAR;38
HJXXIII;2025;12;UTI;27
HJXXIII;2025;12;UTI -  PEDIATRICO 2º ANDAR;22
HMAL;2025;1;UNIDADE DE INTERNAÇÃO - TRAUMATO/ORTOPEDIA A;68
HMAL;2025;1;UNIDADE DE INTERNAÇÃO - TRAUMATO/ORTOPEDIA B;59
HMAL;2025;2;UNIDADE DE INTERNAÇÃO - TRAUMATO/ORTOPEDIA A;24
HMAL;2025;2;UNIDADE DE INTERNAÇÃO - TRAUMATO/ORTOPEDIA B;38
HMAL;2025;3;UNIDADE DE INTERNAÇÃO - TRAUMATO/ORTOPEDIA A;15
HMAL;2025;3;UNIDADE DE INTERNAÇÃO - TRAUMATO/ORTOPEDIA B;17
HMAL;2025;4;UNIDADE DE INTERNAÇÃO - TRAUMATO/ORTOPEDIA B;22
HMAL;2025;5;UNIDADE DE INTERNAÇÃO - TRAUMATO/ORTOPEDIA B;75
HMAL;2025;6;UNIDADE DE INTERNAÇÃO - TRAUMATO/ORTOPEDIA B;69
HMAL;2025;7;UNIDADE DE INTERNAÇÃO - TRAUMATO/ORTOPEDIA B;80
HMAL;2025;8;UNIDADE DE INTERNAÇÃO - TRAUMATO/ORTOPEDIA B;71
HMAL;2025;9;UNIDADE DE INTERNAÇÃO - TRAUMATO/ORTOPEDIA B;51
HMAL;2025;10;UNIDADE DE INTERNAÇÃO - TRAUMATO/ORTOPEDIA B;64
HMAL;2025;11;UNIDADE DE INTERNAÇÃO - TRAUMATO/ORTOPEDIA B;69
HMAL;2025;12;UNIDADE DE INTERNAÇÃO - TRAUMATO/ORTOPEDIA B;41
HMAL;2025;12;UNIDADE INTERNAÇÃO - BUCO TRAUMATO ORTOPEDIA 2º ANDAR;1
HRAD;2025;1;ALOJAMENTO CONJUNTO;159
HRAD;2025;1;AMBULATORIO - RETORNOS;1
HRAD;2025;1;BLOCO OBSTÉTRICO;1
HRAD;2025;1;UNIDADE DE DECISAO CLINICA;128
HRAD;2025;1;UNIDADE INTERNAÇÃO - CLINICA CIRURGICA;113
HRAD;2025;1;UNIDADE INTERNAÇÃO - CLINICA MÉDICA;78
HRAD;2025;1;UNIDADE INTERNAÇÃO - CLINICA ORTOPÉDICA;137
HRAD;2025;1;UNIDADE INTERNAÇÃO - CLINICA PEDIÁTRICA;58
HRAD;2025;1;UTI - ADULTO;5
HRAD;2025;1;UTI - NEONATAL;3
HRAD;2025;2;ALOJAMENTO CONJUNTO;153
HRAD;2025;2;AMBULATORIO - RETORNOS;1
HRAD;2025;2;BLOCO OBSTÉTRICO;2
HRAD;2025;2;UNIDADE DE DECISAO CLINICA;108
HRAD;2025;2;UNIDADE INTERNAÇÃO - CLINICA CIRURGICA;93
HRAD;2025;2;UNIDADE INTERNAÇÃO - CLINICA MÉDICA;60
HRAD;2025;2;UNIDADE INTERNAÇÃO - CLINICA ORTOPÉDICA;125
HRAD;2025;2;UNIDADE INTERNAÇÃO - CLINICA PEDIÁTRICA;53
HRAD;2025;2;UTI - ADULTO;15
HRAD;2025;2;UTI - NEONATAL;1
HRAD;2025;3;ALOJAMENTO CONJUNTO;179
HRAD;2025;3;AMBULATORIO - RETORNOS;1
HRAD;2025;3;BLOCO OBSTÉTRICO;2
HRAD;2025;3;UNIDADE DE DECISAO CLINICA;112
HRAD;2025;3;UNIDADE INTERNAÇÃO - CLINICA CIRURGICA;115
HRAD;2025;3;UNIDADE INTERNAÇÃO - CLINICA MÉDICA;89
HRAD;2025;3;UNIDADE INTERNAÇÃO - CLINICA ORTOPÉDICA;132
HRAD;2025;3;UNIDADE INTERNAÇÃO - CLINICA PEDIÁTRICA;49
HRAD;2025;3;UTI - ADULTO;8
HRAD;2025;4;ALOJAMENTO CONJUNTO;164
HRAD;2025;4;UNIDADE DE DECISAO CLINICA;98
HRAD;2025;4;UNIDADE INTERNAÇÃO - CLINICA CIRURGICA;128
HRAD;2025;4;UNIDADE INTERNAÇÃO - CLINICA MÉDICA;93
HRAD;2025;4;UNIDADE INTERNAÇÃO - CLINICA ORTOPÉDICA;118
HRAD;2025;4;UNIDADE INTERNAÇÃO - CLINICA PEDIÁTRICA;50
HRAD;2025;4;UTI - ADULTO;13
HRAD;2025;4;UTI - NEONATAL;2
HRAD;2025;5;ALOJAMENTO CONJUNTO;154
HRAD;2025;5;BLOCO OBSTÉTRICO;1
HRAD;2025;5;UNIDADE DE DECISAO CLINICA;111
HRAD;2025;5;UNIDADE INTERNAÇÃO - CLINICA CIRURGICA;110
HRAD;2025;5;UNIDADE INTERNAÇÃO - CLINICA MÉDICA;109
HRAD;2025;5;UNIDADE INTERNAÇÃO - CLINICA ORTOPÉDICA;89
HRAD;2025;5;UNIDADE INTERNAÇÃO - CLINICA PEDIÁTRICA;55
HRAD;2025;5;UTI - ADULTO;9
HRAD;2025;5;UTI - NEONATAL;1
HRAD;2025;6;ALOJAMENTO CONJUNTO;152
HRAD;2025;6;BLOCO OBSTÉTRICO;3
HRAD;2025;6;UNIDADE DE DECISAO CLINICA;142
HRAD;2025;6;UNIDADE INTERNAÇÃO - CLINICA CIRURGICA;97
HRAD;2025;6;UNIDADE INTERNAÇÃO - CLINICA MÉDICA;84
HRAD;2025;6;UNIDADE INTERNAÇÃO - CLINICA ORTOPÉDICA;113
HRAD;2025;6;UNIDADE INTERNAÇÃO - CLINICA PEDIÁTRICA;46
HRAD;2025;6;UTI - ADULTO;13
HRAD;2025;6;UTI - NEONATAL;3
HRAD;2025;7;ALOJAMENTO CONJUNTO;161
HRAD;2025;7;BLOCO OBSTÉTRICO;3
HRAD;2025;7;UNIDADE DE DECISAO CLINICA;123
HRAD;2025;7;UNIDADE INTERNAÇÃO - CLINICA CIRURGICA;125
HRAD;2025;7;UNIDADE INTERNAÇÃO - CLINICA MÉDICA;81
HRAD;2025;7;UNIDADE INTERNAÇÃO - CLINICA ORTOPÉDICA;109
HRAD;2025;7;UNIDADE INTERNAÇÃO - CLINICA PEDIÁTRICA;54
HRAD;2025;7;UTI - ADULTO;10
HRAD;2025;7;UTI - NEONATAL;5
HRAD;2025;8;ALOJAMENTO CONJUNTO;143
HRAD;2025;8;BLOCO OBSTÉTRICO;1
HRAD;2025;8;UNIDADE DE DECISAO CLINICA;127
HRAD;2025;8;UNIDADE INTERNAÇÃO - CLINICA CIRURGICA;103
HRAD;2025;8;UNIDADE INTERNAÇÃO - CLINICA MÉDICA;87
HRAD;2025;8;UNIDADE INTERNAÇÃO - CLINICA ORTOPÉDICA;97
HRAD;2025;8;UNIDADE INTERNAÇÃO - CLINICA PEDIÁTRICA;50
HRAD;2025;8;UTI - ADULTO;6
HRAD;2025;8;UTI - NEONATAL;1
HRAD;2025;9;ALOJAMENTO CONJUNTO;179
HRAD;2025;9;UNIDADE DE DECISAO CLINICA;119
HRAD;2025;9;UNIDADE INTERNAÇÃO - CLINICA CIRURGICA;113
HRAD;2025;9;UNIDADE INTERNAÇÃO - CLINICA MÉDICA;106
HRAD;2025;9;UNIDADE INTERNAÇÃO - CLINICA ORTOPÉDICA;139
HRAD;2025;9;UNIDADE INTERNAÇÃO - CLINICA PEDIÁTRICA;51
HRAD;2025;9;UTI - ADULTO;11
HRAD;2025;9;UTI - NEONATAL;2
HRAD;2025;10;ALOJAMENTO CONJUNTO;152
HRAD;2025;10;UNIDADE DE DECISAO CLINICA;134
HRAD;2025;10;UNIDADE INTERNAÇÃO - CLINICA CIRURGICA;127
HRAD;2025;10;UNIDADE INTERNAÇÃO - CLINICA MÉDICA;115
HRAD;2025;10;UNIDADE INTERNAÇÃO - CLINICA ORTOPÉDICA;95
HRAD;2025;10;UNIDADE INTERNAÇÃO - CLINICA PEDIÁTRICA;49
HRAD;2025;10;UTI - ADULTO;11
HRAD;2025;11;ALOJAMENTO CONJUNTO;154
HRAD;2025;11;BLOCO OBSTÉTRICO;1
HRAD;2025;11;UNIDADE DE DECISAO CLINICA;114
HRAD;2025;11;UNIDADE INTERNAÇÃO - CLINICA CIRURGICA;123
HRAD;2025;11;UNIDADE INTERNAÇÃO - CLINICA MÉDICA;108
HRAD;2025;11;UNIDADE INTERNAÇÃO - CLINICA ORTOPÉDICA;125
HRAD;2025;11;UNIDADE INTERNAÇÃO - CLINICA PEDIÁTRICA;53
HRAD;2025;11;UTI - ADULTO;18
HRAD;2025;11;UTI - NEONATAL;3
HRAD;2025;12;ALOJAMENTO CONJUNTO;164
HRAD;2025;12;UNIDADE DE DECISAO CLINICA;93
HRAD;2025;12;UNIDADE INTERNAÇÃO - CLINICA CIRURGICA;114
HRAD;2025;12;UNIDADE INTERNAÇÃO - CLINICA MÉDICA;119
HRAD;2025;12;UNIDADE INTERNAÇÃO - CLINICA ORTOPÉDICA;142
HRAD;2025;12;UNIDADE INTERNAÇÃO - CLINICA PEDIÁTRICA;46
HRAD;2025;12;UTI - ADULTO;8
HRAD;2025;12;UTI - NEONATAL;3
HRBJA;2025;1;CLINICA CIRURGICA/HRB/CHB;114
HRBJA;2025;1;CLINICA MEDICA/HRB/CHB;111
HRBJA;2025;1;TRAUMATO-ORTOPEDIA CIRURGICA/CHPB/CHB;15
HRBJA;2025;1;UTI ADULTO/HRB/CHB;26
HRBJA;2025;1;UUE/INTERNAÇÃO/HRB/CHB;22
HRBJA;2025;2;CLINICA CIRURGICA/HRB/CHB;93
HRBJA;2025;2;CLINICA MEDICA/HRB/CHB;88
HRBJA;2025;2;TRAUMATO-ORTOPEDIA CIRURGICA/CHPB/CHB;7
HRBJA;2025;2;UTI ADULTO/HRB/CHB;16
HRBJA;2025;2;UUE/INTERNAÇÃO/HRB/CHB;37
HRBJA;2025;3;CLINICA CIRURGICA/HRB/CHB;93
HRBJA;2025;3;CLINICA MEDICA/HRB/CHB;99
HRBJA;2025;3;TRAUMATO-ORTOPEDIA CIRURGICA/CHPB/CHB;11
HRBJA;2025;3;UTI ADULTO/HRB/CHB;26
HRBJA;2025;3;UUE/INTERNAÇÃO/HRB/CHB;42
HRBJA;2025;4;CLINICA CIRURGICA/HRB/CHB;107
HRBJA;2025;4;CLINICA MEDICA/HRB/CHB;103
HRBJA;2025;4;TRAUMATO-ORTOPEDIA CIRURGICA/CHPB/CHB;3
HRBJA;2025;4;UTI ADULTO/HRB/CHB;15
HRBJA;2025;4;UUE/INTERNAÇÃO/HRB/CHB;39
HRBJA;2025;5;CLINICA CIRURGICA/HRB/CHB;115
HRBJA;2025;5;CLINICA MEDICA/HRB/CHB;106
HRBJA;2025;5;TRAUMATO-ORTOPEDIA CIRURGICA/CHPB/CHB;9
HRBJA;2025;5;UTI ADULTO/HRB/CHB;27
HRBJA;2025;5;UUE/INTERNAÇÃO/HRB/CHB;27
HRBJA;2025;6;CLINICA CIRURGICA/HRB/CHB;104
HRBJA;2025;6;CLINICA MEDICA/HRB/CHB;110
HRBJA;2025;6;TRAUMATO-ORTOPEDIA CIRURGICA/CHPB/CHB;9
HRBJA;2025;6;UTI ADULTO/HRB/CHB;25
HRBJA;2025;6;UUE/INTERNAÇÃO/HRB/CHB;24
HRBJA;2025;7;CLINICA CIRURGICA/HRB/CHB;108
HRBJA;2025;7;CLINICA MEDICA/HRB/CHB;111
HRBJA;2025;7;TRAUMATO-ORTOPEDIA CIRURGICA/CHPB/CHB;10
HRBJA;2025;7;UTI ADULTO/HRB/CHB;22
HRBJA;2025;7;UUE/INTERNAÇÃO/HRB/CHB;41
HRBJA;2025;8;CLINICA CIRURGICA/HRB/CHB;117
HRBJA;2025;8;CLINICA MEDICA/HRB/CHB;88
HRBJA;2025;8;TRAUMATO-ORTOPEDIA CIRURGICA/CHPB/CHB;17
HRBJA;2025;8;UTI ADULTO/HRB/CHB;23
HRBJA;2025;8;UUE/INTERNAÇÃO/HRB/CHB;30
HRBJA;2025;9;CLINICA CIRURGICA/HRB/CHB;96
HRBJA;2025;9;CLINICA MEDICA/HRB/CHB;81
HRBJA;2025;9;TRAUMATO-ORTOPEDIA CIRURGICA/CHPB/CHB;10
HRBJA;2025;9;UTI ADULTO/HRB/CHB;18
HRBJA;2025;9;UUE/INTERNAÇÃO/HRB/CHB;42
HRBJA;2025;10;CLINICA CIRURGICA/HRB/CHB;91
HRBJA;2025;10;CLINICA MEDICA/HRB/CHB;84
HRBJA;2025;10;TRAUMATO-ORTOPEDIA CIRURGICA/CHPB/CHB;4
HRBJA;2025;10;UTI ADULTO/HRB/CHB;22
HRBJA;2025;10;UUE/INTERNAÇÃO/HRB/CHB;42
HRBJA;2025;11;CLINICA CIRURGICA/HRB/CHB;91
HRBJA;2025;11;CLINICA MEDICA/HRB/CHB;93
HRBJA;2025;11;TRAUMATO-ORTOPEDIA CIRURGICA/CHPB/CHB;5
HRBJA;2025;11;UTI ADULTO/HRB/CHB;17
HRBJA;2025;11;UUE/INTERNAÇÃO/HRB/CHB;41
HRBJA;2025;12;CLINICA CIRURGICA/HRB/CHB;113
HRBJA;2025;12;CLINICA MEDICA/HRB/CHB;79
HRBJA;2025;12;TRAUMATO-ORTOPEDIA CIRURGICA/CHPB/CHB;9
HRBJA;2025;12;UTI ADULTO/HRB/CHB;20
HRBJA;2025;12;UUE/INTERNAÇÃO/HRB/CHB;39
HRJP;2025;1;ALOJAMENTO CONJUNTO /UNIDADE DE INTERNAÇÃO;134
HRJP;2025;1;UNIDADE DE INTERNAÇÃO - CLÍNICA DIP ALA C;6
HRJP;2025;1;UNIDADE INTERNAÇÃO - CLÍNICA CIRÚRGICA ALA A;18
HRJP;2025;1;UNIDADE INTERNAÇÃO - CLÍNICA CIRÚRGICA ALA B;2
HRJP;2025;1;UNIDADE INTERNAÇÃO - CLÍNICA CIRÚRGICA ALA C;12
HRJP;2025;1;UNIDADE INTERNAÇÃO - CLÍNICA MÉDICA ALA A;42
HRJP;2025;1;UNIDADE INTERNAÇÃO - CLÍNICA MÉDICA ALA B;32
HRJP;2025;1;UNIDADE INTERNAÇÃO - CLÍNICA MÉDICA ALA C;9
HRJP;2025;1;UNIDADE INTERNAÇÃO - CLÍNICA PEDIÁTRICA;65
HRJP;2025;1;UNIDADE INTERNAÇÃO - CLÍNICA PSIQUIÁTRICA ALA A;4
HRJP;2025;1;UNIDADE INTERNAÇÃO - CLÍNICA PSIQUIÁTRICA ALA C;3
HRJP;2025;1;UNIDADE INTERNAÇÃO - CLÍNICA TISIOLÓGICA ALA B;3
HRJP;2025;1;UNIDADE INTERNAÇÃO - CLÍNICA TISIOLÓGICA ALA C;10
HRJP;2025;1;UTI - ADULTO;4
HRJP;2025;1;UTI - NEONATAL I;2
HRJP;2025;1;UTI - PEDIÁTRICO;4
HRJP;2025;2;ALOJAMENTO CONJUNTO /UNIDADE DE INTERNAÇÃO;119
HRJP;2025;2;PRÉ-PARTO;1
HRJP;2025;2;UNIDADE DE INTERNAÇÃO - CLÍNICA DIP ALA C;8
HRJP;2025;2;UNIDADE INTERNAÇÃO - CLÍNICA CIRÚRGICA ALA A;17
HRJP;2025;2;UNIDADE INTERNAÇÃO - CLÍNICA CIRÚRGICA ALA B;5
HRJP;2025;2;UNIDADE INTERNAÇÃO - CLÍNICA CIRÚRGICA ALA C;17
HRJP;2025;2;UNIDADE INTERNAÇÃO - CLÍNICA MÉDICA ALA A;44
HRJP;2025;2;UNIDADE INTERNAÇÃO - CLÍNICA MÉDICA ALA B;34
HRJP;2025;2;UNIDADE INTERNAÇÃO - CLÍNICA MÉDICA ALA C;23
HRJP;2025;2;UNIDADE INTERNAÇÃO - CLÍNICA PEDIÁTRICA;70
HRJP;2025;2;UNIDADE INTERNAÇÃO - CLÍNICA PSIQUIÁTRICA ALA A;8
HRJP;2025;2;UNIDADE INTERNAÇÃO - CLÍNICA PSIQUIÁTRICA ALA C;1
HRJP;2025;2;UNIDADE INTERNAÇÃO - CLÍNICA TISIOLÓGICA ALA B;2
HRJP;2025;2;UNIDADE INTERNAÇÃO - CLÍNICA TISIOLÓGICA ALA C;2
HRJP;2025;2;UTI - ADULTO;4
HRJP;2025;2;UTI - PEDIÁTRICO;2
HRJP;2025;3;ALOJAMENTO CONJUNTO /UNIDADE DE INTERNAÇÃO;173
HRJP;2025;3;UNIDADE DE INTERNAÇÃO - CLÍNICA DIP ALA C;15
HRJP;2025;3;UNIDADE INTERNAÇÃO - CLÍNICA CIRÚRGICA ALA A;15
HRJP;2025;3;UNIDADE INTERNAÇÃO - CLÍNICA CIRÚRGICA ALA B;6
HRJP;2025;3;UNIDADE INTERNAÇÃO - CLÍNICA CIRÚRGICA ALA C;23
HRJP;2025;3;UNIDADE INTERNAÇÃO - CLÍNICA MÉDICA ALA A;57
HRJP;2025;3;UNIDADE INTERNAÇÃO - CLÍNICA MÉDICA ALA B;42
HRJP;2025;3;UNIDADE INTERNAÇÃO - CLÍNICA MÉDICA ALA C;25
HRJP;2025;3;UNIDADE INTERNAÇÃO - CLÍNICA PEDIÁTRICA;66
HRJP;2025;3;UNIDADE INTERNAÇÃO - CLÍNICA PSIQUIÁTRICA ALA A;4
HRJP;2025;3;UNIDADE INTERNAÇÃO - CLÍNICA PSIQUIÁTRICA ALA C;4
HRJP;2025;3;UNIDADE INTERNAÇÃO - CLÍNICA TISIOLÓGICA ALA B;3
HRJP;2025;3;UNIDADE INTERNAÇÃO - CLÍNICA TISIOLÓGICA ALA C;11
HRJP;2025;3;UTI - ADULTO;13
HRJP;2025;3;UTI - NEONATAL I;4
HRJP;2025;3;UTI - PEDIÁTRICO;2
HRJP;2025;4;ALOJAMENTO CONJUNTO /UNIDADE DE INTERNAÇÃO;156
HRJP;2025;4;UNIDADE DE INTERNAÇÃO - CLÍNICA DIP ALA C;17
HRJP;2025;4;UNIDADE INTERNAÇÃO - CLÍNICA CIRÚRGICA ALA A;16
HRJP;2025;4;UNIDADE INTERNAÇÃO - CLÍNICA CIRÚRGICA ALA B;14
HRJP;2025;4;UNIDADE INTERNAÇÃO - CLÍNICA CIRÚRGICA ALA C;28
HRJP;2025;4;UNIDADE INTERNAÇÃO - CLÍNICA MÉDICA ALA A;57
HRJP;2025;4;UNIDADE INTERNAÇÃO - CLÍNICA MÉDICA ALA B;34
HRJP;2025;4;UNIDADE INTERNAÇÃO - CLÍNICA MÉDICA ALA C;21
HRJP;2025;4;UNIDADE INTERNAÇÃO - CLÍNICA PEDIÁTRICA;83
HRJP;2025;4;UNIDADE INTERNAÇÃO - CLÍNICA PSIQUIÁTRICA ALA A;9
HRJP;2025;4;UNIDADE INTERNAÇÃO - CLÍNICA PSIQUIÁTRICA ALA C;3
HRJP;2025;4;UNIDADE INTERNAÇÃO - CLÍNICA TISIOLÓGICA ALA B;1
HRJP;2025;4;UNIDADE INTERNAÇÃO - CLÍNICA TISIOLÓGICA ALA C;5
HRJP;2025;4;UTI - ADULTO;10
HRJP;2025;4;UTI - NEONATAL I;1
HRJP;2025;4;UTI - NEONATAL II;1
HRJP;2025;4;UTI - PEDIÁTRICO;3
HRJP;2025;5;ALOJAMENTO CONJUNTO /UNIDADE DE INTERNAÇÃO;162
HRJP;2025;5;UNIDADE DE INTERNAÇÃO - CLÍNICA DIP ALA C;14
HRJP;2025;5;UNIDADE INTERNAÇÃO - CLÍNICA CIRÚRGICA ALA A;20
HRJP;2025;5;UNIDADE INTERNAÇÃO - CLÍNICA CIRÚRGICA ALA B;18
HRJP;2025;5;UNIDADE INTERNAÇÃO - CLÍNICA CIRÚRGICA ALA C;13
HRJP;2025;5;UNIDADE INTERNAÇÃO - CLÍNICA MÉDICA ALA A;57
HRJP;2025;5;UNIDADE INTERNAÇÃO - CLÍNICA MÉDICA ALA B;41
HRJP;2025;5;UNIDADE INTERNAÇÃO - CLÍNICA MÉDICA ALA C;23
HRJP;2025;5;UNIDADE INTERNAÇÃO - CLÍNICA PEDIÁTRICA;110
HRJP;2025;5;UNIDADE INTERNAÇÃO - CLÍNICA PSIQUIÁTRICA ALA A;15
HRJP;2025;5;UNIDADE INTERNAÇÃO - CLÍNICA PSIQUIÁTRICA ALA C;3
HRJP;2025;5;UNIDADE INTERNAÇÃO - CLÍNICA TISIOLÓGICA ALA B;1
HRJP;2025;5;UNIDADE INTERNAÇÃO - CLÍNICA TISIOLÓGICA ALA C;5
HRJP;2025;5;UTI - ADULTO;10
HRJP;2025;5;UTI - NEONATAL I;1
HRJP;2025;5;UTI - NEONATAL II;1
HRJP;2025;5;UTI - PEDIÁTRICO;3
HRJP;2025;6;ALOJAMENTO CONJUNTO /UNIDADE DE INTERNAÇÃO;157
HRJP;2025;6;UNIDADE DE INTERNAÇÃO - CLÍNICA DIP ALA C;15
HRJP;2025;6;UNIDADE INTERNAÇÃO - CLÍNICA CIRÚRGICA ALA A;19
HRJP;2025;6;UNIDADE INTERNAÇÃO - CLÍNICA CIRÚRGICA ALA B;16
HRJP;2025;6;UNIDADE INTERNAÇÃO - CLÍNICA CIRÚRGICA ALA C;20
HRJP;2025;6;UNIDADE INTERNAÇÃO - CLÍNICA MÉDICA ALA A;46
HRJP;2025;6;UNIDADE INTERNAÇÃO - CLÍNICA MÉDICA ALA B;37
HRJP;2025;6;UNIDADE INTERNAÇÃO - CLÍNICA MÉDICA ALA C;18
HRJP;2025;6;UNIDADE INTERNAÇÃO - CLÍNICA PEDIÁTRICA;83
HRJP;2025;6;UNIDADE INTERNAÇÃO - CLÍNICA PSIQUIÁTRICA ALA A;5
HRJP;2025;6;UNIDADE INTERNAÇÃO - CLÍNICA PSIQUIÁTRICA ALA C;5
HRJP;2025;6;UNIDADE INTERNAÇÃO - CLÍNICA TISIOLÓGICA ALA B;3
HRJP;2025;6;UNIDADE INTERNAÇÃO - CLÍNICA TISIOLÓGICA ALA C;6
HRJP;2025;6;UTI - ADULTO;7
HRJP;2025;6;UTI - NEONATAL I;3
HRJP;2025;6;UTI - NEONATAL II;1
HRJP;2025;6;UTI - PEDIÁTRICO;2
HRJP;2025;7;ALOJAMENTO CONJUNTO /UNIDADE DE INTERNAÇÃO;156
HRJP;2025;7;UNIDADE DE INTERNAÇÃO - CLÍNICA DIP ALA C;17
HRJP;2025;7;UNIDADE INTERNAÇÃO - CLÍNICA CIRÚRGICA ALA A;15
HRJP;2025;7;UNIDADE INTERNAÇÃO - CLÍNICA CIRÚRGICA ALA B;2
HRJP;2025;7;UNIDADE INTERNAÇÃO - CLÍNICA CIRÚRGICA ALA C;32
HRJP;2025;7;UNIDADE INTERNAÇÃO - CLÍNICA MÉDICA ALA A;58
HRJP;2025;7;UNIDADE INTERNAÇÃO - CLÍNICA MÉDICA ALA B;29
HRJP;2025;7;UNIDADE INTERNAÇÃO - CLÍNICA MÉDICA ALA C;22
HRJP;2025;7;UNIDADE INTERNAÇÃO - CLÍNICA PEDIÁTRICA;94
HRJP;2025;7;UNIDADE INTERNAÇÃO - CLÍNICA PSIQUIÁTRICA ALA A;7
HRJP;2025;7;UNIDADE INTERNAÇÃO - CLÍNICA PSIQUIÁTRICA ALA C;3
HRJP;2025;7;UNIDADE INTERNAÇÃO - CLÍNICA TISIOLÓGICA ALA B;3
HRJP;2025;7;UNIDADE INTERNAÇÃO - CLÍNICA TISIOLÓGICA ALA C;3
HRJP;2025;7;UTI - ADULTO;6
HRJP;2025;7;UTI - NEONATAL I;2
HRJP;2025;7;UTI - NEONATAL II;1
HRJP;2025;7;UTI - PEDIÁTRICO;2
HRJP;2025;8;ALOJAMENTO CONJUNTO /UNIDADE DE INTERNAÇÃO;161
HRJP;2025;8;UNIDADE DE INTERNAÇÃO - CLÍNICA DIP ALA C;16
HRJP;2025;8;UNIDADE INTERNAÇÃO - CLÍNICA CIRÚRGICA ALA A;19
HRJP;2025;8;UNIDADE INTERNAÇÃO - CLÍNICA CIRÚRGICA ALA B;9
HRJP;2025;8;UNIDADE INTERNAÇÃO - CLÍNICA CIRÚRGICA ALA C;33
HRJP;2025;8;UNIDADE INTERNAÇÃO - CLÍNICA MÉDICA ALA A;46
HRJP;2025;8;UNIDADE INTERNAÇÃO - CLÍNICA MÉDICA ALA B;28
HRJP;2025;8;UNIDADE INTERNAÇÃO - CLÍNICA MÉDICA ALA C;23
HRJP;2025;8;UNIDADE INTERNAÇÃO - CLÍNICA PEDIÁTRICA;71
HRJP;2025;8;UNIDADE INTERNAÇÃO - CLÍNICA PSIQUIÁTRICA ALA A;4
HRJP;2025;8;UNIDADE INTERNAÇÃO - CLÍNICA PSIQUIÁTRICA ALA C;1
HRJP;2025;8;UNIDADE INTERNAÇÃO - CLÍNICA TISIOLÓGICA ALA C;5
HRJP;2025;8;UTI - ADULTO;2
HRJP;2025;8;UTI - NEONATAL I;2
HRJP;2025;8;UTI - NEONATAL II;6
HRJP;2025;8;UTI - PEDIÁTRICO;3
HRJP;2025;9;ALOJAMENTO CONJUNTO /UNIDADE DE INTERNAÇÃO;140
HRJP;2025;9;UNIDADE DE INTERNAÇÃO - CLÍNICA DIP ALA C;19
HRJP;2025;9;UNIDADE INTERNAÇÃO - CLÍNICA CIRÚRGICA ALA A;15
HRJP;2025;9;UNIDADE INTERNAÇÃO - CLÍNICA CIRÚRGICA ALA B;16
HRJP;2025;9;UNIDADE INTERNAÇÃO - CLÍNICA CIRÚRGICA ALA C;26
HRJP;2025;9;UNIDADE INTERNAÇÃO - CLÍNICA MÉDICA ALA A;47
HRJP;2025;9;UNIDADE INTERNAÇÃO - CLÍNICA MÉDICA ALA B;46
HRJP;2025;9;UNIDADE INTERNAÇÃO - CLÍNICA MÉDICA ALA C;24
HRJP;2025;9;UNIDADE INTERNAÇÃO - CLÍNICA PEDIÁTRICA;71
HRJP;2025;9;UNIDADE INTERNAÇÃO - CLÍNICA PSIQUIÁTRICA ALA A;5
HRJP;2025;9;UNIDADE INTERNAÇÃO - CLÍNICA PSIQUIÁTRICA ALA C;3
HRJP;2025;9;UNIDADE INTERNAÇÃO - CLÍNICA TISIOLÓGICA ALA B;3
HRJP;2025;9;UTI - ADULTO;8
HRJP;2025;9;UTI - NEONATAL I;8
HRJP;2025;9;UTI - NEONATAL II;2
HRJP;2025;9;UTI - PEDIÁTRICO;3
HRJP;2025;10;ALOJAMENTO CONJUNTO /UNIDADE DE INTERNAÇÃO;161
HRJP;2025;10;UNIDADE DE INTERNAÇÃO - CLÍNICA DIP ALA C;16
HRJP;2025;10;UNIDADE INTERNAÇÃO - CLÍNICA CIRÚRGICA ALA A;19
HRJP;2025;10;UNIDADE INTERNAÇÃO - CLÍNICA CIRÚRGICA ALA B;10
HRJP;2025;10;UNIDADE INTERNAÇÃO - CLÍNICA CIRÚRGICA ALA C;24
HRJP;2025;10;UNIDADE INTERNAÇÃO - CLÍNICA MÉDICA ALA A;46
HRJP;2025;10;UNIDADE INTERNAÇÃO - CLÍNICA MÉDICA ALA B;47
HRJP;2025;10;UNIDADE INTERNAÇÃO - CLÍNICA MÉDICA ALA C;28
HRJP;2025;10;UNIDADE INTERNAÇÃO - CLÍNICA PEDIÁTRICA;70
HRJP;2025;10;UNIDADE INTERNAÇÃO - CLÍNICA PSIQUIÁTRICA ALA A;10
HRJP;2025;10;UNIDADE INTERNAÇÃO - CLÍNICA PSIQUIÁTRICA ALA C;6
HRJP;2025;10;UNIDADE INTERNAÇÃO - CLÍNICA TISIOLÓGICA ALA B;3
HRJP;2025;10;UNIDADE INTERNAÇÃO - CLÍNICA TISIOLÓGICA ALA C;6
HRJP;2025;10;UTI - ADULTO;17
HRJP;2025;10;UTI - NEONATAL I;11
HRJP;2025;10;UTI - NEONATAL II;5
HRJP;2025;10;UTI - PEDIÁTRICO;2
HRJP;2025;11;ALOJAMENTO CONJUNTO /UNIDADE DE INTERNAÇÃO;157
HRJP;2025;11;UNIDADE DE INTERNAÇÃO - CLÍNICA DIP ALA C;27
HRJP;2025;11;UNIDADE INTERNAÇÃO - CLÍNICA CIRÚRGICA ALA A;12
HRJP;2025;11;UNIDADE INTERNAÇÃO - CLÍNICA CIRÚRGICA ALA B;3
HRJP;2025;11;UNIDADE INTERNAÇÃO - CLÍNICA CIRÚRGICA ALA C;13
HRJP;2025;11;UNIDADE INTERNAÇÃO - CLÍNICA MÉDICA ALA A;66
HRJP;2025;11;UNIDADE INTERNAÇÃO - CLÍNICA MÉDICA ALA B;13
HRJP;2025;11;UNIDADE INTERNAÇÃO - CLÍNICA MÉDICA ALA C;15
HRJP;2025;11;UNIDADE INTERNAÇÃO - CLÍNICA PEDIÁTRICA;64
HRJP;2025;11;UNIDADE INTERNAÇÃO - CLÍNICA PSIQUIÁTRICA ALA A;17
HRJP;2025;11;UNIDADE INTERNAÇÃO - CLÍNICA PSIQUIÁTRICA ALA C;12
HRJP;2025;11;UNIDADE INTERNAÇÃO - CLÍNICA TISIOLÓGICA ALA C;5
HRJP;2025;11;UTI - ADULTO;9
HRJP;2025;11;UTI - NEONATAL I;5
HRJP;2025;11;UTI - PEDIÁTRICO;7
HRJP;2025;12;ALOJAMENTO CONJUNTO /UNIDADE DE INTERNAÇÃO;149
HRJP;2025;12;PRÉ-PARTO;1
HRJP;2025;12;UNIDADE DE INTERNAÇÃO - CLÍNICA DIP ALA C;20
HRJP;2025;12;UNIDADE INTERNAÇÃO - CLÍNICA CIRÚRGICA ALA A;12
HRJP;2025;12;UNIDADE INTERNAÇÃO - CLÍNICA CIRÚRGICA ALA B;21
HRJP;2025;12;UNIDADE INTERNAÇÃO - CLÍNICA CIRÚRGICA ALA C;11
HRJP;2025;12;UNIDADE INTERNAÇÃO - CLÍNICA MÉDICA ALA A;28
HRJP;2025;12;UNIDADE INTERNAÇÃO - CLÍNICA MÉDICA ALA B;67
HRJP;2025;12;UNIDADE INTERNAÇÃO - CLÍNICA MÉDICA ALA C;13
HRJP;2025;12;UNIDADE INTERNAÇÃO - CLÍNICA PEDIÁTRICA;54
HRJP;2025;12;UNIDADE INTERNAÇÃO - CLÍNICA PSIQUIÁTRICA ALA A;1
HRJP;2025;12;UNIDADE INTERNAÇÃO - CLÍNICA PSIQUIÁTRICA ALA C;5
HRJP;2025;12;UNIDADE INTERNAÇÃO - CLÍNICA TISIOLÓGICA ALA B;5
HRJP;2025;12;UNIDADE INTERNAÇÃO - CLÍNICA TISIOLÓGICA ALA C;4
HRJP;2025;12;UTI - ADULTO;11
HRJP;2025;12;UTI - NEONATAL I;8
HRJP;2025;12;UTI - PEDIÁTRICO;8
IRS;2025;1;ALA A;10
IRS;2025;1;ALA B;10
IRS;2025;1;ALA C;21
IRS;2025;1;ALA D;15
IRS;2025;1;UNIDADE URGÊNCIA/EMERGÊNCIA - OBSERVAÇÃO;7
IRS;2025;1;UTC - UNIDADE DE TRATAMENTO CLÍNICO;3
IRS;2025;2;ALA A;14
IRS;2025;2;ALA B;5
IRS;2025;2;ALA C;12
IRS;2025;2;ALA D;5
IRS;2025;2;UNIDADE URGÊNCIA/EMERGÊNCIA - OBSERVAÇÃO;8
IRS;2025;2;UTC - UNIDADE DE TRATAMENTO CLÍNICO;6
IRS;2025;3;ALA A;15
IRS;2025;3;ALA B;15
IRS;2025;3;ALA C;21
IRS;2025;3;ALA D;16
IRS;2025;3;UNIDADE URGÊNCIA/EMERGÊNCIA - OBSERVAÇÃO;13
IRS;2025;3;UTC - UNIDADE DE TRATAMENTO CLÍNICO;2
IRS;2025;4;ALA A;11
IRS;2025;4;ALA B;11
IRS;2025;4;ALA C;20
IRS;2025;4;ALA D;16
IRS;2025;4;UNIDADE URGÊNCIA/EMERGÊNCIA - OBSERVAÇÃO;5
IRS;2025;4;UTC - UNIDADE DE TRATAMENTO CLÍNICO;4
IRS;2025;5;ALA A;20
IRS;2025;5;ALA B;15
IRS;2025;5;ALA C;18
IRS;2025;5;ALA D;17
IRS;2025;5;UNIDADE URGÊNCIA/EMERGÊNCIA - OBSERVAÇÃO;7
IRS;2025;5;UTC - UNIDADE DE TRATAMENTO CLÍNICO;7
IRS;2025;6;ALA A;15
IRS;2025;6;ALA B;11
IRS;2025;6;ALA C;21
IRS;2025;6;ALA D;15
IRS;2025;6;UNIDADE URGÊNCIA/EMERGÊNCIA - OBSERVAÇÃO;7
IRS;2025;6;UTC - UNIDADE DE TRATAMENTO CLÍNICO;3
IRS;2025;7;ALA A;20
IRS;2025;7;ALA B;15
IRS;2025;7;ALA C;16
IRS;2025;7;ALA D;18
IRS;2025;7;UNIDADE URGÊNCIA/EMERGÊNCIA - OBSERVAÇÃO;8
IRS;2025;7;UTC - UNIDADE DE TRATAMENTO CLÍNICO;4
IRS;2025;8;ALA A;13
IRS;2025;8;ALA B;14
IRS;2025;8;ALA C;20
IRS;2025;8;ALA D;11
IRS;2025;8;UNIDADE URGÊNCIA/EMERGÊNCIA - OBSERVAÇÃO;8
IRS;2025;8;UTC - UNIDADE DE TRATAMENTO CLÍNICO;4
IRS;2025;9;ALA A;16
IRS;2025;9;ALA B;18
IRS;2025;9;ALA C;12
IRS;2025;9;ALA D;10
IRS;2025;9;UNIDADE URGÊNCIA/EMERGÊNCIA - OBSERVAÇÃO;5
IRS;2025;9;UTC - UNIDADE DE TRATAMENTO CLÍNICO;5
IRS;2025;10;ALA A;13
IRS;2025;10;ALA B;17
IRS;2025;10;ALA C;27
IRS;2025;10;ALA D;15
IRS;2025;10;UNIDADE URGÊNCIA/EMERGÊNCIA - OBSERVAÇÃO;16
IRS;2025;10;UTC - UNIDADE DE TRATAMENTO CLÍNICO;2
IRS;2025;11;ALA A;16
IRS;2025;11;ALA B;18
IRS;2025;11;ALA C;13
IRS;2025;11;ALA D;14
IRS;2025;11;UNIDADE URGÊNCIA/EMERGÊNCIA - OBSERVAÇÃO;7
IRS;2025;11;UTC - UNIDADE DE TRATAMENTO CLÍNICO;5
IRS;2025;12;ALA A;18
IRS;2025;12;ALA B;12
IRS;2025;12;ALA C;14
IRS;2025;12;ALA D;19
IRS;2025;12;UNIDADE URGÊNCIA/EMERGÊNCIA - OBSERVAÇÃO;9
IRS;2025;12;UTC - UNIDADE DE TRATAMENTO CLÍNICO;5
MOV;2025;1;ALOJAMENTO CONJUNTO;266
MOV;2025;1;CLINICA CIRÚRGICA;114
MOV;2025;1;PRÉ-PARTO;8
MOV;2025;1;UNIDADE DE CUIDADO INTERMEDIÁRIO NEONATAL CANGURU;13
MOV;2025;1;UNIDADE DE CUIDADO INTERMEDIÁRIO NEONATAL CONVENCIONAL;24
MOV;2025;1;UNIDADE INTERNACAO ALTO-RISCO OBSTETRICO;96
MOV;2025;1;UNIDADE URGÊNCIA/EMERGÊNCIA - INTERNAÇÃO;32
MOV;2025;1;UTI - ADULTO;33
MOV;2025;1;UTI - NEONATAL;7
MOV;2025;2;ALOJAMENTO CONJUNTO;259
MOV;2025;2;CLINICA CIRÚRGICA;131
MOV;2025;2;PRÉ-PARTO;13
MOV;2025;2;UNIDADE DE CUIDADO INTERMEDIÁRIO NEONATAL CANGURU;10
MOV;2025;2;UNIDADE DE CUIDADO INTERMEDIÁRIO NEONATAL CONVENCIONAL;23
MOV;2025;2;UNIDADE INTERNACAO ALTO-RISCO OBSTETRICO;74
MOV;2025;2;UNIDADE URGÊNCIA/EMERGÊNCIA - INTERNAÇÃO;27
MOV;2025;2;UTI - ADULTO;28
MOV;2025;2;UTI - NEONATAL;10
MOV;2025;3;ALOJAMENTO CONJUNTO;270
MOV;2025;3;CLINICA CIRÚRGICA;166
MOV;2025;3;PRÉ-PARTO;15
MOV;2025;3;UNIDADE DE CUIDADO INTERMEDIÁRIO NEONATAL CANGURU;2
MOV;2025;3;UNIDADE DE CUIDADO INTERMEDIÁRIO NEONATAL CONVENCIONAL;26
MOV;2025;3;UNIDADE INTERNACAO ALTO-RISCO OBSTETRICO;149
MOV;2025;3;UNIDADE URGÊNCIA/EMERGÊNCIA - INTERNAÇÃO;31
MOV;2025;3;UTI - ADULTO;29
MOV;2025;3;UTI - NEONATAL;5
MOV;2025;4;ALOJAMENTO CONJUNTO;276
MOV;2025;4;CLINICA CIRÚRGICA;159
MOV;2025;4;PRÉ-PARTO;12
MOV;2025;4;UNIDADE DE CUIDADO INTERMEDIÁRIO NEONATAL CANGURU;1
MOV;2025;4;UNIDADE DE CUIDADO INTERMEDIÁRIO NEONATAL CONVENCIONAL;21
MOV;2025;4;UNIDADE INTERNACAO ALTO-RISCO OBSTETRICO;100
MOV;2025;4;UNIDADE URGÊNCIA/EMERGÊNCIA - INTERNAÇÃO;26
MOV;2025;4;UTI - ADULTO;26
MOV;2025;4;UTI - NEONATAL;7
MOV;2025;5;ALOJAMENTO CONJUNTO;233
MOV;2025;5;CLINICA CIRÚRGICA;240
MOV;2025;5;PRÉ-PARTO;8
MOV;2025;5;UNIDADE DE CUIDADO INTERMEDIÁRIO NEONATAL CANGURU;5
MOV;2025;5;UNIDADE DE CUIDADO INTERMEDIÁRIO NEONATAL CONVENCIONAL;34
MOV;2025;5;UNIDADE INTERNACAO ALTO-RISCO OBSTETRICO;105
MOV;2025;5;UNIDADE URGÊNCIA/EMERGÊNCIA - INTERNAÇÃO;12
MOV;2025;5;UTI - ADULTO;24
MOV;2025;5;UTI - NEONATAL;4
MOV;2025;6;ALOJAMENTO CONJUNTO;205
MOV;2025;6;CLINICA CIRÚRGICA;210
MOV;2025;6;PRÉ-PARTO;4
MOV;2025;6;UNIDADE DE CUIDADO INTERMEDIÁRIO NEONATAL CANGURU;9
MOV;2025;6;UNIDADE DE CUIDADO INTERMEDIÁRIO NEONATAL CONVENCIONAL;25
MOV;2025;6;UNIDADE INTERNACAO ALTO-RISCO OBSTETRICO;114
MOV;2025;6;UNIDADE URGÊNCIA/EMERGÊNCIA - INTERNAÇÃO;8
MOV;2025;6;UTI - ADULTO;16
MOV;2025;6;UTI - NEONATAL;6
MOV;2025;7;ALOJAMENTO CONJUNTO;204
MOV;2025;7;CLINICA CIRÚRGICA;185
MOV;2025;7;PRÉ-PARTO;2
MOV;2025;7;UNIDADE DE CUIDADO INTERMEDIÁRIO NEONATAL CANGURU;10
MOV;2025;7;UNIDADE DE CUIDADO INTERMEDIÁRIO NEONATAL CONVENCIONAL;29
MOV;2025;7;UNIDADE INTERNACAO ALTO-RISCO OBSTETRICO;107
MOV;2025;7;UNIDADE URGÊNCIA/EMERGÊNCIA - INTERNAÇÃO;7
MOV;2025;7;UTI - ADULTO;17
MOV;2025;7;UTI - NEONATAL;3
MOV;2025;8;ALOJAMENTO CONJUNTO;216
MOV;2025;8;CLINICA CIRÚRGICA;144
MOV;2025;8;PRÉ-PARTO;3
MOV;2025;8;UNIDADE DE CUIDADO INTERMEDIÁRIO NEONATAL CANGURU;9
MOV;2025;8;UNIDADE DE CUIDADO INTERMEDIÁRIO NEONATAL CONVENCIONAL;22
MOV;2025;8;UNIDADE INTERNACAO ALTO-RISCO OBSTETRICO;93
MOV;2025;8;UNIDADE URGÊNCIA/EMERGÊNCIA - INTERNAÇÃO;23
MOV;2025;8;UTI - ADULTO;21
MOV;2025;8;UTI - NEONATAL;5
MOV;2025;9;ALOJAMENTO CONJUNTO;224
MOV;2025;9;CLINICA CIRÚRGICA;175
MOV;2025;9;PRÉ-PARTO;5
MOV;2025;9;SALA DE ESPERA - BLOCO CIRÚRGICO;1
MOV;2025;9;UNIDADE DE CUIDADO INTERMEDIÁRIO NEONATAL CANGURU;13
MOV;2025;9;UNIDADE DE CUIDADO INTERMEDIÁRIO NEONATAL CONVENCIONAL;18
MOV;2025;9;UNIDADE INTERNACAO ALTO-RISCO OBSTETRICO;107
MOV;2025;9;UNIDADE URGÊNCIA/EMERGÊNCIA - INTERNAÇÃO;24
MOV;2025;9;UTI - ADULTO;27
MOV;2025;9;UTI - NEONATAL;6
MOV;2025;10;ALOJAMENTO CONJUNTO;205
MOV;2025;10;CLINICA CIRÚRGICA;174
MOV;2025;10;PRÉ-PARTO;4
MOV;2025;10;UNIDADE DE CUIDADO INTERMEDIÁRIO NEONATAL CANGURU;12
MOV;2025;10;UNIDADE DE CUIDADO INTERMEDIÁRIO NEONATAL CONVENCIONAL;30
MOV;2025;10;UNIDADE INTERNACAO ALTO-RISCO OBSTETRICO;105
MOV;2025;10;UNIDADE URGÊNCIA/EMERGÊNCIA - INTERNAÇÃO;36
MOV;2025;10;UTI - ADULTO;23
MOV;2025;10;UTI - NEONATAL;2
MOV;2025;11;ALOJAMENTO CONJUNTO;208
MOV;2025;11;CLINICA CIRÚRGICA;181
MOV;2025;11;PRÉ-PARTO;2
MOV;2025;11;SALA DE ESPERA - BLOCO CIRÚRGICO;2
MOV;2025;11;SALA DE ESPERA - BLOCO OBSTÉTRICO;2
MOV;2025;11;UNIDADE DE CUIDADO INTERMEDIÁRIO NEONATAL CANGURU;12
MOV;2025;11;UNIDADE DE CUIDADO INTERMEDIÁRIO NEONATAL CONVENCIONAL;19
MOV;2025;11;UNIDADE INTERNACAO ALTO-RISCO OBSTETRICO;86
MOV;2025;11;UNIDADE URGÊNCIA/EMERGÊNCIA - INTERNAÇÃO;26
MOV;2025;11;UTI - ADULTO;21
MOV;2025;11;UTI - NEONATAL;3
MOV;2025;12;ALOJAMENTO CONJUNTO;212
MOV;2025;12;CLINICA CIRÚRGICA;144
MOV;2025;12;PRÉ-PARTO;4
MOV;2025;12;SALA DE ESPERA - BLOCO CIRÚRGICO;5
MOV;2025;12;SALA DE ESPERA - BLOCO OBSTÉTRICO;1
MOV;2025;12;UNIDADE DE CUIDADO INTERMEDIÁRIO NEONATAL CANGURU;13
MOV;2025;12;UNIDADE DE CUIDADO INTERMEDIÁRIO NEONATAL CONVENCIONAL;21
MOV;2025;12;UNIDADE INTERNACAO ALTO-RISCO OBSTETRICO;96
MOV;2025;12;UNIDADE URGÊNCIA/EMERGÊNCIA - INTERNAÇÃO;31
MOV;2025;12;UTI - ADULTO;26
MOV;2025;12;UTI - NEONATAL;5
CHPB;2026;1;UIP-FEMININA/CHPB/CHB;7
CHPB;2026;1;UIP-MASCULINA/CHPB/CHB;19
CHPB;2026;1;UNIDADE DE CUIDADOS PROLONGADOS/CHPB/CHB;18
CHPB;2026;2;CAC/CHPB/CHB;2
CHPB;2026;2;LAR INCLUSIVO A/CHPB/CHB;1
CHPB;2026;2;UIP-FEMININA/CHPB/CHB;10
CHPB;2026;2;UIP-MASCULINA/CHPB/CHB;10
CHPB;2026;2;UNIDADE DE CUIDADOS PROLONGADOS/CHPB/CHB;19
CHPB;2026;3;LAR INCLUSIVO B/CHPB/CHB;1
CHPB;2026;3;UIP-FEMININA/CHPB/CHB;8
CHPB;2026;3;UIP-MASCULINA/CHPB/CHB;17
CHPB;2026;3;UNIDADE DE CUIDADOS PROLONGADOS/CHPB/CHB;28
CHPB;2026;4;UIP-FEMININA/CHPB/CHB;7
CHPB;2026;4;UIP-MASCULINA/CHPB/CHB;9
CHPB;2026;4;UNIDADE DE CUIDADOS PROLONGADOS/CHPB/CHB;25
CHPB;2026;5;LAR INCLUSIVO A/CHPB/CHB;6
CHPB;2026;5;LAR INCLUSIVO B/CHPB/CHB;8
CHPB;2026;5;UIP-FEMININA/CHPB/CHB;6
CHPB;2026;5;UIP-MASCULINA/CHPB/CHB;12
CHPB;2026;5;UNIDADE DE CUIDADOS PROLONGADOS/CHPB/CHB;15
CSSFA;2026;1;UNIDADE DE INTERNACAO CCI Cuidados Continuados Integ;12
CSSFA;2026;2;UNIDADE DE INTERNACAO CCI Cuidados Continuados Integ;18
CSSFA;2026;3;UNIDADE DE INTERNACAO CCI Cuidados Continuados Integ;20
CSSFA;2026;4;UNIDADE DE INTERNACAO CCI Cuidados Continuados Integ;23
CSSFA;2026;5;UNIDADE DE INTERNACAO CCI Cuidados Continuados Integ;24
CSSI;2026;1;CLINICA MEDICA ALA A;11
CSSI;2026;1;CLÍNICA MÉDICA ALA B;2
CSSI;2026;1;CLÍNICA MÉDICA ALA C;29
CSSI;2026;1;UNIDADE DE CUIDADOS PROLONGADOS - ALA A;5
CSSI;2026;1;UNIDADE DE CUIDADOS PROLONGADOS - ALA B;4
CSSI;2026;1;UNIDADE URGÊNCIA/EMERGÊNCIA - OBSERVAÇÃO;5
CSSI;2026;1;UNIDADES DE CUIDADOS PROLONGADOS - UCP;7
CSSI;2026;2;CLINICA MEDICA ALA A;10
CSSI;2026;2;CLÍNICA MÉDICA ALA B;2
CSSI;2026;2;CLÍNICA MÉDICA ALA C;38
CSSI;2026;2;UNIDADE DE CUIDADOS PROLONGADOS - ALA A;2
CSSI;2026;2;UNIDADE DE CUIDADOS PROLONGADOS - ALA B;5
CSSI;2026;2;UNIDADE URGÊNCIA/EMERGÊNCIA - OBSERVAÇÃO;6
CSSI;2026;2;UNIDADES DE CUIDADOS PROLONGADOS - UCP;6
CSSI;2026;3;CLINICA MEDICA ALA A;15
CSSI;2026;3;CLÍNICA MÉDICA ALA B;1
CSSI;2026;3;CLÍNICA MÉDICA ALA C;40
CSSI;2026;3;UNIDADE DE CUIDADOS PROLONGADOS - ALA A;7
CSSI;2026;3;UNIDADE DE CUIDADOS PROLONGADOS - ALA B;3
CSSI;2026;3;UNIDADE URGÊNCIA/EMERGÊNCIA - OBSERVAÇÃO;6
CSSI;2026;3;UNIDADES DE CUIDADOS PROLONGADOS - UCP;7
CSSI;2026;4;CLINICA MEDICA ALA A;10
CSSI;2026;4;CLÍNICA MÉDICA ALA B;1
CSSI;2026;4;CLÍNICA MÉDICA ALA C;36
CSSI;2026;4;UNIDADE DE CUIDADOS PROLONGADOS - ALA A;5
CSSI;2026;4;UNIDADE DE CUIDADOS PROLONGADOS - ALA B;6
CSSI;2026;4;UNIDADE URGÊNCIA/EMERGÊNCIA - OBSERVAÇÃO;7
CSSI;2026;4;UNIDADES DE CUIDADOS PROLONGADOS - UCP;8
CSSI;2026;5;CLINICA MEDICA ALA A;12
CSSI;2026;5;CLÍNICA MÉDICA ALA B;2
CSSI;2026;5;CLÍNICA MÉDICA ALA C;28
CSSI;2026;5;UNIDADE DE CUIDADOS PROLONGADOS - ALA A;3
CSSI;2026;5;UNIDADE DE CUIDADOS PROLONGADOS - ALA B;8
CSSI;2026;5;UNIDADE URGÊNCIA/EMERGÊNCIA - OBSERVAÇÃO;5
CSSI;2026;5;UNIDADES DE CUIDADOS PROLONGADOS - UCP;7
HAC;2026;1;CTI ADULTO;15
HAC;2026;1;UDC - OBSERVAÇÃO;6
HAC;2026;1;UNIDADE DE INTERNAÇÃO - CLÍNICA CIRÚRGICA;96
HAC;2026;1;UNIDADE DE INTERNAÇÃO - CLÍNICA MÉDICA;170
HAC;2026;2;CTI ADULTO;8
HAC;2026;2;UDC - OBSERVAÇÃO;12
HAC;2026;2;UNIDADE DE INTERNAÇÃO - CLÍNICA CIRÚRGICA;78
HAC;2026;2;UNIDADE DE INTERNAÇÃO - CLÍNICA MÉDICA;160
HAC;2026;3;CTI ADULTO;11
HAC;2026;3;UDC - OBSERVAÇÃO;25
HAC;2026;3;UNIDADE DE INTERNAÇÃO - CLÍNICA CIRÚRGICA;124
HAC;2026;3;UNIDADE DE INTERNAÇÃO - CLÍNICA MÉDICA;168
HAC;2026;4;CTI ADULTO;12
HAC;2026;4;UDC - OBSERVAÇÃO;19
HAC;2026;4;UNIDADE DE INTERNAÇÃO - CLÍNICA CIRÚRGICA;98
HAC;2026;4;UNIDADE DE INTERNAÇÃO - CLÍNICA MÉDICA;192
HAC;2026;5;CTI ADULTO;6
HAC;2026;5;UDC - OBSERVAÇÃO;19
HAC;2026;5;UNIDADE DE INTERNAÇÃO - CLÍNICA CIRÚRGICA;96
HAC;2026;5;UNIDADE DE INTERNAÇÃO - CLÍNICA MÉDICA;199
HCM;2026;1;UCC - ALA C;12
HCM;2026;1;UICP - ALA A;3
HCM;2026;1;UICP - ALA B;1
HCM;2026;2;UCC - ALA C;22
HCM;2026;2;UICP - ALA A;2
HCM;2026;2;UICP - ALA B;3
HCM;2026;3;UCC - ALA C;40
HCM;2026;3;UICP - ALA A;4
HCM;2026;3;UICP - ALA B;4
HCM;2026;4;UCC - ALA C;52
HCM;2026;4;UICP - ALA A;4
HCM;2026;4;UICP - ALA B;3
HCM;2026;5;UCC - ALA C;43
HCM;2026;5;UICP - ALA A;5
HCM;2026;5;UICP - ALA B;2
HEM;2026;1;ALA A;62
HEM;2026;1;ALA C;63
HEM;2026;1;ALA D;16
HEM;2026;1;CTI - ADULTO;10
HEM;2026;2;ALA A;64
HEM;2026;2;ALA C;52
HEM;2026;2;ALA D;18
HEM;2026;2;CTI - ADULTO;7
HEM;2026;3;ALA A;82
HEM;2026;3;ALA C;75
HEM;2026;3;ALA D;17
HEM;2026;3;CTI - ADULTO;12
HEM;2026;4;ALA A;64
HEM;2026;4;ALA C;73
HEM;2026;4;ALA D;17
HEM;2026;4;CTI - ADULTO;9
HEM;2026;5;ALA A;68
HEM;2026;5;ALA C;86
HEM;2026;5;ALA D;23
HEM;2026;5;CTI - ADULTO;13
HIJPII;2026;1;UNIDADE INTERNAÇÃO - CLINICA PEDIÁTRICA;170
HIJPII;2026;1;UNIDADE INTERNAÇÃO - CURTO PRAZO;31
HIJPII;2026;1;UNIDADE INTERNAÇÃO - DOENÇAS INFECTO-CONTAGIOSAS E PARASITÁRIAS;81
HIJPII;2026;1;UTI;7
HIJPII;2026;2;UNIDADE INTERNAÇÃO - CLINICA PEDIÁTRICA;134
HIJPII;2026;2;UNIDADE INTERNAÇÃO - CURTO PRAZO;18
HIJPII;2026;2;UNIDADE INTERNAÇÃO - DOENÇAS INFECTO-CONTAGIOSAS E PARASITÁRIAS;89
HIJPII;2026;2;UTI;3
HIJPII;2026;3;UNIDADE INTERNAÇÃO - CLINICA PEDIÁTRICA;202
HIJPII;2026;3;UNIDADE INTERNAÇÃO - CURTO PRAZO;31
HIJPII;2026;3;UNIDADE INTERNAÇÃO - DOENÇAS INFECTO-CONTAGIOSAS E PARASITÁRIAS;158
HIJPII;2026;3;UTI;4
HIJPII;2026;4;UNIDADE INTERNAÇÃO - CLINICA PEDIÁTRICA;235
HIJPII;2026;4;UNIDADE INTERNAÇÃO - CURTO PRAZO;59
HIJPII;2026;4;UNIDADE INTERNAÇÃO - DOENÇAS INFECTO-CONTAGIOSAS E PARASITÁRIAS;160
HIJPII;2026;4;UTI;8
HIJPII;2026;5;AMBULATORIO - ESPECIALIDADES;2
HIJPII;2026;5;UNIDADE INTERNAÇÃO - CLINICA PEDIÁTRICA;288
HIJPII;2026;5;UNIDADE INTERNAÇÃO - CURTO PRAZO;52
HIJPII;2026;5;UNIDADE INTERNAÇÃO - DOENÇAS INFECTO-CONTAGIOSAS E PARASITÁRIAS;142
HIJPII;2026;5;UTI;7
HJK;2026;1;ALOJAMENTO CONJUNTO;228
HJK;2026;1;PRÉ-PARTO;24
HJK;2026;1;UCI - UNIDADE DE CUIDADO INTERMEDIARIO NEONATAL CANGURU;33
HJK;2026;1;UCI - UNIDADE DE CUIDADO INTERMEDIARIO NEONATAL CONVENCIONAL;7
HJK;2026;1;UNIDADE INTERNAÇÃO - CLINICA CIRURGICA;202
HJK;2026;1;UNIDADE INTERNAÇÃO - CLINICA MÉDICA;112
HJK;2026;1;UNIDADE INTERNAÇÃO - CLINICA PNEUMOLOGICA;112
HJK;2026;1;UNIDADE INTERNAÇÃO - CLINICA TISIOLÓGICA;48
HJK;2026;1;UNIDADE URGENCIA/EMERGENCIA;243
HJK;2026;1;UTI - ADULTO;44
HJK;2026;1;UTI - NEONATAL;3
HJK;2026;2;ALOJAMENTO CONJUNTO;240
HJK;2026;2;CLINICA CIRÚRGICA - ALA A;49
HJK;2026;2;CLINICA MEDICA - ALA C;33
HJK;2026;2;CLINICA MÉDICA - ALA E;20
HJK;2026;2;CLINICA MÉDICA - ALA G;20
HJK;2026;2;CLINICA PNEUMOLÓGICA - ALA D;27
HJK;2026;2;CLINICA TISIOLÓGICA - ALA G;5
HJK;2026;2;PRÉ PARTO / PPP;1
HJK;2026;2;PRÉ-PARTO;17
HJK;2026;2;UCI - UNIDADE DE CUIDADO INTERMEDIARIO NEONATAL CANGURU;16
HJK;2026;2;UCI - UNIDADE DE CUIDADO INTERMEDIARIO NEONATAL CONVENCIONAL;9
HJK;2026;2;UCINCA - UNIDADE DE CUIDADO INTERMEDIÁRIO NEONATAL CANGURU;4
HJK;2026;2;UCINCO - UNIDADE DE CUIDADO INTERMEDIÁRIO NEONATAL CONVENCIONAL;3
HJK;2026;2;UE - INTERNAÇÃO SALA DE EMERGÊNCIA;7
HJK;2026;2;UE - INTERNAÇÃO SALA DE MEDICAÇÃO;5
HJK;2026;2;UE - INTERNAÇÃO UDC-CRD;15
HJK;2026;2;UNIDADE INTERNAÇÃO - CLINICA CIRURGICA;145
HJK;2026;2;UNIDADE INTERNAÇÃO - CLINICA MÉDICA;89
HJK;2026;2;UNIDADE INTERNAÇÃO - CLINICA PNEUMOLOGICA;86
HJK;2026;2;UNIDADE INTERNAÇÃO - CLINICA TISIOLÓGICA;47
HJK;2026;2;UNIDADE URGENCIA/EMERGENCIA;210
HJK;2026;2;UTI - ADULTO;49
HJK;2026;2;UTI - NEONATAL;1
HJK;2026;3;ALOJAMENTO CONJUNTO;257
HJK;2026;3;CLINICA CIRÚRGICA - ALA A;223
HJK;2026;3;CLINICA MEDICA - ALA C;119
HJK;2026;3;CLINICA MÉDICA - ALA E;88
HJK;2026;3;CLINICA MÉDICA - ALA G;54
HJK;2026;3;CLINICA PNEUMOLÓGICA - ALA D;116
HJK;2026;3;CLINICA TISIOLÓGICA - ALA G;9
HJK;2026;3;PRÉ PARTO / PPP;20
HJK;2026;3;UCINCA - UNIDADE DE CUIDADO INTERMEDIÁRIO NEONATAL CANGURU;23
HJK;2026;3;UCINCO - UNIDADE DE CUIDADO INTERMEDIÁRIO NEONATAL CONVENCIONAL;7
HJK;2026;3;UE - INTERNAÇÃO SALA DE EMERGÊNCIA;24
HJK;2026;3;UE - INTERNAÇÃO SALA DE MEDICAÇÃO;28
HJK;2026;3;UE - INTERNAÇÃO UDC-CRD;99
HJK;2026;3;UTI - ADULTO;47
HJK;2026;3;UTI - NEONATAL;6
HJK;2026;4;ALOJAMENTO CONJUNTO;233
HJK;2026;4;CLINICA CIRÚRGICA - ALA A;201
HJK;2026;4;CLINICA MEDICA - ALA C;115
HJK;2026;4;CLINICA MÉDICA - ALA E;77
HJK;2026;4;CLINICA MÉDICA - ALA G;47
HJK;2026;4;CLINICA PNEUMOLÓGICA - ALA D;112
HJK;2026;4;CLINICA TISIOLÓGICA - ALA G;10
HJK;2026;4;PRÉ PARTO / PPP;15
HJK;2026;4;UCINCA - UNIDADE DE CUIDADO INTERMEDIÁRIO NEONATAL CANGURU;32
HJK;2026;4;UCINCO - UNIDADE DE CUIDADO INTERMEDIÁRIO NEONATAL CONVENCIONAL;6
HJK;2026;4;UE - INTERNAÇÃO SALA DE EMERGÊNCIA;18
HJK;2026;4;UE - INTERNAÇÃO SALA DE MEDICAÇÃO;41
HJK;2026;4;UE - INTERNAÇÃO UDC-CRD;97
HJK;2026;4;UTI - ADULTO;49
HJK;2026;4;UTI - NEONATAL;1
HJK;2026;5;ALOJAMENTO CONJUNTO;222
HJK;2026;5;CLINICA CIRÚRGICA - ALA A;239
HJK;2026;5;CLINICA MEDICA - ALA C;133
HJK;2026;5;CLINICA MÉDICA - ALA E;89
HJK;2026;5;CLINICA MÉDICA - ALA G;35
HJK;2026;5;CLINICA PNEUMOLÓGICA - ALA D;127
HJK;2026;5;CLINICA TISIOLÓGICA - ALA G;14
HJK;2026;5;PRÉ PARTO / PPP;26
HJK;2026;5;UCINCA - UNIDADE DE CUIDADO INTERMEDIÁRIO NEONATAL CANGURU;27
HJK;2026;5;UCINCO - UNIDADE DE CUIDADO INTERMEDIÁRIO NEONATAL CONVENCIONAL;11
HJK;2026;5;UE - INTERNAÇÃO SALA DE EMERGÊNCIA;26
HJK;2026;5;UE - INTERNAÇÃO SALA DE MEDICAÇÃO;37
HJK;2026;5;UE - INTERNAÇÃO UDC-CRD;95
HJK;2026;5;UTI - ADULTO;48
HJXXIII;2026;1;BLOCO CIRURGICO;55
HJXXIII;2026;1;PRONTO SOCORRO;579
HJXXIII;2026;1;UNIDADE INTERNAÇÃO - CIRURGIA GERAL 4º ANDAR;91
HJXXIII;2026;1;UNIDADE INTERNAÇÃO - CIRURGIA PLÁSTICA 7º ANDAR;70
HJXXIII;2026;1;UNIDADE INTERNAÇÃO - CLINICA CUIDADOS PROGRESSIVOS 3º ANDAR;8
HJXXIII;2026;1;UNIDADE INTERNAÇÃO - CLINICA MÉDICA 6º ANDAR;68
HJXXIII;2026;1;UNIDADE INTERNAÇÃO - CLINICA NEUROLOGICA 5º ANDAR;81
HJXXIII;2026;1;UNIDADE INTERNAÇÃO - QUEIMADOS GRAVES 9º ANDAR;1
HJXXIII;2026;1;UNIDADE INTERNAÇÃO - QUEIMADOS MÉDIOS - 8º ANDAR;30
HJXXIII;2026;1;UTI;25
HJXXIII;2026;1;UTI -  PEDIATRICO 2º ANDAR;14
HJXXIII;2026;2;BLOCO CIRURGICO;55
HJXXIII;2026;2;PRONTO SOCORRO;541
HJXXIII;2026;2;UNIDADE INTERNAÇÃO - CIRURGIA GERAL 4º ANDAR;95
HJXXIII;2026;2;UNIDADE INTERNAÇÃO - CIRURGIA PLÁSTICA 7º ANDAR;81
HJXXIII;2026;2;UNIDADE INTERNAÇÃO - CLINICA CUIDADOS PROGRESSIVOS 3º ANDAR;16
HJXXIII;2026;2;UNIDADE INTERNAÇÃO - CLINICA MÉDICA 6º ANDAR;59
HJXXIII;2026;2;UNIDADE INTERNAÇÃO - CLINICA NEUROLOGICA 5º ANDAR;54
HJXXIII;2026;2;UNIDADE INTERNAÇÃO - QUEIMADOS MÉDIOS - 8º ANDAR;25
HJXXIII;2026;2;UTI;28
HJXXIII;2026;2;UTI -  PEDIATRICO 2º ANDAR;8
HJXXIII;2026;3;BLOCO CIRURGICO;57
HJXXIII;2026;3;PRONTO SOCORRO;662
HJXXIII;2026;3;UNIDADE INTERNAÇÃO - CIRURGIA GERAL 4º ANDAR;111
HJXXIII;2026;3;UNIDADE INTERNAÇÃO - CIRURGIA PLÁSTICA 7º ANDAR;100
HJXXIII;2026;3;UNIDADE INTERNAÇÃO - CLINICA CUIDADOS PROGRESSIVOS 3º ANDAR;15
HJXXIII;2026;3;UNIDADE INTERNAÇÃO - CLINICA MÉDICA 6º ANDAR;61
HJXXIII;2026;3;UNIDADE INTERNAÇÃO - CLINICA NEUROLOGICA 5º ANDAR;93
HJXXIII;2026;3;UNIDADE INTERNAÇÃO - QUEIMADOS GRAVES 9º ANDAR;1
HJXXIII;2026;3;UNIDADE INTERNAÇÃO - QUEIMADOS MÉDIOS - 8º ANDAR;29
HJXXIII;2026;3;UTI;23
HJXXIII;2026;3;UTI -  PEDIATRICO 2º ANDAR;30
HJXXIII;2026;4;BLOCO CIRURGICO;56
HJXXIII;2026;4;PRONTO SOCORRO;684
HJXXIII;2026;4;UNIDADE INTERNAÇÃO - CIRURGIA GERAL 4º ANDAR;99
HJXXIII;2026;4;UNIDADE INTERNAÇÃO - CIRURGIA PLÁSTICA 7º ANDAR;70
HJXXIII;2026;4;UNIDADE INTERNAÇÃO - CLINICA CUIDADOS PROGRESSIVOS 3º ANDAR;7
HJXXIII;2026;4;UNIDADE INTERNAÇÃO - CLINICA MÉDICA 6º ANDAR;62
HJXXIII;2026;4;UNIDADE INTERNAÇÃO - CLINICA NEUROLOGICA 5º ANDAR;76
HJXXIII;2026;4;UNIDADE INTERNAÇÃO - QUEIMADOS GRAVES 9º ANDAR;1
HJXXIII;2026;4;UNIDADE INTERNAÇÃO - QUEIMADOS MÉDIOS - 8º ANDAR;38
HJXXIII;2026;4;UTI;30
HJXXIII;2026;4;UTI -  PEDIATRICO 2º ANDAR;43
HJXXIII;2026;5;BLOCO CIRURGICO;52
HJXXIII;2026;5;PRONTO SOCORRO;666
HJXXIII;2026;5;UNIDADE INTERNAÇÃO - CIRURGIA GERAL 4º ANDAR;92
HJXXIII;2026;5;UNIDADE INTERNAÇÃO - CIRURGIA PLÁSTICA 7º ANDAR;100
HJXXIII;2026;5;UNIDADE INTERNAÇÃO - CLINICA CUIDADOS PROGRESSIVOS 3º ANDAR;17
HJXXIII;2026;5;UNIDADE INTERNAÇÃO - CLINICA MÉDICA 6º ANDAR;71
HJXXIII;2026;5;UNIDADE INTERNAÇÃO - CLINICA NEUROLOGICA 5º ANDAR;93
HJXXIII;2026;5;UNIDADE INTERNAÇÃO - QUEIMADOS GRAVES 9º ANDAR;2
HJXXIII;2026;5;UNIDADE INTERNAÇÃO - QUEIMADOS MÉDIOS - 8º ANDAR;37
HJXXIII;2026;5;UTI;34
HJXXIII;2026;5;UTI -  PEDIATRICO 2º ANDAR;76
HMAL;2026;1;UNIDADE DE INTERNAÇÃO - TRAUMATO/ORTOPEDIA B;80
HMAL;2026;1;UNIDADE INTERNAÇÃO - BUCO TRAUMATO ORTOPEDIA 2º ANDAR;1
HMAL;2026;2;UNIDADE DE INTERNAÇÃO - TRAUMATO/ORTOPEDIA B;44
HMAL;2026;3;UNIDADE DE INTERNAÇÃO - TRAUMATO/ORTOPEDIA B;43
HMAL;2026;4;UNIDADE DE INTERNAÇÃO - TRAUMATO/ORTOPEDIA B;37
HMAL;2026;5;UNIDADE DE INTERNAÇÃO - TRAUMATO/ORTOPEDIA B;36
HRAD;2026;1;ALOJAMENTO CONJUNTO;159
HRAD;2026;1;UNIDADE DE DECISAO CLINICA;125
HRAD;2026;1;UNIDADE INTERNAÇÃO - CLINICA CIRURGICA;119
HRAD;2026;1;UNIDADE INTERNAÇÃO - CLINICA MÉDICA;112
HRAD;2026;1;UNIDADE INTERNAÇÃO - CLINICA ORTOPÉDICA;145
HRAD;2026;1;UNIDADE INTERNAÇÃO - CLINICA PEDIÁTRICA;51
HRAD;2026;1;UTI - ADULTO;12
HRAD;2026;1;UTI - NEONATAL;1
HRAD;2026;2;ALOJAMENTO CONJUNTO;159
HRAD;2026;2;UNIDADE DE DECISAO CLINICA;81
HRAD;2026;2;UNIDADE INTERNAÇÃO - CLINICA CIRURGICA;110
HRAD;2026;2;UNIDADE INTERNAÇÃO - CLINICA MÉDICA;89
HRAD;2026;2;UNIDADE INTERNAÇÃO - CLINICA ORTOPÉDICA;108
HRAD;2026;2;UNIDADE INTERNAÇÃO - CLINICA PEDIÁTRICA;54
HRAD;2026;2;UTI - ADULTO;7
HRAD;2026;2;UTI - NEONATAL;4
HRAD;2026;3;ALOJAMENTO CONJUNTO;169
HRAD;2026;3;BLOCO OBSTÉTRICO;1
HRAD;2026;3;UNIDADE DE DECISAO CLINICA;116
HRAD;2026;3;UNIDADE INTERNAÇÃO - CLINICA CIRURGICA;114
HRAD;2026;3;UNIDADE INTERNAÇÃO - CLINICA MÉDICA;94
HRAD;2026;3;UNIDADE INTERNAÇÃO - CLINICA ORTOPÉDICA;141
HRAD;2026;3;UNIDADE INTERNAÇÃO - CLINICA PEDIÁTRICA;54
HRAD;2026;3;UTI - ADULTO;10
HRAD;2026;3;UTI - NEONATAL;3
HRAD;2026;4;ALOJAMENTO CONJUNTO;159
HRAD;2026;4;BLOCO OBSTÉTRICO;3
HRAD;2026;4;UNIDADE DE DECISAO CLINICA;110
HRAD;2026;4;UNIDADE INTERNAÇÃO - CLINICA CIRURGICA;130
HRAD;2026;4;UNIDADE INTERNAÇÃO - CLINICA MÉDICA;96
HRAD;2026;4;UNIDADE INTERNAÇÃO - CLINICA ORTOPÉDICA;124
HRAD;2026;4;UNIDADE INTERNAÇÃO - CLINICA PEDIÁTRICA;47
HRAD;2026;4;UTI - ADULTO;13
HRAD;2026;4;UTI - NEONATAL;3
HRAD;2026;5;ALOJAMENTO CONJUNTO;192
HRAD;2026;5;BLOCO OBSTÉTRICO;1
HRAD;2026;5;UNIDADE DE DECISAO CLINICA;157
HRAD;2026;5;UNIDADE INTERNAÇÃO - CLINICA CIRURGICA;113
HRAD;2026;5;UNIDADE INTERNAÇÃO - CLINICA MÉDICA;85
HRAD;2026;5;UNIDADE INTERNAÇÃO - CLINICA ORTOPÉDICA;65
HRAD;2026;5;UNIDADE INTERNAÇÃO - CLINICA PEDIÁTRICA;59
HRAD;2026;5;UTI - ADULTO;10
HRAD;2026;5;UTI - NEONATAL;3
HRBJA;2026;1;CLINICA CIRURGICA/HRB/CHB;117
HRBJA;2026;1;CLINICA MEDICA/HRB/CHB;86
HRBJA;2026;1;TRAUMATO-ORTOPEDIA CIRURGICA/CHPB/CHB;8
HRBJA;2026;1;UTI ADULTO/HRB/CHB;19
HRBJA;2026;1;UUE/INTERNAÇÃO/HRB/CHB;49
HRBJA;2026;2;CLINICA CIRURGICA/HRB/CHB;137
HRBJA;2026;2;CLINICA MEDICA/HRB/CHB;92
HRBJA;2026;2;TRAUMATO-ORTOPEDIA CIRURGICA/CHPB/CHB;9
HRBJA;2026;2;UCR-CIRURGICA/HRB/CHB;1
HRBJA;2026;2;UTI ADULTO/HRB/CHB;22
HRBJA;2026;2;UUE/INTERNAÇÃO/HRB/CHB;47
HRBJA;2026;3;BOARDING/HRB/CHB;3
HRBJA;2026;3;CLINICA CIRURGICA/HRB/CHB;180
HRBJA;2026;3;CLINICA MEDICA/HRB/CHB;60
HRBJA;2026;3;TRAUMATO-ORTOPEDIA CIRURGICA/CHPB/CHB;30
HRBJA;2026;3;UAVC-AGUDO/HRB/CHB;9
HRBJA;2026;3;UCR-CIRURGICA/HRB/CHB;25
HRBJA;2026;3;UTI ADULTO/HRB/CHB;22
HRBJA;2026;3;UUE/INTERNAÇÃO/HRB/CHB;5
HRBJA;2026;4;BOARDING/HRB/CHB;1
HRBJA;2026;4;CLINICA CIRURGICA/HRB/CHB;158
HRBJA;2026;4;CLINICA MEDICA/HRB/CHB;40
HRBJA;2026;4;TRAUMATO-ORTOPEDIA CIRURGICA/CHPB/CHB;19
HRBJA;2026;4;UAVC-AGUDO/HRB/CHB;12
HRBJA;2026;4;UCR-CIRURGICA/HRB/CHB;28
HRBJA;2026;4;UTI ADULTO/HRB/CHB;24
HRBJA;2026;5;BOARDING/HRB/CHB;4
HRBJA;2026;5;CLINICA CIRURGICA/HRB/CHB;166
HRBJA;2026;5;CLINICA MEDICA/HRB/CHB;39
HRBJA;2026;5;TRAUMATO-ORTOPEDIA CIRURGICA/CHPB/CHB;21
HRBJA;2026;5;UAVC-AGUDO/HRB/CHB;13
HRBJA;2026;5;UCR-CIRURGICA/HRB/CHB;30
HRBJA;2026;5;UTI ADULTO/HRB/CHB;24
HRJP;2026;1;ALOJAMENTO CONJUNTO /UNIDADE DE INTERNAÇÃO;170
HRJP;2026;1;UNIDADE INTERNAÇÃO - CLÍNICA CIRÚRGICA ALA A;14
HRJP;2026;1;UNIDADE INTERNAÇÃO - CLÍNICA CIRÚRGICA ALA B;10
HRJP;2026;1;UNIDADE INTERNAÇÃO - CLÍNICA CIRÚRGICA ALA C;1
HRJP;2026;1;UNIDADE INTERNAÇÃO - CLÍNICA MÉDICA ALA A;40
HRJP;2026;1;UNIDADE INTERNAÇÃO - CLÍNICA MÉDICA ALA B;53
HRJP;2026;1;UNIDADE INTERNAÇÃO - CLÍNICA PEDIÁTRICA;62
HRJP;2026;1;UNIDADE INTERNAÇÃO - CLÍNICA TISIOLÓGICA ALA B;2
HRJP;2026;1;UTI - ADULTO;11
HRJP;2026;1;UTI - NEONATAL I;6
HRJP;2026;1;UTI - PEDIÁTRICO;2
HRJP;2026;2;ALOJAMENTO CONJUNTO /UNIDADE DE INTERNAÇÃO;156
HRJP;2026;2;UNIDADE INTERNAÇÃO - CLÍNICA CIRÚRGICA ALA A;21
HRJP;2026;2;UNIDADE INTERNAÇÃO - CLÍNICA CIRÚRGICA ALA B;10
HRJP;2026;2;UNIDADE INTERNAÇÃO - CLÍNICA CIRÚRGICA ALA C;2
HRJP;2026;2;UNIDADE INTERNAÇÃO - CLÍNICA MÉDICA ALA A;52
HRJP;2026;2;UNIDADE INTERNAÇÃO - CLÍNICA MÉDICA ALA B;83
HRJP;2026;2;UNIDADE INTERNAÇÃO - CLÍNICA MÉDICA ALA C;2
HRJP;2026;2;UNIDADE INTERNAÇÃO - CLÍNICA PEDIÁTRICA;55
HRJP;2026;2;UNIDADE INTERNAÇÃO - CLÍNICA TISIOLÓGICA ALA B;2
HRJP;2026;2;UTI - ADULTO;11
HRJP;2026;2;UTI - PEDIÁTRICO;4
HRJP;2026;3;ALOJAMENTO CONJUNTO /UNIDADE DE INTERNAÇÃO;156
HRJP;2026;3;PRÉ-PARTO;1
HRJP;2026;3;UNIDADE INTERNAÇÃO - CLÍNICA CIRÚRGICA ALA A;29
HRJP;2026;3;UNIDADE INTERNAÇÃO - CLÍNICA CIRÚRGICA ALA B;43
HRJP;2026;3;UNIDADE INTERNAÇÃO - CLÍNICA MÉDICA ALA A;108
HRJP;2026;3;UNIDADE INTERNAÇÃO - CLÍNICA MÉDICA ALA B;79
HRJP;2026;3;UNIDADE INTERNAÇÃO - CLÍNICA MÉDICA ALA C;16
HRJP;2026;3;UNIDADE INTERNAÇÃO - CLÍNICA PEDIÁTRICA;72
HRJP;2026;3;UNIDADE INTERNAÇÃO - CLÍNICA PSIQUIÁTRICA ALA A;4
HRJP;2026;3;UNIDADE INTERNAÇÃO - CLÍNICA PSIQUIÁTRICA ALA C;1
HRJP;2026;3;UNIDADE INTERNAÇÃO - CLÍNICA TISIOLÓGICA ALA B;2
HRJP;2026;3;UTI - ADULTO;12
HRJP;2026;3;UTI - NEONATAL I;2
HRJP;2026;3;UTI - PEDIÁTRICO;2
HRJP;2026;4;ALOJAMENTO CONJUNTO /UNIDADE DE INTERNAÇÃO;180
HRJP;2026;4;PRÉ-PARTO;3
HRJP;2026;4;UNIDADE INTERNAÇÃO - CLÍNICA CIRÚRGICA ALA A;35
HRJP;2026;4;UNIDADE INTERNAÇÃO - CLÍNICA CIRÚRGICA ALA B;36
HRJP;2026;4;UNIDADE INTERNAÇÃO - CLÍNICA MÉDICA ALA A;102
HRJP;2026;4;UNIDADE INTERNAÇÃO - CLÍNICA MÉDICA ALA B;84
HRJP;2026;4;UNIDADE INTERNAÇÃO - CLÍNICA MÉDICA ALA C;6
HRJP;2026;4;UNIDADE INTERNAÇÃO - CLÍNICA PEDIÁTRICA;60
HRJP;2026;4;UNIDADE INTERNAÇÃO - CLÍNICA PSIQUIÁTRICA ALA A;2
HRJP;2026;4;UTI - ADULTO;17
HRJP;2026;4;UTI - NEONATAL I;1
HRJP;2026;4;UTI - PEDIÁTRICO;6
HRJP;2026;5;ALOJAMENTO CONJUNTO /UNIDADE DE INTERNAÇÃO;166
HRJP;2026;5;PRÉ-PARTO;2
HRJP;2026;5;UNIDADE DE INTERNAÇÃO - CLÍNICA DIP ALA C;15
HRJP;2026;5;UNIDADE INTERNAÇÃO - CLÍNICA CIRÚRGICA ALA A;17
HRJP;2026;5;UNIDADE INTERNAÇÃO - CLÍNICA CIRÚRGICA ALA B;29
HRJP;2026;5;UNIDADE INTERNAÇÃO - CLÍNICA CIRÚRGICA ALA C;19
HRJP;2026;5;UNIDADE INTERNAÇÃO - CLÍNICA MÉDICA ALA A;52
HRJP;2026;5;UNIDADE INTERNAÇÃO - CLÍNICA MÉDICA ALA B;81
HRJP;2026;5;UNIDADE INTERNAÇÃO - CLÍNICA MÉDICA ALA C;19
HRJP;2026;5;UNIDADE INTERNAÇÃO - CLÍNICA PEDIÁTRICA;57
HRJP;2026;5;UNIDADE INTERNAÇÃO - CLÍNICA PSIQUIÁTRICA ALA A;2
HRJP;2026;5;UNIDADE INTERNAÇÃO - CLÍNICA PSIQUIÁTRICA ALA C;3
HRJP;2026;5;UNIDADE INTERNAÇÃO - CLÍNICA TISIOLÓGICA ALA B;1
HRJP;2026;5;UNIDADE INTERNAÇÃO - CLÍNICA TISIOLÓGICA ALA C;1
HRJP;2026;5;UTI - ADULTO;17
HRJP;2026;5;UTI - NEONATAL I;2
HRJP;2026;5;UTI - PEDIÁTRICO;1
IRS;2026;1;ALA A;11
IRS;2026;1;ALA B;15
IRS;2026;1;ALA C;16
IRS;2026;1;ALA D;12
IRS;2026;1;UNIDADE URGÊNCIA/EMERGÊNCIA - OBSERVAÇÃO;4
IRS;2026;1;UTC - UNIDADE DE TRATAMENTO CLÍNICO;3
IRS;2026;2;ALA A;17
IRS;2026;2;ALA B;11
IRS;2026;2;ALA C;14
IRS;2026;2;ALA D;14
IRS;2026;2;UNIDADE URGÊNCIA/EMERGÊNCIA - OBSERVAÇÃO;5
IRS;2026;2;UTC - UNIDADE DE TRATAMENTO CLÍNICO;5
IRS;2026;3;ALA A;12
IRS;2026;3;ALA B;19
IRS;2026;3;ALA C;18
IRS;2026;3;ALA D;25
IRS;2026;3;UNIDADE URGÊNCIA/EMERGÊNCIA - OBSERVAÇÃO;16
IRS;2026;3;UTC - UNIDADE DE TRATAMENTO CLÍNICO;3
IRS;2026;4;ALA A;15
IRS;2026;4;ALA B;23
IRS;2026;4;ALA C;18
IRS;2026;4;ALA D;15
IRS;2026;4;UNIDADE URGÊNCIA/EMERGÊNCIA - OBSERVAÇÃO;14
IRS;2026;4;UTC - UNIDADE DE TRATAMENTO CLÍNICO;3
IRS;2026;5;ALA A;11
IRS;2026;5;ALA B;14
IRS;2026;5;ALA C;11
IRS;2026;5;ALA D;10
IRS;2026;5;UNIDADE URGÊNCIA/EMERGÊNCIA - OBSERVAÇÃO;8
IRS;2026;5;UTC - UNIDADE DE TRATAMENTO CLÍNICO;8
MOV;2026;1;ALOJAMENTO CONJUNTO;204
MOV;2026;1;CLINICA CIRÚRGICA;177
MOV;2026;1;PRÉ-PARTO;7
MOV;2026;1;SALA DE ESPERA - BLOCO CIRÚRGICO;3
MOV;2026;1;SALA DE ESPERA - BLOCO OBSTÉTRICO;1
MOV;2026;1;UNIDADE DE CUIDADO INTERMEDIÁRIO NEONATAL CANGURU;9
MOV;2026;1;UNIDADE DE CUIDADO INTERMEDIÁRIO NEONATAL CONVENCIONAL;20
MOV;2026;1;UNIDADE INTERNACAO ALTO-RISCO OBSTETRICO;95
MOV;2026;1;UNIDADE URGÊNCIA/EMERGÊNCIA - INTERNAÇÃO;21
MOV;2026;1;UTI - ADULTO;27
MOV;2026;1;UTI - NEONATAL;6
MOV;2026;2;ALOJAMENTO CONJUNTO;198
MOV;2026;2;CLINICA CIRÚRGICA;200
MOV;2026;2;PRÉ-PARTO;2
MOV;2026;2;SALA DE ESPERA - BLOCO CIRÚRGICO;1
MOV;2026;2;UNIDADE DE CUIDADO INTERMEDIÁRIO NEONATAL CANGURU;6
MOV;2026;2;UNIDADE DE CUIDADO INTERMEDIÁRIO NEONATAL CONVENCIONAL;21
MOV;2026;2;UNIDADE INTERNACAO ALTO-RISCO OBSTETRICO;100
MOV;2026;2;UNIDADE URGÊNCIA/EMERGÊNCIA - INTERNAÇÃO;20
MOV;2026;2;UTI - ADULTO;30
MOV;2026;2;UTI - NEONATAL;8
MOV;2026;3;ALOJAMENTO CONJUNTO;239
MOV;2026;3;CLINICA CIRÚRGICA;232
MOV;2026;3;PRÉ-PARTO;3
MOV;2026;3;SALA DE ESPERA - BLOCO CIRÚRGICO;2
MOV;2026;3;UNIDADE DE CUIDADO INTERMEDIÁRIO NEONATAL CANGURU;10
MOV;2026;3;UNIDADE DE CUIDADO INTERMEDIÁRIO NEONATAL CONVENCIONAL;28
MOV;2026;3;UNIDADE INTERNACAO ALTO-RISCO OBSTETRICO;96
MOV;2026;3;UNIDADE URGÊNCIA/EMERGÊNCIA - INTERNAÇÃO;21
MOV;2026;3;UTI - ADULTO;17
MOV;2026;3;UTI - NEONATAL;7
MOV;2026;4;ALOJAMENTO CONJUNTO;218
MOV;2026;4;CLINICA CIRÚRGICA;183
MOV;2026;4;PRÉ-PARTO;1
MOV;2026;4;SALA DE ESPERA - BLOCO CIRÚRGICO;4
MOV;2026;4;SALA DE ESPERA - BLOCO OBSTÉTRICO;3
MOV;2026;4;UNIDADE DE CUIDADO INTERMEDIÁRIO NEONATAL CANGURU;13
MOV;2026;4;UNIDADE DE CUIDADO INTERMEDIÁRIO NEONATAL CONVENCIONAL;28
MOV;2026;4;UNIDADE INTERNACAO ALTO-RISCO OBSTETRICO;96
MOV;2026;4;UNIDADE URGÊNCIA/EMERGÊNCIA - INTERNAÇÃO;16
MOV;2026;4;UTI - ADULTO;25
MOV;2026;4;UTI - NEONATAL;5
MOV;2026;5;ALOJAMENTO CONJUNTO;237
MOV;2026;5;CLINICA CIRÚRGICA;215
MOV;2026;5;PRÉ-PARTO;1
MOV;2026;5;SALA DE ESPERA - BLOCO CIRÚRGICO;2
MOV;2026;5;UNIDADE DE CUIDADO INTERMEDIÁRIO NEONATAL CANGURU;4
MOV;2026;5;UNIDADE DE CUIDADO INTERMEDIÁRIO NEONATAL CONVENCIONAL;27
MOV;2026;5;UNIDADE INTERNACAO ALTO-RISCO OBSTETRICO;100
MOV;2026;5;UNIDADE URGÊNCIA/EMERGÊNCIA - INTERNAÇÃO;34
MOV;2026;5;UTI - ADULTO;26
MOV;2026;5;UTI - NEONATAL;3
